transaction_id,user_id,transaction_date,amount,product_type,payment_status
T0000001,U000001,2026-03-14,361.56,Pro,Success
T0000002,U000008,2026-04-02,1083.35,Pro,Success
T0000003,U000031,2026-03-08,963.88,Basic,Success
T0000004,U000038,2026-03-11,339.15,Basic,Success
T0000005,U000052,2026-01-16,551.46,Pro,Success
T0000006,U000067,2026-01-09,,Basic,Success
T0000007,U000085,2026-04-23,973.73,Premium,Success
T0000008,U000091,2026-03-11,123.92,Basic,Success
T0000009,U000098,2026-01-26,876.94,Basic,Success
T0000010,U000101,2026-04-26,724.51,Premium,Success
T0000011,U000104,2026-04-04,1064.18,Premium,Success
T0000012,U000131,2026-02-23,322.4,Pro,Success
T0000013,U000133,2026-03-01,341.86,Pro,Success
T0000014,U000159,2026-03-30,354.59,Pro,Success
T0000015,U000191,2026-04-15,1262.01,Basic,Success
T0000016,U000206,2026-01-18,1133.96,Basic,Success
T0000017,U000220,2026-03-19,1258.02,Basic,Success
T0000018,U000254,2026-03-19,622.4,Basic,Success
T0000019,U000257,2026-02-17,121.79,Basic,Success
T0000020,U000265,2026-01-19,1772.89,Basic,Success
T0000021,U000282,2026-02-13,842.35,Pro,Success
T0000022,U000291,2026-04-01,351.71,Basic,Success
T0000023,U000296,2026-02-11,705.23,Basic,Success
T0000024,U000306,2026-02-25,844.48,Pro,Success
T0000025,U000310,2026-02-13,135.86,Premium,Success
T0000026,U000320,2026-02-08,613.19,Pro,Failed
T0000027,U000328,2026-03-25,716.47,Basic,Success
T0000028,U000349,2026-03-12,1015.38,Pro,Success
T0000029,U000360,2026-04-29,1315.71,Premium,Success
T0000030,U000369,2026-02-28,491.6,Pro,Success
T0000031,U000373,2026-03-06,485.52,Premium,Success
T0000032,U000393,2026-03-06,269.03,Premium,Success
T0000033,U000396,2026-02-16,334.72,Pro,Success
T0000034,U000411,2026-03-24,859.35,Basic,Success
T0000035,U000446,2026-03-24,1130.34,Basic,Failed
T0000036,U000455,2026-03-09,279.73,Basic,Success
T0000037,U000458,2026-03-27,395.8,Basic,Success
T0000038,U000459,2026-02-11,570.65,Pro,Success
T0000039,U000461,2026-04-23,545.62,Basic,Success
T0000040,U000480,2026-01-22,355.71,Pro,Success
T0000041,U000488,2026-02-26,445.1,Basic,Success
T0000042,U000527,2026-03-07,,Pro,Success
T0000043,U000533,2026-02-09,371.63,Basic,Success
T0000044,U000543,2026-04-09,343.37,Basic,Success
T0000045,U000549,2026-02-03,465.48,Premium,Success
T0000046,U000568,2026-03-13,361.07,Premium,Success
T0000047,U000586,2026-03-06,830.36,Pro,Success
T0000048,U000587,2026-01-19,1576.49,Pro,Success
T0000049,U000604,2026-04-23,510.27,Pro,Success
T0000050,U000613,2026-02-21,866.78,Pro,Success
T0000051,U000624,2026-03-18,1086.08,Premium,Success
T0000052,U000640,2026-02-23,657.36,Pro,Success
T0000053,U000653,2026-03-20,306.49,Pro,Success
T0000054,U000684,2026-03-18,279.19,Basic,Success
T0000055,U000690,2026-02-25,601.68,Basic,Success
T0000056,U000698,2026-01-29,1005.93,Premium,Success
T0000057,U000708,2026-02-14,234.02,Basic,Success
T0000058,U000709,2026-03-24,311.2,Basic,Success
T0000059,U000711,2026-04-24,1525.09,Premium,Success
T0000060,U000731,2026-04-11,1213.96,Basic,Success
T0000061,U000745,2026-03-26,431.65,Premium,Success
T0000062,U000753,2026-03-29,251.67,Basic,Success
T0000063,U000771,2026-02-12,1273.43,Basic,Success
T0000064,U000791,2026-04-01,310.05,Pro,Success
T0000065,U000795,2026-03-04,706.51,Pro,Success
T0000066,U000807,2026-01-08,298.93,Pro,Success
T0000067,U000809,2026-02-18,974.38,Basic,Success
T0000068,U000842,2026-03-26,766.21,Basic,Success
T0000069,U000876,2026-02-22,516.9,Basic,Success
T0000070,U000886,2026-02-18,335.91,Pro,Success
T0000071,U000887,2026-04-02,1690.48,Basic,Success
T0000072,U000899,2026-03-13,228.65,Basic,Success
T0000073,U000919,2026-01-18,544.6,Basic,Success
T0000074,U000923,2026-02-06,515.87,Basic,Success
T0000075,U000925,2026-03-17,432.67,Basic,Success
T0000076,U000942,2026-01-21,866.03,Basic,Success
T0000077,U000943,2026-03-29,823.76,Premium,Success
T0000078,U000946,2026-02-12,313.08,Premium,Success
T0000079,U000963,2026-02-08,2406.05,Pro,Success
T0000080,U000965,2026-01-29,568.88,Basic,Success
T0000081,U000992,2026-03-30,482.3,Premium,Success
T0000082,U001003,2026-03-16,766.79,Basic,Success
T0000083,U001005,2026-03-05,132.33,Pro,Success
T0000084,U001018,2026-02-28,583.21,Basic,Success
T0000085,U001046,2026-02-27,208.58,Basic,Success
T0000086,U001050,2026-02-26,1138.07,Basic,Success
T0000087,U001052,2026-02-09,878.53,Basic,Success
T0000088,U001057,2026-03-31,703.95,Basic,Success
T0000089,U001069,2026-02-20,1043.75,Pro,Failed
T0000090,U001100,2026-04-15,368.34,Basic,Success
T0000091,U001108,2026-02-11,788.35,Basic,Success
T0000092,U001114,2026-03-02,570.58,Basic,Success
T0000093,U001118,2026-01-07,1315.6,Pro,Failed
T0000094,U001121,2026-04-28,485.6,Premium,Success
T0000095,U001123,2026-03-06,766.38,Premium,Success
T0000096,U001126,2026-01-19,669.68,Basic,Success
T0000097,U001180,2026-03-04,410.03,Pro,Success
T0000098,U001182,2026-01-20,1054.86,Basic,Success
T0000099,U001193,2026-03-13,668.32,Premium,Success
T0000100,U001242,2026-03-07,1678.04,Pro,Success
T0000101,U001244,2026-04-04,1444.41,Basic,Success
T0000102,U001250,2026-04-13,897.1,Premium,Success
T0000103,U001264,2026-04-05,441.48,Pro,Success
T0000104,U001282,2026-02-06,217.57,Premium,Success
T0000105,U001306,2026-02-15,356.96,Basic,Success
T0000106,U001330,2026-03-16,304.9,Premium,Success
T0000107,U001383,2026-03-18,764.19,Premium,Success
T0000108,U001385,2026-03-13,892.07,Pro,Success
T0000109,U001393,2026-02-10,396.53,Pro,Success
T0000110,U001399,2026-02-10,639.73,Pro,Success
T0000111,U001414,2026-02-13,761.77,Basic,Success
T0000112,U001418,2026-02-11,172.46,Basic,Success
T0000113,U001419,2026-03-24,955.06,Premium,Success
T0000114,U001422,2026-03-01,101.28,Basic,Success
T0000115,U001424,2026-03-23,699.63,Pro,Success
T0000116,U001449,2026-04-20,440.69,Basic,Success
T0000117,U001450,2026-02-23,191.8,Basic,Failed
T0000118,U001460,2026-02-06,695.21,Pro,Success
T0000119,U001476,2026-03-07,170.03,Basic,Success
T0000120,U001478,2026-02-23,655.24,Pro,Success
T0000121,U001483,2026-03-06,1352.33,Premium,Success
T0000122,U001488,2026-03-14,1043.7,Basic,Success
T0000123,U001520,2026-04-16,824.96,Basic,Success
T0000124,U001525,2026-01-13,467.84,Premium,Failed
T0000125,U001527,2026-02-19,1990.16,Basic,Success
T0000126,U001535,2026-04-22,440.58,Basic,Success
T0000127,U001546,2026-01-26,225.7,Basic,Success
T0000128,U001562,2026-04-05,259.09,Pro,Success
T0000129,U001563,2026-04-19,697.5,Pro,Success
T0000130,U001566,2026-01-30,462.74,Basic,Success
T0000131,U001592,2026-03-27,369.39,Premium,Success
T0000132,U001595,2026-03-27,1840.31,Pro,Success
T0000133,U001651,2026-01-30,300.38,Pro,Success
T0000134,U001665,2026-02-21,252.8,Pro,Success
T0000135,U001672,2026-01-19,797.1,Basic,Success
T0000136,U001684,2026-02-12,614.45,Basic,Success
T0000137,U001698,2026-03-25,205.2,Basic,Success
T0000138,U001702,2026-02-27,587.06,Pro,Success
T0000139,U001717,2026-02-11,426.81,Pro,Success
T0000140,U001729,2026-04-12,360.38,Basic,Success
T0000141,U001736,2026-03-21,404.02,Basic,Success
T0000142,U001756,2026-03-31,400.29,Pro,Success
T0000143,U001757,2026-03-29,949.37,Basic,Success
T0000144,U001773,2026-01-22,944.43,Basic,Success
T0000145,U001792,2026-02-09,585.81,Premium,Success
T0000146,U001803,2026-02-08,767.41,Pro,Success
T0000147,U001809,2026-01-27,340.5,Basic,Success
T0000148,U001810,2026-03-12,371.34,Basic,Success
T0000149,U001818,2026-04-11,703.11,Basic,Success
T0000150,U001821,2026-04-09,360.8,Premium,Success
T0000151,U001827,2026-03-15,660.6,Premium,Success
T0000152,U001879,2026-03-19,590.18,Basic,Failed
T0000153,U001896,2026-01-09,1456.52,Pro,Success
T0000154,U001912,2026-04-10,280.25,Pro,Success
T0000155,U001925,2026-02-02,482.63,Pro,Success
T0000156,U001933,2026-04-01,1190.07,Basic,Success
T0000157,U001935,2026-02-12,883.06,Basic,Success
T0000158,U001945,2026-04-08,270.29,Premium,Success
T0000159,U001957,2026-04-12,262.35,Basic,Success
T0000160,U001961,2026-04-01,622.04,Pro,Success
T0000161,U001963,2026-03-18,581.41,Basic,Success
T0000162,U001973,2026-03-17,1021.65,Basic,Success
T0000163,U001977,2026-02-09,633.96,Basic,Success
T0000164,U001985,2026-03-27,1344.54,Pro,Success
T0000165,U001988,2026-03-06,913.1,Basic,Success
T0000166,U002000,2026-02-21,650.43,Pro,Success
T0000167,U002003,2026-02-02,1841.25,Premium,Success
T0000168,U002015,2026-03-14,482.35,Basic,Success
T0000169,U002019,2026-04-26,999.31,Basic,Success
T0000170,U002025,2026-02-13,146.57,Basic,Success
T0000171,U002084,2026-02-22,679.41,Basic,Success
T0000172,U002089,2026-03-29,385.7,Basic,Success
T0000173,U002094,2026-02-02,681.87,Pro,Success
T0000174,U002102,2026-01-31,686.76,Premium,Success
T0000175,U002105,2026-01-14,206.67,Pro,Success
T0000176,U002119,2026-03-24,295.86,Pro,Success
T0000177,U002134,2026-03-14,1060.32,Premium,Success
T0000178,U002139,2026-02-24,893.28,Basic,Success
T0000179,U002163,2026-03-09,185.52,Basic,Success
T0000180,U002167,2026-01-11,838.93,Basic,Success
T0000181,U002168,2026-03-20,343.26,Basic,Success
T0000182,U002172,2026-03-07,827.02,Pro,Success
T0000183,U002194,2026-03-22,694.62,Pro,Success
T0000184,U002212,2026-02-06,252.22,Basic,Success
T0000185,U002219,2026-04-08,1162.43,Basic,Success
T0000186,U002235,2026-03-22,429.55,Basic,Failed
T0000187,U002238,2026-03-14,533.46,Basic,Success
T0000188,U002259,2026-03-02,622.71,Pro,Success
T0000189,U002277,2026-02-25,466.63,Pro,Success
T0000190,U002279,2026-01-27,477.49,Basic,Success
T0000191,U002294,2026-01-27,677.91,Basic,Success
T0000192,U002299,2026-01-25,880.19,Premium,Success
T0000193,U002302,2026-02-07,250.1,Pro,Success
T0000194,U002305,2026-03-30,321.32,Pro,Success
T0000195,U002310,2026-02-17,1204.75,Basic,Success
T0000196,U002327,2026-04-03,296.26,Basic,Success
T0000197,U002329,2026-03-22,513.78,Pro,Success
T0000198,U002334,2026-03-14,675.45,Premium,Success
T0000199,U002344,2026-02-21,811.84,Pro,Success
T0000200,U002360,2026-01-31,935.54,Pro,Success
T0000201,U002362,2026-03-04,700.12,Basic,Success
T0000202,U002389,2026-03-29,717.8,Basic,Success
T0000203,U002440,2026-03-03,581.01,Pro,Success
T0000204,U002445,2026-03-11,601.09,Basic,Success
T0000205,U002450,2026-03-17,252.21,Premium,Success
T0000206,U002478,2026-02-03,1204.65,Pro,Success
T0000207,U002511,2026-04-03,174.33,Premium,Success
T0000208,U002527,2026-03-23,312.71,Basic,Success
T0000209,U002537,2026-01-27,392.24,Premium,Success
T0000210,U002546,2026-02-26,503.31,Basic,Success
T0000211,U002556,2026-01-17,1025.18,Pro,Success
T0000212,U002561,2026-03-12,439.56,Basic,Success
T0000213,U002563,2026-03-07,502.69,Basic,Success
T0000214,U002574,2026-01-09,567.7,Pro,Success
T0000215,U002583,2026-02-08,1144.84,Basic,Success
T0000216,U002601,2026-02-20,693.86,Pro,Success
T0000217,U002616,2026-02-21,834.0,Basic,Success
T0000218,U002628,2026-03-06,165.1,Basic,Failed
T0000219,U002629,2026-04-19,438.86,Basic,Success
T0000220,U002642,2026-02-15,1828.31,Basic,Success
T0000221,U002647,2026-01-28,724.69,Basic,Success
T0000222,U002668,2026-04-23,369.25,Basic,Success
T0000223,U002694,2026-04-10,854.41,Basic,Success
T0000224,U002699,2026-03-05,594.33,Basic,Success
T0000225,U002709,2026-03-22,235.95,Pro,Success
T0000226,U002710,2026-03-15,676.82,Pro,Success
T0000227,U002723,2026-04-07,728.77,Basic,Success
T0000228,U002734,2026-03-20,222.69,Basic,Success
T0000229,U002746,2026-02-09,345.33,Pro,Success
T0000230,U002750,2026-02-19,559.02,Pro,Success
T0000231,U002768,2026-02-28,804.73,Pro,Success
T0000232,U002774,2026-03-18,800.37,Basic,Success
T0000233,U002775,2026-02-12,635.73,Basic,Success
T0000234,U002777,2026-03-20,476.71,Pro,Success
T0000235,U002785,2026-02-21,627.76,Premium,Success
T0000236,U002802,2026-02-05,812.63,Basic,Success
T0000237,U002806,2026-03-05,404.58,Premium,Success
T0000238,U002826,2026-01-25,290.72,Pro,Success
T0000239,U002840,2026-02-10,582.02,Pro,Success
T0000240,U002855,2026-04-16,555.01,Pro,Success
T0000241,U002863,2026-04-11,1336.63,Pro,Success
T0000242,U002879,2026-03-23,1037.59,Basic,Success
T0000243,U002884,2026-02-16,970.65,Premium,Success
T0000244,U002886,2026-03-14,384.32,Premium,Success
T0000245,U002890,2026-02-22,219.55,Pro,Success
T0000246,U002903,2026-02-17,219.19,Basic,Success
T0000247,U002921,2026-04-02,829.11,Basic,Success
T0000248,U002925,2026-02-16,556.58,Basic,Success
T0000249,U002951,2026-04-12,1391.12,Basic,Failed
T0000250,U002958,2026-02-05,494.87,Basic,Success
T0000251,U002962,2026-02-16,1059.23,Basic,Failed
T0000252,U002970,2026-04-03,655.51,Pro,Success
T0000253,U002993,2026-02-11,338.21,Premium,Failed
T0000254,U003001,2026-03-27,1062.62,Pro,Success
T0000255,U003004,2026-01-27,1326.03,Basic,Success
T0000256,U003019,2026-02-25,586.85,Basic,Failed
T0000257,U003020,2026-03-31,951.23,Basic,Success
T0000258,U003034,2026-01-31,557.22,Pro,Success
T0000259,U003051,2026-01-06,662.94,Basic,Success
T0000260,U003069,2026-01-20,1219.35,Pro,Success
T0000261,U003096,2026-04-23,521.14,Basic,Success
T0000262,U003102,2026-02-11,595.49,Pro,Success
T0000263,U003106,2026-03-30,327.56,Pro,Success
T0000264,U003152,2026-03-15,230.23,Pro,Success
T0000265,U003193,2026-03-19,206.6,Basic,Success
T0000266,U003198,2026-03-16,1195.19,Basic,Success
T0000267,U003207,2026-01-21,846.27,Pro,Success
T0000268,U003216,2026-02-11,303.57,Basic,Success
T0000269,U003217,2026-02-21,556.73,Basic,Success
T0000270,U003237,2026-01-27,844.24,Premium,Success
T0000271,U003241,2026-02-16,493.99,Pro,Success
T0000272,U003242,2026-02-14,1141.09,Premium,Success
T0000273,U003246,2026-03-27,488.36,Basic,Success
T0000274,U003247,2026-02-27,1660.77,Premium,Success
T0000275,U003270,2026-04-12,972.6,Basic,Success
T0000276,U003272,2026-01-22,647.89,Pro,Success
T0000277,U003277,2026-03-14,811.59,Basic,Success
T0000278,U003284,2026-03-11,244.39,Premium,Success
T0000279,U003305,2026-01-13,284.2,Basic,Success
T0000280,U003314,2026-03-18,644.89,Basic,Success
T0000281,U003328,2026-03-10,253.5,Basic,Success
T0000282,U003480,2026-02-10,481.55,Basic,Success
T0000283,U003483,2026-02-11,656.32,Pro,Success
T0000284,U003498,2026-02-24,1351.08,Basic,Success
T0000285,U003502,2026-02-26,215.59,Pro,Success
T0000286,U003506,2026-03-12,673.04,Pro,Success
T0000287,U003517,2026-04-07,1166.5,Pro,Success
T0000288,U003528,2026-04-08,384.65,Basic,Success
T0000289,U003536,2026-03-25,453.48,Pro,Success
T0000290,U003540,2026-03-10,749.37,Basic,Success
T0000291,U003553,2026-02-28,159.17,Pro,Success
T0000292,U003565,2026-01-17,380.13,Basic,Success
T0000293,U003567,2026-03-22,1628.46,Pro,Success
T0000294,U003583,2026-01-27,555.77,Basic,Success
T0000295,U003599,2026-03-19,370.06,Basic,Success
T0000296,U003600,2026-04-16,704.75,Pro,Success
T0000297,U003608,2026-04-01,610.59,Pro,Success
T0000298,U003615,2026-01-20,1227.65,Basic,Success
T0000299,U003635,2026-03-19,1010.24,Premium,Success
T0000300,U003656,2026-04-06,432.32,Pro,Success
T0000301,U003664,2026-02-10,758.76,Basic,Success
T0000302,U003673,2026-03-10,336.65,Basic,Success
T0000303,U003681,2026-03-25,475.07,Pro,Success
T0000304,U003691,2026-02-12,1145.11,Basic,Success
T0000305,U003701,2026-04-22,425.63,Premium,Success
T0000306,U003731,2026-02-22,872.6,Basic,Success
T0000307,U003734,2026-02-02,1009.92,Basic,Success
T0000308,U003753,2026-01-31,193.48,Premium,Success
T0000309,U003763,2026-02-04,924.2,Pro,Success
T0000310,U003775,2026-03-03,422.86,Pro,Success
T0000311,U003785,2026-03-25,917.17,Basic,Success
T0000312,U003798,2026-03-25,357.84,Pro,Failed
T0000313,U003810,2026-03-10,181.7,Pro,Success
T0000314,U003813,2026-02-28,1052.29,Basic,Success
T0000315,U003827,2026-04-13,1388.94,Basic,Success
T0000316,U003852,2026-02-03,196.22,Premium,Success
T0000317,U003862,2026-01-27,450.5,Pro,Success
T0000318,U003863,2026-03-24,895.52,Pro,Success
T0000319,U003866,2026-03-10,1239.32,Pro,Success
T0000320,U003877,2026-02-16,1224.78,Basic,Success
T0000321,U003882,2026-02-24,1729.22,Basic,Success
T0000322,U003916,2026-01-12,913.62,Basic,Success
T0000323,U003927,2026-02-27,851.03,Pro,Success
T0000324,U003928,2026-01-22,404.08,Basic,Success
T0000325,U003932,2026-04-01,667.03,Premium,Success
T0000326,U003946,2026-01-15,695.2,Basic,Success
T0000327,U003968,2026-03-03,1029.77,Pro,Success
T0000328,U003969,2026-03-31,559.79,Basic,Success
T0000329,U003973,2026-03-03,580.44,Basic,Success
T0000330,U003979,2026-03-27,409.73,Pro,Success
T0000331,U003981,2026-02-15,825.4,Premium,Success
T0000332,U004012,2026-02-06,770.68,Basic,Success
T0000333,U004028,2026-02-07,460.29,Pro,Success
T0000334,U004054,2026-03-14,545.06,Basic,Failed
T0000335,U004061,2026-02-23,,Basic,Success
T0000336,U004067,2026-03-14,1019.66,Pro,Success
T0000337,U004083,2026-02-13,499.97,Basic,Success
T0000338,U004101,2026-02-04,1152.61,Pro,Success
T0000339,U004104,2026-02-07,1112.82,Premium,Success
T0000340,U004123,2026-02-17,1887.1,Basic,Success
T0000341,U004155,2026-04-07,735.99,Basic,Success
T0000342,U004161,2026-03-24,1519.73,Pro,Success
T0000343,U004162,2026-03-05,854.56,Pro,Success
T0000344,U004171,2026-02-08,339.43,Basic,Success
T0000345,U004179,2026-03-13,397.2,Pro,Success
T0000346,U004190,2026-02-27,310.5,Basic,Success
T0000347,U004217,2026-03-01,889.72,Basic,Success
T0000348,U004221,2026-03-12,79.5,Basic,Success
T0000349,U004232,2026-01-11,83.83,Premium,Success
T0000350,U004238,2026-03-11,945.28,Pro,Failed
T0000351,U004247,2026-02-12,1233.45,Premium,Success
T0000352,U004250,2026-01-29,682.69,Premium,Success
T0000353,U004252,2026-03-14,493.85,Basic,Success
T0000354,U004258,2026-01-29,841.34,Basic,Success
T0000355,U004284,2026-03-09,1444.45,Pro,Success
T0000356,U004317,2026-04-14,728.04,Pro,Success
T0000357,U004326,2026-02-13,411.07,Basic,Success
T0000358,U004328,2026-03-09,583.56,Premium,Success
T0000359,U004376,2026-02-10,931.15,Pro,Success
T0000360,U004382,2026-04-08,362.85,Basic,Success
T0000361,U004418,2026-03-13,568.88,Basic,Success
T0000362,U004435,2026-03-09,781.85,Basic,Success
T0000363,U004450,2026-01-10,601.48,Basic,Success
T0000364,U004453,2026-04-06,613.66,Basic,Success
T0000365,U004455,2026-04-04,1143.71,Premium,Success
T0000366,U004468,2026-03-30,985.02,Basic,Success
T0000367,U004472,2026-04-06,324.2,Pro,Success
T0000368,U004488,2026-04-19,285.5,Basic,Success
T0000369,U004509,2026-03-03,673.75,Pro,Failed
T0000370,U004517,2026-03-21,907.64,Basic,Success
T0000371,U004519,2026-04-06,329.2,Basic,Success
T0000372,U004538,2026-03-02,1189.21,Basic,Success
T0000373,U004554,2026-02-07,1112.82,Basic,Success
T0000374,U004556,2026-02-09,587.59,Basic,Success
T0000375,U004558,2026-01-28,1792.08,Premium,Success
T0000376,U004565,2026-03-06,584.42,Pro,Success
T0000377,U004572,2026-03-17,98.87,Basic,Success
T0000378,U004580,2026-03-29,564.27,Pro,Success
T0000379,U004613,2026-02-21,541.21,Pro,Failed
T0000380,U004614,2026-04-02,481.47,Basic,Success
T0000381,U004652,2026-03-19,972.97,Pro,Success
T0000382,U004685,2026-01-26,838.74,Basic,Success
T0000383,U004687,2026-02-19,329.9,Pro,Success
T0000384,U004703,2026-02-08,1192.76,Premium,Success
T0000385,U004708,2026-03-24,1241.92,Premium,Success
T0000386,U004722,2026-03-10,253.31,Pro,Failed
T0000387,U004728,2026-03-28,283.56,Basic,Success
T0000388,U004729,2026-03-05,247.01,Basic,Success
T0000389,U004748,2026-03-21,897.74,Pro,Success
T0000390,U004778,2026-01-13,941.06,Premium,Success
T0000391,U004790,2026-04-13,1283.0,Basic,Success
T0000392,U004794,2026-02-07,327.97,Basic,Failed
T0000393,U004799,2026-01-25,551.28,Pro,Success
T0000394,U004826,2026-02-17,1094.01,Pro,Success
T0000395,U004844,2026-02-23,929.77,Basic,Success
T0000396,U004846,2026-01-30,662.27,Basic,Success
T0000397,U004860,2026-03-26,1234.88,Premium,Success
T0000398,U004884,2026-04-26,878.7,Premium,Success
T0000399,U004896,2026-02-10,583.55,Basic,Success
T0000400,U004900,2026-01-13,995.84,Pro,Success
T0000401,U004922,2026-04-05,951.34,Pro,Success
T0000402,U004923,2026-02-23,378.11,Basic,Success
T0000403,U004925,2026-04-06,422.04,Premium,Success
T0000404,U004930,2026-01-11,1118.78,Premium,Success
T0000405,U004956,2026-02-18,914.43,Basic,Success
T0000406,U004962,2026-03-04,885.45,Basic,Success
T0000407,U004964,2026-03-08,967.11,Basic,Success
T0000408,U005023,2026-03-10,379.52,Premium,Success
T0000409,U005029,2026-02-01,800.86,Basic,Success
T0000410,U005047,2026-02-21,740.51,Pro,Success
T0000411,U005054,2026-01-23,694.38,Premium,Success
T0000412,U005059,2026-04-19,996.22,Pro,Success
T0000413,U005064,2026-03-29,919.52,Premium,Success
T0000414,U005067,2026-04-27,416.26,Basic,Success
T0000415,U005075,2026-03-01,422.07,Basic,Success
T0000416,U005079,2026-03-06,696.15,Basic,Success
T0000417,U005098,2026-03-04,454.27,Pro,Success
T0000418,U005107,2026-04-11,116.08,Pro,Success
T0000419,U005108,2026-01-30,1166.41,Basic,Success
T0000420,U005113,2026-03-11,305.51,Pro,Success
T0000421,U005114,2026-02-07,1457.22,Basic,Success
T0000422,U005124,2026-03-05,316.51,Basic,Success
T0000423,U005127,2026-02-25,130.32,Basic,Success
T0000424,U005148,2026-02-12,176.77,Pro,Success
T0000425,U005165,2026-03-14,283.67,Pro,Success
T0000426,U005175,2026-03-03,222.02,Basic,Success
T0000427,U005186,2026-02-14,323.76,Premium,Success
T0000428,U005187,2026-02-18,475.86,Basic,Success
T0000429,U005189,2026-04-01,600.1,Pro,Failed
T0000430,U005217,2026-03-18,1367.1,Pro,Success
T0000431,U005224,2026-02-04,1119.66,Pro,Success
T0000432,U005233,2026-02-22,837.53,Basic,Success
T0000433,U005254,2026-02-09,711.2,Basic,Success
T0000434,U005259,2026-01-29,181.13,Basic,Success
T0000435,U005263,2026-04-09,940.27,Basic,Success
T0000436,U005272,2026-03-05,661.09,Basic,Success
T0000437,U005279,2026-04-23,838.98,Basic,Success
T0000438,U005283,2026-04-09,291.89,Pro,Success
T0000439,U005287,2026-03-13,615.54,Pro,Success
T0000440,U005295,2026-04-21,717.38,Pro,Success
T0000441,U005296,2026-03-10,241.32,Premium,Success
T0000442,U005299,2026-03-12,1107.61,Pro,Success
T0000443,U005301,2026-02-01,109.83,Pro,Success
T0000444,U005311,2026-04-21,978.97,Premium,Success
T0000445,U005332,2026-03-08,412.59,Pro,Success
T0000446,U005338,2026-03-13,518.93,Basic,Success
T0000447,U005339,2026-03-01,582.17,Pro,Success
T0000448,U005377,2026-03-08,639.63,Basic,Success
T0000449,U005391,2026-03-26,721.98,Basic,Success
T0000450,U005394,2026-02-01,1251.38,Basic,Success
T0000451,U005436,2026-02-03,1154.12,Pro,Success
T0000452,U005471,2026-01-13,501.99,Pro,Success
T0000453,U005480,2026-03-15,263.83,Premium,Success
T0000454,U005484,2026-03-13,348.13,Basic,Success
T0000455,U005489,2026-01-18,883.63,Pro,Success
T0000456,U005501,2026-03-08,135.96,Basic,Success
T0000457,U005503,2026-01-21,285.08,Basic,Success
T0000458,U005525,2026-01-27,276.88,Premium,Success
T0000459,U005530,2026-03-29,139.71,Pro,Success
T0000460,U005552,2026-03-06,445.54,Pro,Success
T0000461,U005553,2026-02-06,817.09,Pro,Failed
T0000462,U005555,2026-03-16,403.04,Basic,Success
T0000463,U005556,2026-03-20,1271.22,Basic,Success
T0000464,U005569,2026-03-25,316.36,Basic,Success
T0000465,U005575,2026-04-01,261.82,Pro,Success
T0000466,U005580,2026-01-30,386.33,Pro,Success
T0000467,U005582,2026-04-14,1011.64,Pro,Failed
T0000468,U005584,2026-01-18,723.1,Premium,Success
T0000469,U005594,2026-03-03,270.98,Basic,Success
T0000470,U005601,2026-02-14,662.63,Basic,Success
T0000471,U005615,2026-02-21,1083.4,Premium,Success
T0000472,U005625,2026-02-16,1070.31,Pro,Success
T0000473,U005641,2026-02-15,1375.31,Basic,Success
T0000474,U005653,2026-03-23,288.36,Basic,Success
T0000475,U005675,2026-03-21,727.9,Basic,Success
T0000476,U005692,2026-04-25,911.03,Basic,Success
T0000477,U005711,2026-02-26,558.1,Pro,Success
T0000478,U005741,2026-03-26,920.21,Basic,Success
T0000479,U005748,2026-04-02,1003.41,Basic,Success
T0000480,U005751,2026-04-06,1431.76,Pro,Failed
T0000481,U005760,2026-02-11,625.26,Pro,Success
T0000482,U005766,2026-01-21,371.16,Basic,Success
T0000483,U005770,2026-03-19,614.34,Basic,Success
T0000484,U005781,2026-03-30,389.95,Basic,Success
T0000485,U005806,2026-03-18,359.2,Basic,Success
T0000486,U005812,2026-02-13,323.17,Pro,Success
T0000487,U005816,2026-01-27,403.67,Pro,Success
T0000488,U005853,2026-01-22,1074.52,Basic,Success
T0000489,U005873,2026-03-01,1092.16,Pro,Success
T0000490,U005878,2026-04-22,392.35,Basic,Success
T0000491,U005882,2026-03-17,1101.03,Pro,Success
T0000492,U005888,2026-04-02,307.35,Basic,Success
T0000493,U005904,2026-02-24,255.11,Basic,Success
T0000494,U005908,2026-03-04,298.57,Basic,Success
T0000495,U005915,2026-03-15,700.47,Basic,Success
T0000496,U005919,2026-03-22,476.39,Pro,Success
T0000497,U005925,2026-03-03,495.56,Basic,Success
T0000498,U005927,2026-02-03,548.73,Basic,Success
T0000499,U005930,2026-03-25,866.62,Premium,Success
T0000500,U005953,2026-03-20,538.08,Pro,Success
T0000501,U005964,2026-03-18,437.74,Basic,Success
T0000502,U005975,2026-04-12,308.4,Basic,Success
T0000503,U006001,2026-04-24,467.92,Basic,Success
T0000504,U006002,2026-03-11,300.38,Pro,Success
T0000505,U006008,2026-04-02,704.69,Pro,Success
T0000506,U006016,2026-01-23,610.66,Basic,Success
T0000507,U006035,2026-04-10,375.52,Premium,Success
T0000508,U006048,2026-02-22,675.66,Pro,Failed
T0000509,U006055,2026-02-13,777.97,Premium,Success
T0000510,U006061,2026-03-05,366.83,Pro,Success
T0000511,U006062,2026-02-28,376.77,Premium,Success
T0000512,U006089,2026-03-10,1265.54,Premium,Success
T0000513,U006090,2026-02-25,648.84,Pro,Success
T0000514,U006094,2026-02-18,370.05,Basic,Success
T0000515,U006099,2026-02-05,1505.0,Pro,Success
T0000516,U006105,2026-03-14,163.61,Basic,Success
T0000517,U006125,2026-02-28,596.95,Pro,Success
T0000518,U006133,2026-02-09,811.37,Premium,Success
T0000519,U006138,2026-02-19,458.2,Premium,Success
T0000520,U006158,2026-01-09,187.84,Basic,Success
T0000521,U006170,2026-04-20,534.22,Pro,Success
T0000522,U006184,2026-04-09,820.5,Premium,Success
T0000523,U006213,2026-02-26,840.24,Pro,Success
T0000524,U006214,2026-03-27,547.22,Pro,Success
T0000525,U006222,2026-03-04,973.83,Basic,Failed
T0000526,U006225,2026-02-01,803.25,Basic,Success
T0000527,U006240,2026-02-11,333.81,Premium,Success
T0000528,U006247,2026-03-18,663.19,Pro,Success
T0000529,U006251,2026-03-25,306.01,Pro,Success
T0000530,U006253,2026-02-11,350.04,Pro,Failed
T0000531,U006274,2026-02-07,679.45,Basic,Success
T0000532,U006277,2026-03-04,475.32,Basic,Success
T0000533,U006296,2026-02-12,527.49,Basic,Success
T0000534,U006307,2026-03-21,369.83,Pro,Success
T0000535,U006313,2026-02-07,104.4,Basic,Success
T0000536,U006325,2026-04-11,615.37,Pro,Success
T0000537,U006330,2026-01-26,804.35,Basic,Success
T0000538,U006335,2026-02-24,816.82,Premium,Success
T0000539,U006385,2026-01-27,950.23,Premium,Success
T0000540,U006420,2026-01-16,518.47,Basic,Failed
T0000541,U006421,2026-04-04,538.76,Premium,Success
T0000542,U006427,2026-02-09,764.76,Basic,Success
T0000543,U006452,2026-03-06,670.82,Basic,Success
T0000544,U006465,2026-04-11,464.62,Pro,Success
T0000545,U006475,2026-04-06,239.74,Pro,Success
T0000546,U006476,2026-03-01,,Premium,Success
T0000547,U006480,2026-03-14,369.29,Basic,Success
T0000548,U006512,2026-04-04,626.11,Pro,Success
T0000549,U006522,2026-03-27,1084.28,Pro,Success
T0000550,U006533,2026-04-11,596.92,Premium,Success
T0000551,U006545,2026-01-18,869.48,Pro,Success
T0000552,U006548,2026-03-27,106.46,Pro,Success
T0000553,U006570,2026-02-24,369.93,Pro,Success
T0000554,U006574,2026-04-08,1183.67,Pro,Success
T0000555,U006585,2026-04-01,197.21,Pro,Success
T0000556,U006605,2026-01-17,306.95,Premium,Success
T0000557,U006606,2026-02-01,253.49,Basic,Failed
T0000558,U006609,2026-03-26,818.14,Pro,Success
T0000559,U006628,2026-01-23,824.9,Basic,Success
T0000560,U006629,2026-04-18,441.32,Basic,Success
T0000561,U006638,2026-03-20,1237.56,Pro,Success
T0000562,U006662,2026-03-20,706.15,Pro,Success
T0000563,U006689,2026-02-02,753.87,Basic,Success
T0000564,U006694,2026-02-07,684.54,Basic,Success
T0000565,U006698,2026-03-30,415.81,Basic,Success
T0000566,U006710,2026-02-24,554.19,Basic,Success
T0000567,U006730,2026-03-22,623.81,Basic,Success
T0000568,U006731,2026-03-17,758.62,Basic,Success
T0000569,U006749,2026-03-26,184.21,Basic,Success
T0000570,U006756,2026-02-15,2305.48,Pro,Success
T0000571,U006761,2026-03-06,2215.49,Pro,Success
T0000572,U006775,2026-03-12,1624.36,Pro,Success
T0000573,U006783,2026-03-31,715.53,Premium,Success
T0000574,U006786,2026-03-07,526.3,Basic,Success
T0000575,U006811,2026-02-01,419.07,Premium,Success
T0000576,U006815,2026-04-01,223.62,Basic,Success
T0000577,U006818,2026-02-10,115.63,Basic,Success
T0000578,U006821,2026-03-21,907.18,Basic,Success
T0000579,U006835,2026-03-06,750.94,Pro,Success
T0000580,U006841,2026-02-25,457.56,Pro,Success
T0000581,U006850,2026-02-16,759.44,Pro,Success
T0000582,U006853,2026-03-18,769.79,Basic,Success
T0000583,U006866,2026-03-02,1236.04,Basic,Success
T0000584,U006870,2026-03-12,1172.91,Pro,Success
T0000585,U006907,2026-03-07,1290.46,Pro,Success
T0000586,U006921,2026-02-06,1428.45,Basic,Success
T0000587,U006931,2026-04-13,1147.3,Pro,Success
T0000588,U006940,2026-03-26,1402.09,Basic,Success
T0000589,U006962,2026-03-14,1932.04,Premium,Success
T0000590,U006976,2026-03-15,1537.56,Basic,Success
T0000591,U006986,2026-03-31,262.34,Pro,Success
T0000592,U006990,2026-02-10,1436.75,Basic,Success
T0000593,U006992,2026-03-18,862.21,Pro,Success
T0000594,U007005,2026-03-23,399.09,Pro,Failed
T0000595,U007011,2026-02-22,623.72,Premium,Success
T0000596,U007013,2026-02-03,639.49,Basic,Success
T0000597,U007016,2026-02-19,685.53,Basic,Success
T0000598,U007034,2026-04-21,1063.94,Pro,Success
T0000599,U007046,2026-02-17,385.51,Premium,Success
T0000600,U007060,2026-04-13,452.2,Pro,Success
T0000601,U007070,2026-02-01,235.48,Premium,Failed
T0000602,U007072,2026-01-29,471.55,Basic,Success
T0000603,U007086,2026-03-31,954.08,Pro,Success
T0000604,U007090,2026-01-30,629.21,Basic,Success
T0000605,U007100,2026-03-19,366.23,Basic,Success
T0000606,U007107,2026-04-18,284.2,Premium,Success
T0000607,U007114,2026-04-02,261.79,Basic,Success
T0000608,U007137,2026-04-15,726.05,Basic,Success
T0000609,U007150,2026-03-07,914.44,Basic,Success
T0000610,U007155,2026-03-14,1309.41,Pro,Success
T0000611,U007186,2026-02-18,1286.77,Basic,Success
T0000612,U007199,2026-04-02,257.64,Pro,Failed
T0000613,U007208,2026-02-04,368.98,Pro,Success
T0000614,U007216,2026-03-05,510.8,Premium,Success
T0000615,U007229,2026-02-26,,Basic,Success
T0000616,U007238,2026-03-10,675.73,Basic,Success
T0000617,U007239,2026-01-17,1157.03,Premium,Success
T0000618,U007262,2026-03-24,2012.77,Basic,Success
T0000619,U007272,2026-04-08,788.64,Pro,Success
T0000620,U007282,2026-02-05,466.43,Basic,Success
T0000621,U007284,2026-01-30,497.96,Pro,Failed
T0000622,U007320,2026-02-22,431.02,Basic,Success
T0000623,U007327,2026-03-26,1752.43,Basic,Success
T0000624,U007328,2026-03-22,364.09,Basic,Success
T0000625,U007335,2026-03-31,630.29,Pro,Success
T0000626,U007345,2026-04-02,579.76,Basic,Success
T0000627,U007354,2026-02-17,554.03,Basic,Success
T0000628,U007367,2026-01-30,395.26,Pro,Success
T0000629,U007383,2026-03-07,470.31,Basic,Success
T0000630,U007390,2026-02-25,516.81,Basic,Success
T0000631,U007403,2026-04-02,259.21,Pro,Success
T0000632,U007410,2026-02-26,1122.67,Basic,Success
T0000633,U007417,2026-04-12,635.76,Basic,Success
T0000634,U007420,2026-03-02,818.63,Basic,Failed
T0000635,U007435,2026-04-05,430.56,Pro,Success
T0000636,U007444,2026-03-13,914.65,Basic,Success
T0000637,U007460,2026-01-15,764.26,Premium,Success
T0000638,U007466,2026-04-04,387.12,Basic,Success
T0000639,U007484,2026-02-26,1247.34,Premium,Success
T0000640,U007492,2026-02-04,641.35,Pro,Success
T0000641,U007497,2026-03-04,239.54,Basic,Success
T0000642,U007503,2026-03-13,1223.34,Basic,Success
T0000643,U007508,2026-02-16,826.52,Basic,Failed
T0000644,U007510,2026-03-15,765.17,Pro,Failed
T0000645,U007520,2026-03-18,359.77,Basic,Success
T0000646,U007546,2026-01-31,1003.4,Pro,Success
T0000647,U007554,2026-03-25,702.79,Basic,Success
T0000648,U007580,2026-02-07,705.2,Basic,Success
T0000649,U007596,2026-02-19,448.26,Basic,Success
T0000650,U007601,2026-04-14,774.75,Basic,Success
T0000651,U007609,2026-02-12,306.6,Basic,Success
T0000652,U007611,2026-02-18,307.64,Pro,Success
T0000653,U007634,2026-02-28,2007.29,Basic,Success
T0000654,U007654,2026-04-22,178.28,Pro,Success
T0000655,U007661,2026-03-12,1292.13,Premium,Success
T0000656,U007677,2026-02-08,690.09,Pro,Success
T0000657,U007679,2026-02-09,1187.12,Basic,Success
T0000658,U007721,2026-04-19,1256.81,Basic,Success
T0000659,U007761,2026-02-22,870.06,Basic,Success
T0000660,U007771,2026-03-28,1257.81,Pro,Success
T0000661,U007786,2026-04-08,667.88,Basic,Success
T0000662,U007795,2026-01-15,281.67,Basic,Success
T0000663,U007800,2026-03-28,1941.24,Basic,Success
T0000664,U007804,2026-03-04,174.34,Pro,Success
T0000665,U007840,2026-03-05,677.78,Pro,Success
T0000666,U007853,2026-02-23,884.97,Basic,Success
T0000667,U007854,2026-02-01,394.16,Basic,Success
T0000668,U007859,2026-03-26,156.97,Basic,Success
T0000669,U007863,2026-02-28,1066.93,Basic,Failed
T0000670,U007873,2026-02-07,645.0,Pro,Success
T0000671,U007883,2026-03-18,566.8,Premium,Success
T0000672,U007885,2026-03-23,421.07,Basic,Success
T0000673,U007893,2026-04-14,901.8,Basic,Success
T0000674,U007899,2026-01-30,1360.32,Premium,Success
T0000675,U007904,2026-04-21,952.27,Pro,Success
T0000676,U007918,2026-03-25,1251.63,Pro,Success
T0000677,U007929,2026-04-05,613.24,Basic,Failed
T0000678,U007947,2026-01-29,721.24,Pro,Success
T0000679,U007952,2026-04-14,301.07,Pro,Success
T0000680,U007960,2026-02-27,361.26,Basic,Success
T0000681,U007966,2026-04-04,1328.51,Basic,Success
T0000682,U007971,2026-02-19,1841.33,Premium,Success
T0000683,U008010,2026-03-21,65.13,Basic,Success
T0000684,U008020,2026-02-27,244.7,Pro,Success
T0000685,U008034,2026-04-12,1245.61,Basic,Success
T0000686,U008040,2026-04-28,356.5,Premium,Success
T0000687,U008044,2026-01-31,1067.74,Pro,Success
T0000688,U008051,2026-04-11,495.43,Basic,Success
T0000689,U008053,2026-02-16,463.43,Pro,Success
T0000690,U008056,2026-02-01,750.03,Basic,Success
T0000691,U008076,2026-03-25,716.53,Premium,Success
T0000692,U008083,2026-03-17,1288.85,Basic,Success
T0000693,U008108,2026-03-30,233.36,Pro,Success
T0000694,U008109,2026-02-12,631.74,Pro,Success
T0000695,U008129,2026-01-20,,Pro,Success
T0000696,U008131,2026-02-04,704.71,Premium,Success
T0000697,U008161,2026-02-26,840.2,Premium,Success
T0000698,U008200,2026-01-20,1061.8,Pro,Success
T0000699,U008201,2026-03-24,453.64,Basic,Success
T0000700,U008233,2026-04-08,311.82,Premium,Success
T0000701,U008234,2026-03-20,1636.22,Basic,Success
T0000702,U008239,2026-03-01,1163.11,Premium,Success
T0000703,U008255,2026-03-17,829.79,Basic,Success
T0000704,U008297,2026-02-19,474.97,Basic,Success
T0000705,U008301,2026-01-24,416.92,Basic,Success
T0000706,U008337,2026-01-20,508.21,Basic,Success
T0000707,U008343,2026-03-28,283.12,Pro,Success
T0000708,U008353,2026-01-16,1054.68,Premium,Success
T0000709,U008357,2026-03-25,945.23,Premium,Success
T0000710,U008381,2026-02-13,649.77,Premium,Success
T0000711,U008397,2026-02-23,535.85,Basic,Success
T0000712,U008406,2026-04-11,395.9,Basic,Success
T0000713,U008407,2026-04-04,1486.94,Basic,Success
T0000714,U008413,2026-04-05,482.89,Basic,Success
T0000715,U008415,2026-03-18,1339.82,Basic,Success
T0000716,U008427,2026-02-22,1080.62,Basic,Failed
T0000717,U008431,2026-03-14,671.44,Basic,Success
T0000718,U008450,2026-02-12,268.61,Premium,Success
T0000719,U008459,2026-02-16,926.83,Basic,Success
T0000720,U008461,2026-02-20,1038.26,Basic,Success
T0000721,U008479,2026-02-24,516.16,Basic,Success
T0000722,U008495,2026-01-14,685.19,Basic,Success
T0000723,U008500,2026-04-05,1221.14,Premium,Success
T0000724,U008507,2026-04-15,604.73,Basic,Success
T0000725,U008510,2026-04-13,314.83,Pro,Success
T0000726,U008515,2026-01-14,609.73,Basic,Success
T0000727,U008526,2026-02-21,211.92,Premium,Success
T0000728,U008541,2026-02-24,1325.02,Pro,Success
T0000729,U008553,2026-03-16,302.12,Basic,Success
T0000730,U008568,2026-02-11,170.37,Basic,Success
T0000731,U008584,2026-04-21,377.67,Premium,Success
T0000732,U008602,2026-02-12,226.21,Basic,Success
T0000733,U008621,2026-04-04,955.17,Pro,Success
T0000734,U008629,2026-02-11,1045.64,Premium,Failed
T0000735,U008644,2026-03-16,875.26,Premium,Success
T0000736,U008658,2026-03-08,1823.72,Basic,Success
T0000737,U008660,2026-03-25,365.3,Pro,Success
T0000738,U008663,2026-01-19,1009.41,Pro,Success
T0000739,U008667,2026-04-25,1401.22,Basic,Success
T0000740,U008674,2026-02-13,446.17,Pro,Success
T0000741,U008689,2026-03-16,583.31,Basic,Success
T0000742,U008691,2026-04-14,388.28,Pro,Success
T0000743,U008718,2026-04-03,502.87,Premium,Success
T0000744,U008727,2026-03-10,394.82,Basic,Success
T0000745,U008741,2026-04-04,744.0,Pro,Success
T0000746,U008745,2026-04-23,156.44,Basic,Success
T0000747,U008746,2026-01-28,499.97,Premium,Success
T0000748,U008748,2026-02-28,283.1,Pro,Success
T0000749,U008757,2026-04-16,387.35,Pro,Failed
T0000750,U008769,2026-04-17,271.65,Pro,Success
T0000751,U008787,2026-03-10,410.23,Basic,Success
T0000752,U008817,2026-02-08,1670.46,Basic,Success
T0000753,U008819,2026-02-06,564.91,Basic,Failed
T0000754,U008834,2026-04-23,633.73,Basic,Success
T0000755,U008838,2026-04-21,259.5,Basic,Failed
T0000756,U008858,2026-02-18,936.01,Basic,Success
T0000757,U008865,2026-02-06,829.11,Premium,Success
T0000758,U008867,2026-02-08,668.38,Basic,Success
T0000759,U008872,2026-04-15,194.05,Basic,Success
T0000760,U008885,2026-02-28,583.55,Pro,Success
T0000761,U008898,2026-02-28,1603.66,Pro,Success
T0000762,U008913,2026-03-25,662.81,Pro,Success
T0000763,U008915,2026-01-25,147.09,Basic,Success
T0000764,U008919,2026-01-24,573.13,Pro,Success
T0000765,U008939,2026-02-09,828.77,Pro,Success
T0000766,U008942,2026-02-16,1012.25,Premium,Success
T0000767,U008949,2026-04-14,646.93,Pro,Success
T0000768,U008953,2026-02-01,667.1,Basic,Success
T0000769,U008954,2026-01-17,233.28,Basic,Success
T0000770,U008955,2026-03-11,590.59,Premium,Success
T0000771,U008956,2026-03-26,293.81,Pro,Success
T0000772,U008960,2026-03-04,555.01,Basic,Success
T0000773,U008961,2026-03-03,877.75,Pro,Success
T0000774,U008978,2026-04-03,418.11,Basic,Success
T0000775,U008994,2026-03-01,980.43,Pro,Success
T0000776,U009003,2026-02-23,1005.46,Premium,Success
T0000777,U009026,2026-04-16,860.74,Premium,Success
T0000778,U009028,2026-02-17,202.82,Basic,Success
T0000779,U009033,2026-02-07,1065.53,Basic,Success
T0000780,U009072,2026-02-22,1941.39,Pro,Success
T0000781,U009078,2026-03-08,188.14,Basic,Success
T0000782,U009082,2026-01-26,612.99,Basic,Success
T0000783,U009091,2026-01-29,1030.52,Pro,Success
T0000784,U009102,2026-04-01,517.87,Pro,Success
T0000785,U009112,2026-03-22,970.73,Basic,Success
T0000786,U009119,2026-03-17,809.3,Pro,Success
T0000787,U009127,2026-03-11,775.64,Basic,Success
T0000788,U009134,2026-03-02,1196.9,Pro,Success
T0000789,U009152,2026-03-27,292.67,Basic,Success
T0000790,U009156,2026-02-14,775.24,Pro,Success
T0000791,U009157,2026-04-03,965.67,Basic,Success
T0000792,U009165,2026-02-12,459.68,Basic,Success
T0000793,U009190,2026-03-01,498.32,Pro,Success
T0000794,U009194,2026-03-25,335.65,Basic,Success
T0000795,U009213,2026-01-27,890.53,Pro,Success
T0000796,U009216,2026-01-28,924.47,Basic,Success
T0000797,U009217,2026-03-26,589.96,Pro,Success
T0000798,U009228,2026-02-19,755.28,Pro,Success
T0000799,U009270,2026-02-26,1213.87,Premium,Success
T0000800,U009283,2026-02-18,762.35,Basic,Success
T0000801,U009285,2026-02-20,428.72,Pro,Success
T0000802,U009306,2026-01-18,767.83,Basic,Success
T0000803,U009308,2026-01-29,697.89,Premium,Success
T0000804,U009314,2026-04-09,1233.27,Premium,Success
T0000805,U009320,2026-03-31,542.37,Basic,Success
T0000806,U009321,2026-03-07,417.9,Pro,Success
T0000807,U009332,2026-01-31,560.51,Pro,Success
T0000808,U009348,2026-01-22,226.43,Basic,Success
T0000809,U009366,2026-02-01,1165.83,Basic,Success
T0000810,U009379,2026-02-07,255.46,Basic,Success
T0000811,U009395,2026-02-14,524.02,Basic,Success
T0000812,U009407,2026-04-11,,Pro,Success
T0000813,U009426,2026-02-07,866.32,Basic,Success
T0000814,U009431,2026-03-07,995.97,Premium,Success
T0000815,U009435,2026-03-07,934.26,Pro,Success
T0000816,U009456,2026-04-06,1168.69,Pro,Success
T0000817,U009464,2026-03-13,1124.21,Pro,Success
T0000818,U009465,2026-02-14,812.4,Basic,Success
T0000819,U009467,2026-02-05,819.34,Basic,Success
T0000820,U009468,2026-04-20,217.11,Basic,Success
T0000821,U009475,2026-03-02,394.7,Premium,Success
T0000822,U009476,2026-04-22,1053.37,Basic,Success
T0000823,U009479,2026-03-15,542.18,Basic,Failed
T0000824,U009497,2026-04-07,817.34,Pro,Success
T0000825,U009506,2026-03-20,475.23,Pro,Success
T0000826,U009511,2026-03-05,807.82,Basic,Success
T0000827,U009535,2026-02-14,344.63,Basic,Success
T0000828,U009539,2026-03-06,1064.65,Basic,Success
T0000829,U009549,2026-01-31,315.1,Premium,Success
T0000830,U009555,2026-04-12,270.22,Pro,Success
T0000831,U009568,2026-01-09,34.28,Premium,Success
T0000832,U009598,2026-04-18,660.17,Basic,Success
T0000833,U009622,2026-04-08,1306.77,Pro,Success
T0000834,U009624,2026-03-29,375.81,Basic,Success
T0000835,U009632,2026-03-31,699.32,Basic,Success
T0000836,U009638,2026-03-01,806.8,Basic,Success
T0000837,U009663,2026-03-11,641.95,Basic,Success
T0000838,U009664,2026-03-26,173.49,Basic,Success
T0000839,U009666,2026-03-20,297.33,Pro,Success
T0000840,U009676,2026-04-06,120.15,Pro,Success
T0000841,U009686,2026-02-15,243.73,Basic,Success
T0000842,U009718,2026-02-27,338.56,Pro,Success
T0000843,U009719,2026-01-14,569.14,Basic,Success
T0000844,U009729,2026-02-22,674.67,Basic,Success
T0000845,U009762,2026-02-14,380.41,Premium,Success
T0000846,U009774,2026-02-26,677.0,Pro,Success
T0000847,U009781,2026-03-14,198.97,Basic,Success
T0000848,U009787,2026-04-04,455.29,Basic,Success
T0000849,U009810,2026-03-04,678.35,Pro,Success
T0000850,U009826,2026-02-05,161.75,Basic,Success
T0000851,U009829,2026-03-08,718.17,Pro,Success
T0000852,U009841,2026-02-14,923.83,Basic,Success
T0000853,U009895,2026-04-13,874.34,Basic,Success
T0000854,U009931,2026-03-04,675.5,Pro,Success
T0000855,U009932,2026-04-19,1041.05,Pro,Success
T0000856,U009937,2026-02-06,1469.77,Premium,Success
T0000857,U009963,2026-03-21,815.63,Basic,Success
T0000858,U009967,2026-02-05,1278.93,Premium,Success
T0000859,U009969,2026-03-16,376.65,Basic,Success
T0000860,U009980,2026-04-26,632.51,Basic,Success
T0000861,U010050,2026-02-26,229.74,Premium,Success
T0000862,U010059,2026-01-19,392.92,Pro,Success
T0000863,U010070,2026-02-06,1026.79,Basic,Success
T0000864,U010093,2026-01-30,892.23,Basic,Success
T0000865,U010099,2026-01-31,385.94,Pro,Success
T0000866,U010114,2026-02-22,242.7,Premium,Success
T0000867,U010121,2026-03-10,563.33,Pro,Success
T0000868,U010155,2026-02-14,682.38,Basic,Success
T0000869,U010164,2026-02-07,465.66,Pro,Success
T0000870,U010167,2026-04-14,613.22,Basic,Failed
T0000871,U010214,2026-03-14,1178.54,Pro,Success
T0000872,U010221,2026-01-26,204.63,Basic,Success
T0000873,U010223,2026-04-10,92.89,Basic,Success
T0000874,U010258,2026-02-03,802.89,Premium,Success
T0000875,U010274,2026-02-15,566.76,Pro,Failed
T0000876,U010275,2026-02-08,696.79,Pro,Success
T0000877,U010302,2026-03-24,584.97,Pro,Success
T0000878,U010327,2026-03-17,464.5,Premium,Success
T0000879,U010336,2026-03-03,543.77,Basic,Success
T0000880,U010352,2026-01-31,379.35,Pro,Success
T0000881,U010357,2026-03-24,740.7,Pro,Success
T0000882,U010363,2026-02-15,841.85,Premium,Success
T0000883,U010384,2026-02-18,402.27,Premium,Success
T0000884,U010391,2026-04-15,814.68,Basic,Success
T0000885,U010407,2026-03-24,644.52,Basic,Success
T0000886,U010421,2026-03-03,240.97,Basic,Success
T0000887,U010439,2026-01-13,868.74,Pro,Success
T0000888,U010453,2026-03-19,325.13,Basic,Success
T0000889,U010469,2026-01-22,476.97,Premium,Success
T0000890,U010494,2026-03-28,576.58,Premium,Success
T0000891,U010495,2026-03-29,307.43,Basic,Success
T0000892,U010518,2026-02-10,619.05,Basic,Success
T0000893,U010544,2026-03-17,767.56,Basic,Success
T0000894,U010552,2026-04-12,469.51,Basic,Success
T0000895,U010555,2026-02-20,612.49,Basic,Success
T0000896,U010559,2026-03-19,1595.52,Premium,Success
T0000897,U010572,2026-03-28,390.57,Pro,Success
T0000898,U010583,2026-02-21,392.98,Pro,Success
T0000899,U010598,2026-02-18,538.2,Pro,Success
T0000900,U010606,2026-03-23,1628.3,Basic,Success
T0000901,U010648,2026-03-18,522.46,Basic,Success
T0000902,U010652,2026-03-11,441.74,Premium,Success
T0000903,U010661,2026-03-27,593.03,Basic,Success
T0000904,U010663,2026-01-12,604.44,Basic,Failed
T0000905,U010664,2026-02-21,661.05,Basic,Success
T0000906,U010680,2026-03-30,383.4,Pro,Success
T0000907,U010685,2026-03-13,707.33,Basic,Success
T0000908,U010696,2026-01-31,380.43,Basic,Success
T0000909,U010703,2026-04-06,1052.6,Pro,Success
T0000910,U010704,2026-02-03,410.71,Pro,Success
T0000911,U010708,2026-03-02,438.32,Basic,Success
T0000912,U010720,2026-02-12,1008.0,Premium,Success
T0000913,U010733,2026-01-25,670.66,Basic,Success
T0000914,U010735,2026-01-28,810.73,Premium,Success
T0000915,U010742,2026-03-03,626.55,Basic,Success
T0000916,U010745,2026-03-29,2678.4,Basic,Success
T0000917,U010775,2026-01-27,384.51,Basic,Success
T0000918,U010778,2026-03-24,852.7,Pro,Success
T0000919,U010796,2026-02-20,632.1,Basic,Success
T0000920,U010803,2026-03-29,1852.18,Basic,Failed
T0000921,U010827,2026-01-23,511.2,Pro,Success
T0000922,U010831,2026-02-11,233.03,Pro,Success
T0000923,U010842,2026-04-08,313.25,Basic,Success
T0000924,U010849,2026-01-26,470.05,Pro,Success
T0000925,U010860,2026-02-15,843.3,Basic,Success
T0000926,U010864,2026-02-13,479.52,Premium,Success
T0000927,U010873,2026-02-07,953.21,Pro,Success
T0000928,U010903,2026-03-05,1027.87,Pro,Success
T0000929,U010940,2026-04-24,386.25,Premium,Success
T0000930,U010951,2026-03-06,178.41,Pro,Success
T0000931,U010956,2026-02-10,1097.69,Basic,Success
T0000932,U010962,2026-03-08,492.69,Basic,Success
T0000933,U010966,2026-03-18,531.7,Basic,Success
T0000934,U010976,2026-03-09,461.91,Basic,Success
T0000935,U010988,2026-03-20,700.77,Basic,Success
T0000936,U010998,2026-03-17,403.8,Pro,Success
T0000937,U010999,2026-03-14,456.42,Pro,Success
T0000938,U011004,2026-03-19,309.35,Pro,Success
T0000939,U011034,2026-01-27,210.83,Pro,Success
T0000940,U011038,2026-03-26,574.3,Basic,Success
T0000941,U011045,2026-03-27,501.04,Premium,Success
T0000942,U011064,2026-01-29,331.62,Basic,Success
T0000943,U011079,2026-02-28,1383.4,Basic,Success
T0000944,U011088,2026-01-25,882.88,Basic,Success
T0000945,U011125,2026-03-25,498.74,Premium,Success
T0000946,U011129,2026-01-25,1554.14,Pro,Success
T0000947,U011132,2026-01-29,535.13,Premium,Success
T0000948,U011187,2026-02-14,1360.51,Basic,Success
T0000949,U011220,2026-04-04,795.01,Basic,Success
T0000950,U011223,2026-03-26,1156.18,Basic,Success
T0000951,U011254,2026-04-04,805.03,Pro,Success
T0000952,U011257,2026-03-29,377.25,Basic,Success
T0000953,U011260,2026-03-24,160.91,Pro,Success
T0000954,U011262,2026-02-10,264.7,Pro,Success
T0000955,U011264,2026-03-31,673.67,Premium,Success
T0000956,U011278,2026-04-04,685.16,Pro,Success
T0000957,U011284,2026-01-21,352.36,Basic,Success
T0000958,U011346,2026-03-23,522.54,Premium,Success
T0000959,U011349,2026-01-21,428.77,Basic,Failed
T0000960,U011357,2026-01-19,1198.66,Basic,Success
T0000961,U011366,2026-03-01,576.49,Basic,Success
T0000962,U011369,2026-03-04,299.12,Basic,Failed
T0000963,U011381,2026-01-04,1354.38,Basic,Failed
T0000964,U011384,2026-01-26,734.95,Basic,Success
T0000965,U011386,2026-01-16,535.03,Basic,Success
T0000966,U011389,2026-02-22,598.37,Pro,Success
T0000967,U011407,2026-02-21,974.22,Basic,Success
T0000968,U011410,2026-03-19,915.7,Premium,Success
T0000969,U011413,2026-04-22,471.38,Pro,Success
T0000970,U011447,2026-03-01,225.38,Pro,Success
T0000971,U011451,2026-04-20,758.56,Pro,Success
T0000972,U011453,2026-03-13,509.34,Pro,Success
T0000973,U011457,2026-03-18,714.4,Basic,Success
T0000974,U011459,2026-04-06,293.02,Basic,Success
T0000975,U011460,2026-02-27,503.05,Basic,Success
T0000976,U011467,2026-02-13,631.84,Premium,Success
T0000977,U011475,2026-03-05,355.05,Basic,Success
T0000978,U011522,2026-03-19,428.06,Pro,Success
T0000979,U011530,2026-02-20,828.36,Pro,Success
T0000980,U011563,2026-02-04,327.23,Premium,Success
T0000981,U011567,2026-04-09,1070.06,Basic,Success
T0000982,U011575,2026-03-17,1177.07,Basic,Success
T0000983,U011584,2026-02-10,186.46,Premium,Success
T0000984,U011607,2026-04-07,560.36,Basic,Success
T0000985,U011617,2026-02-19,305.65,Basic,Success
T0000986,U011620,2026-03-21,128.87,Pro,Success
T0000987,U011621,2026-03-16,343.65,Premium,Success
T0000988,U011623,2026-01-24,782.57,Basic,Success
T0000989,U011647,2026-03-15,340.85,Basic,Success
T0000990,U011656,2026-03-06,966.09,Pro,Success
T0000991,U011664,2026-02-15,402.64,Basic,Success
T0000992,U011675,2026-01-13,678.09,Basic,Success
T0000993,U011690,2026-04-03,598.17,Pro,Success
T0000994,U011716,2026-01-27,214.13,Basic,Success
T0000995,U011739,2026-01-23,708.35,Basic,Success
T0000996,U011740,2026-03-01,693.84,Pro,Success
T0000997,U011757,2026-03-17,461.03,Premium,Success
T0000998,U011774,2026-03-26,273.65,Basic,Success
T0000999,U011779,2026-03-22,445.62,Pro,Success
T0001000,U011787,2026-04-04,,Pro,Success
T0001001,U011791,2026-03-31,773.92,Premium,Success
T0001002,U011807,2026-02-02,611.08,Basic,Failed
T0001003,U011813,2026-04-08,1323.86,Pro,Success
T0001004,U011815,2026-04-12,366.89,Basic,Success
T0001005,U011821,2026-04-18,715.46,Premium,Success
T0001006,U011825,2026-01-19,352.29,Pro,Success
T0001007,U011832,2026-03-02,315.68,Basic,Success
T0001008,U011837,2026-04-15,579.82,Pro,Success
T0001009,U011853,2026-02-04,200.58,Basic,Success
T0001010,U011859,2026-03-21,,Basic,Success
T0001011,U011867,2026-02-19,392.28,Basic,Success
T0001012,U011883,2026-02-04,636.01,Basic,Success
T0001013,U011916,2026-03-08,722.34,Pro,Success
T0001014,U011924,2026-01-28,1842.77,Pro,Success
T0001015,U011932,2026-02-28,961.46,Basic,Success
T0001016,U011942,2026-04-10,638.62,Pro,Success
T0001017,U011946,2026-01-18,478.83,Basic,Success
T0001018,U011950,2026-02-09,1028.89,Pro,Success
T0001019,U011951,2026-03-07,800.06,Basic,Success
T0001020,U011965,2026-03-15,644.6,Pro,Success
T0001021,U011982,2026-03-10,371.9,Basic,Success
T0001022,U011984,2026-01-17,1520.13,Pro,Success
T0001023,U012000,2026-02-21,523.76,Basic,Success
T0001024,U012003,2026-01-27,692.69,Basic,Success
T0001025,U012004,2026-02-27,727.48,Pro,Success
T0001026,U012012,2026-04-05,459.12,Premium,Success
T0001027,U012023,2026-03-20,579.13,Pro,Success
T0001028,U012036,2026-03-17,187.75,Basic,Success
T0001029,U012043,2026-01-26,770.4,Basic,Success
T0001030,U012047,2026-03-19,1031.45,Pro,Success
T0001031,U012061,2026-02-28,976.53,Pro,Success
T0001032,U012064,2026-04-02,403.7,Basic,Success
T0001033,U012073,2026-04-18,1828.16,Premium,Success
T0001034,U012080,2026-03-08,525.07,Basic,Success
T0001035,U012085,2026-03-08,118.97,Pro,Success
T0001036,U012087,2026-01-21,336.64,Basic,Success
T0001037,U012093,2026-04-08,1070.0,Pro,Success
T0001038,U012101,2026-03-15,690.41,Basic,Success
T0001039,U012107,2026-03-28,661.09,Basic,Success
T0001040,U012125,2026-03-31,1203.78,Premium,Success
T0001041,U012131,2026-03-04,347.69,Basic,Success
T0001042,U012135,2026-01-18,871.15,Pro,Success
T0001043,U012158,2026-01-31,243.37,Pro,Success
T0001044,U012173,2026-01-16,243.54,Basic,Success
T0001045,U012190,2026-02-16,881.53,Pro,Success
T0001046,U012208,2026-04-29,665.09,Premium,Success
T0001047,U012227,2026-02-23,347.06,Basic,Success
T0001048,U012233,2026-02-08,1121.31,Pro,Success
T0001049,U012258,2026-03-14,1745.73,Basic,Success
T0001050,U012264,2026-02-26,422.94,Basic,Success
T0001051,U012278,2026-02-06,896.47,Pro,Success
T0001052,U012289,2026-03-15,274.37,Basic,Success
T0001053,U012326,2026-02-01,221.72,Pro,Success
T0001054,U012333,2026-03-04,301.11,Basic,Success
T0001055,U012354,2026-04-04,550.6,Premium,Success
T0001056,U012355,2026-02-27,443.63,Pro,Success
T0001057,U012403,2026-04-13,644.83,Pro,Failed
T0001058,U012414,2026-03-06,573.12,Pro,Success
T0001059,U012426,2026-03-26,1783.78,Pro,Success
T0001060,U012444,2026-02-01,347.18,Basic,Success
T0001061,U012447,2026-02-25,319.27,Pro,Success
T0001062,U012449,2026-02-08,227.99,Premium,Success
T0001063,U012462,2026-02-11,69.05,Basic,Success
T0001064,U012465,2026-02-21,459.59,Basic,Success
T0001065,U012478,2026-02-12,1082.64,Basic,Success
T0001066,U012493,2026-02-28,717.4,Basic,Success
T0001067,U012495,2026-03-02,902.65,Pro,Success
T0001068,U012507,2026-01-23,572.89,Pro,Success
T0001069,U012509,2026-03-02,122.19,Basic,Success
T0001070,U012539,2026-04-08,712.79,Basic,Success
T0001071,U012548,2026-01-21,521.21,Basic,Failed
T0001072,U012549,2026-04-07,723.05,Basic,Success
T0001073,U012575,2026-03-23,742.4,Pro,Success
T0001074,U012576,2026-03-05,334.75,Basic,Success
T0001075,U012589,2026-02-19,619.57,Basic,Success
T0001076,U012598,2026-03-23,650.53,Premium,Success
T0001077,U012607,2026-02-15,391.15,Pro,Success
T0001078,U012612,2026-01-24,954.59,Premium,Success
T0001079,U012617,2026-02-10,900.03,Basic,Success
T0001080,U012618,2026-01-23,768.61,Premium,Success
T0001081,U012632,2026-02-03,510.71,Basic,Success
T0001082,U012637,2026-03-22,842.91,Pro,Success
T0001083,U012643,2026-04-15,522.57,Pro,Success
T0001084,U012647,2026-01-26,641.69,Pro,Failed
T0001085,U012649,2026-03-08,936.14,Basic,Success
T0001086,U012650,2026-03-28,210.27,Pro,Success
T0001087,U012652,2026-04-17,,Basic,Success
T0001088,U012654,2026-03-30,991.79,Premium,Success
T0001089,U012668,2026-03-21,563.03,Pro,Success
T0001090,U012672,2026-02-12,271.68,Basic,Success
T0001091,U012678,2026-01-22,615.7,Basic,Success
T0001092,U012679,2026-02-05,872.53,Basic,Success
T0001093,U012690,2026-02-21,777.42,Premium,Success
T0001094,U012704,2026-03-03,1321.7,Pro,Success
T0001095,U012718,2026-02-07,904.51,Basic,Success
T0001096,U012723,2026-04-02,1104.98,Pro,Success
T0001097,U012739,2026-03-06,1911.91,Basic,Success
T0001098,U012759,2026-03-20,442.56,Pro,Success
T0001099,U012766,2026-03-25,866.37,Pro,Success
T0001100,U012772,2026-04-01,454.18,Pro,Success
T0001101,U012774,2026-03-12,696.46,Pro,Success
T0001102,U012785,2026-03-11,1118.71,Basic,Success
T0001103,U012801,2026-03-13,1070.71,Basic,Success
T0001104,U012813,2026-02-16,536.57,Basic,Failed
T0001105,U012827,2026-03-21,454.6,Basic,Success
T0001106,U012839,2026-01-26,746.61,Basic,Success
T0001107,U012853,2026-02-07,918.99,Basic,Success
T0001108,U012859,2026-03-27,474.59,Pro,Success
T0001109,U012868,2026-02-17,1158.34,Basic,Success
T0001110,U012876,2026-03-22,700.43,Pro,Success
T0001111,U012878,2026-01-21,698.73,Basic,Success
T0001112,U012886,2026-01-22,1085.85,Basic,Success
T0001113,U012897,2026-02-20,514.65,Pro,Success
T0001114,U012912,2026-03-18,1928.72,Premium,Success
T0001115,U012916,2026-03-11,412.67,Basic,Success
T0001116,U012933,2026-03-23,497.43,Basic,Success
T0001117,U012966,2026-02-11,322.31,Pro,Success
T0001118,U012970,2026-02-25,754.98,Basic,Success
T0001119,U012979,2026-02-20,221.82,Premium,Failed
T0001120,U012983,2026-02-08,783.25,Pro,Success
T0001121,U013002,2026-01-30,379.18,Pro,Success
T0001122,U013012,2026-02-20,148.87,Pro,Success
T0001123,U013015,2026-03-14,56.15,Basic,Success
T0001124,U013026,2026-02-04,207.14,Pro,Success
T0001125,U013046,2026-01-28,558.38,Basic,Success
T0001126,U013084,2026-02-22,1134.54,Premium,Success
T0001127,U013103,2026-03-28,945.2,Basic,Failed
T0001128,U013109,2026-02-11,1009.97,Basic,Success
T0001129,U013118,2026-02-20,537.45,Premium,Success
T0001130,U013119,2026-02-17,277.89,Pro,Failed
T0001131,U013121,2026-04-05,275.28,Pro,Success
T0001132,U013150,2026-01-30,283.2,Premium,Success
T0001133,U013160,2026-01-27,973.53,Basic,Success
T0001134,U013163,2026-03-13,805.4,Basic,Success
T0001135,U013185,2026-02-21,510.98,Premium,Failed
T0001136,U013197,2026-03-16,739.14,Basic,Success
T0001137,U013207,2026-03-25,795.51,Basic,Success
T0001138,U013221,2026-02-03,272.44,Pro,Success
T0001139,U013237,2026-04-15,878.84,Pro,Success
T0001140,U013250,2026-04-06,376.46,Pro,Success
T0001141,U013254,2026-03-25,444.22,Basic,Success
T0001142,U013257,2026-03-18,674.45,Pro,Success
T0001143,U013274,2026-04-03,1246.89,Basic,Success
T0001144,U013326,2026-02-25,966.43,Basic,Success
T0001145,U013333,2026-03-21,512.54,Basic,Failed
T0001146,U013396,2026-03-06,783.9,Basic,Success
T0001147,U013404,2026-02-14,1264.58,Pro,Success
T0001148,U013411,2026-02-22,153.56,Pro,Success
T0001149,U013423,2026-02-09,273.14,Pro,Success
T0001150,U013446,2026-03-11,106.57,Basic,Success
T0001151,U013455,2026-01-09,488.9,Premium,Success
T0001152,U013464,2026-04-10,1055.01,Basic,Success
T0001153,U013466,2026-02-28,425.9,Pro,Success
T0001154,U013483,2026-04-25,409.81,Basic,Success
T0001155,U013485,2026-03-08,161.52,Basic,Success
T0001156,U013498,2026-03-03,426.3,Pro,Success
T0001157,U013512,2026-02-12,217.6,Pro,Success
T0001158,U013523,2026-02-09,821.25,Basic,Success
T0001159,U013526,2026-04-10,879.04,Pro,Success
T0001160,U013567,2026-02-25,530.54,Pro,Failed
T0001161,U013573,2026-02-24,776.69,Pro,Success
T0001162,U013574,2026-02-24,599.71,Premium,Success
T0001163,U013582,2026-04-03,722.44,Pro,Success
T0001164,U013584,2026-03-13,1104.04,Basic,Success
T0001165,U013620,2026-03-03,1532.64,Pro,Success
T0001166,U013653,2026-03-27,694.75,Premium,Success
T0001167,U013657,2026-04-26,180.09,Pro,Success
T0001168,U013661,2026-03-14,632.67,Pro,Success
T0001169,U013697,2026-02-14,208.61,Pro,Success
T0001170,U013706,2026-02-17,708.63,Premium,Success
T0001171,U013759,2026-03-18,219.71,Basic,Success
T0001172,U013764,2026-04-13,398.09,Basic,Success
T0001173,U013766,2026-03-09,379.1,Pro,Success
T0001174,U013796,2026-01-24,305.01,Premium,Success
T0001175,U013807,2026-02-10,359.82,Premium,Success
T0001176,U013839,2026-02-20,779.89,Premium,Success
T0001177,U013844,2026-02-02,427.4,Basic,Success
T0001178,U013853,2026-04-04,808.24,Basic,Success
T0001179,U013870,2026-03-21,498.17,Basic,Success
T0001180,U013871,2026-02-10,434.76,Pro,Success
T0001181,U013874,2026-04-07,1740.24,Premium,Success
T0001182,U013884,2026-02-06,477.94,Basic,Success
T0001183,U013891,2026-03-17,592.07,Pro,Success
T0001184,U013900,2026-04-03,301.31,Pro,Success
T0001185,U013911,2026-03-20,578.14,Premium,Success
T0001186,U013912,2026-03-22,430.33,Basic,Success
T0001187,U013913,2026-03-15,876.7,Pro,Success
T0001188,U013925,2026-02-28,472.28,Pro,Success
T0001189,U013945,2026-03-05,140.95,Premium,Success
T0001190,U013966,2026-03-07,860.99,Basic,Success
T0001191,U014034,2026-02-10,1650.44,Basic,Success
T0001192,U014035,2026-02-15,1992.03,Premium,Success
T0001193,U014063,2026-03-15,760.07,Premium,Success
T0001194,U014071,2026-04-12,459.17,Basic,Success
T0001195,U014080,2026-02-22,781.26,Pro,Success
T0001196,U014082,2026-02-02,908.73,Premium,Success
T0001197,U014084,2026-03-14,1691.64,Basic,Failed
T0001198,U014121,2026-03-12,663.6,Pro,Success
T0001199,U014131,2026-01-31,905.29,Premium,Success
T0001200,U014135,2026-03-05,953.22,Basic,Success
T0001201,U014151,2026-03-24,964.24,Pro,Success
T0001202,U014154,2026-04-18,597.75,Pro,Success
T0001203,U014161,2026-02-08,415.85,Pro,Success
T0001204,U014162,2026-02-28,465.78,Basic,Success
T0001205,U014176,2026-02-15,623.33,Pro,Success
T0001206,U014181,2026-04-12,380.49,Basic,Success
T0001207,U014182,2026-03-29,453.33,Basic,Success
T0001208,U014225,2026-01-19,627.4,Pro,Success
T0001209,U014226,2026-02-12,869.26,Premium,Success
T0001210,U014233,2026-02-02,570.3,Basic,Success
T0001211,U014261,2026-02-05,721.85,Pro,Success
T0001212,U014302,2026-03-09,112.01,Pro,Success
T0001213,U014315,2026-01-19,585.19,Pro,Success
T0001214,U014317,2026-03-23,511.24,Pro,Success
T0001215,U014319,2026-03-04,324.77,Premium,Success
T0001216,U014320,2026-02-13,618.53,Basic,Success
T0001217,U014322,2026-03-30,662.61,Pro,Success
T0001218,U014349,2026-03-26,439.87,Basic,Success
T0001219,U014355,2026-02-12,622.77,Pro,Success
T0001220,U014365,2026-02-24,485.99,Pro,Success
T0001221,U014376,2026-02-21,641.79,Pro,Success
T0001222,U014377,2026-02-08,1069.34,Basic,Success
T0001223,U014385,2026-04-17,236.29,Basic,Success
T0001224,U014390,2026-04-14,482.13,Pro,Success
T0001225,U014401,2026-03-17,512.11,Pro,Success
T0001226,U014409,2026-02-27,1119.43,Pro,Success
T0001227,U014414,2026-02-06,1111.72,Pro,Success
T0001228,U014419,2026-02-28,422.71,Pro,Success
T0001229,U014437,2026-04-19,815.4,Basic,Success
T0001230,U014446,2026-04-07,753.04,Basic,Success
T0001231,U014460,2026-02-11,443.01,Basic,Success
T0001232,U014471,2026-01-27,1131.88,Basic,Success
T0001233,U014475,2026-04-11,472.02,Basic,Success
T0001234,U014479,2026-02-15,217.56,Basic,Success
T0001235,U014480,2026-01-26,125.37,Pro,Success
T0001236,U014499,2026-03-07,797.03,Basic,Success
T0001237,U014548,2026-04-15,604.12,Basic,Success
T0001238,U014560,2026-01-30,1860.64,Basic,Success
T0001239,U014567,2026-03-16,559.4,Premium,Success
T0001240,U014580,2026-04-25,856.28,Pro,Success
T0001241,U014585,2026-03-02,315.41,Basic,Success
T0001242,U014601,2026-03-16,1207.98,Basic,Success
T0001243,U014606,2026-03-11,1193.49,Pro,Success
T0001244,U014630,2026-04-10,452.14,Pro,Success
T0001245,U014645,2026-02-04,801.21,Basic,Success
T0001246,U014655,2026-03-04,1104.24,Premium,Success
T0001247,U014656,2026-04-07,172.05,Pro,Success
T0001248,U014702,2026-03-13,241.12,Pro,Failed
T0001249,U014713,2026-02-19,552.77,Basic,Success
T0001250,U014718,2026-03-26,1853.19,Pro,Success
T0001251,U014728,2026-02-18,376.85,Basic,Success
T0001252,U014730,2026-02-15,713.03,Basic,Success
T0001253,U014796,2026-02-23,1317.89,Premium,Success
T0001254,U014829,2026-02-19,625.27,Basic,Success
T0001255,U014857,2026-03-16,729.62,Basic,Success
T0001256,U014872,2026-01-30,652.6,Premium,Success
T0001257,U014874,2026-02-21,213.57,Pro,Success
T0001258,U014894,2026-03-20,564.39,Pro,Success
T0001259,U014898,2026-03-23,781.64,Pro,Success
T0001260,U014903,2026-03-21,1136.07,Basic,Success
T0001261,U014908,2026-01-24,301.07,Pro,Success
T0001262,U014922,2026-02-13,347.71,Pro,Success
T0001263,U014934,2026-01-19,1452.45,Pro,Success
T0001264,U014935,2026-03-22,145.81,Basic,Failed
T0001265,U014936,2026-04-17,527.28,Pro,Failed
T0001266,U014977,2026-01-21,560.24,Basic,Success
T0001267,U014985,2026-03-14,1734.23,Basic,Success
T0001268,U015020,2026-03-26,600.53,Basic,Success
T0001269,U015035,2026-03-30,614.51,Basic,Success
T0001270,U015064,2026-01-31,139.44,Basic,Success
T0001271,U015066,2026-03-08,391.36,Pro,Success
T0001272,U015067,2026-03-19,1723.36,Pro,Success
T0001273,U015084,2026-04-22,315.95,Pro,Success
T0001274,U015091,2026-04-19,1589.71,Basic,Success
T0001275,U015100,2026-02-25,513.69,Basic,Failed
T0001276,U015104,2026-03-30,660.25,Premium,Success
T0001277,U015105,2026-01-26,1276.45,Basic,Success
T0001278,U015112,2026-01-23,510.32,Basic,Success
T0001279,U015117,2026-03-16,748.21,Pro,Success
T0001280,U015130,2026-01-19,697.99,Basic,Failed
T0001281,U015134,2026-03-15,1106.52,Basic,Success
T0001282,U015143,2026-04-14,949.27,Basic,Success
T0001283,U015155,2026-04-04,571.43,Pro,Success
T0001284,U015191,2026-03-04,1108.44,Pro,Success
T0001285,U015207,2026-04-24,298.52,Basic,Success
T0001286,U015210,2026-04-16,331.55,Pro,Success
T0001287,U015214,2026-03-03,515.75,Premium,Success
T0001288,U015234,2026-02-18,261.11,Pro,Success
T0001289,U015267,2026-03-10,1068.79,Premium,Success
T0001290,U015269,2026-03-13,577.29,Pro,Success
T0001291,U015278,2026-02-14,778.51,Basic,Failed
T0001292,U015342,2026-02-02,360.26,Pro,Success
T0001293,U015344,2026-03-13,820.59,Basic,Success
T0001294,U015375,2026-03-28,426.08,Pro,Success
T0001295,U015378,2026-03-30,555.27,Pro,Success
T0001296,U015390,2026-01-28,230.36,Basic,Success
T0001297,U015407,2026-04-09,376.28,Basic,Success
T0001298,U015417,2026-04-12,649.33,Basic,Success
T0001299,U015434,2026-04-02,394.47,Basic,Success
T0001300,U015438,2026-03-31,260.53,Basic,Success
T0001301,U015461,2026-02-19,239.52,Pro,Success
T0001302,U015464,2026-01-18,297.58,Pro,Success
T0001303,U015466,2026-04-09,828.46,Basic,Success
T0001304,U015477,2026-03-05,386.33,Pro,Success
T0001305,U015515,2026-04-06,566.32,Basic,Success
T0001306,U015516,2026-02-05,1045.63,Basic,Success
T0001307,U015517,2026-02-26,802.44,Basic,Success
T0001308,U015525,2026-03-23,,Basic,Success
T0001309,U015526,2026-03-08,439.19,Basic,Success
T0001310,U015528,2026-03-18,570.66,Basic,Success
T0001311,U015533,2026-03-29,914.96,Premium,Success
T0001312,U015535,2026-03-27,775.96,Premium,Success
T0001313,U015547,2026-02-01,340.47,Basic,Failed
T0001314,U015561,2026-03-26,671.12,Basic,Success
T0001315,U015578,2026-02-02,335.5,Pro,Success
T0001316,U015595,2026-02-27,619.65,Basic,Failed
T0001317,U015606,2026-04-20,355.38,Basic,Success
T0001318,U015639,2026-02-07,127.79,Basic,Success
T0001319,U015640,2026-01-26,199.63,Basic,Success
T0001320,U015645,2026-04-05,449.41,Pro,Success
T0001321,U015664,2026-02-09,292.62,Basic,Failed
T0001322,U015692,2026-02-07,483.51,Basic,Success
T0001323,U015703,2026-01-23,334.99,Basic,Success
T0001324,U015707,2026-04-14,1757.49,Premium,Success
T0001325,U015712,2026-01-29,215.03,Basic,Success
T0001326,U015734,2026-04-03,1227.2,Basic,Success
T0001327,U015743,2026-01-17,260.18,Pro,Success
T0001328,U015764,2026-01-21,769.82,Pro,Success
T0001329,U015798,2026-04-21,216.34,Pro,Success
T0001330,U015810,2026-03-01,862.94,Basic,Success
T0001331,U015820,2026-03-09,532.79,Basic,Success
T0001332,U015834,2026-02-27,385.36,Pro,Success
T0001333,U015848,2026-03-08,529.9,Premium,Success
T0001334,U015850,2026-02-10,645.48,Basic,Success
T0001335,U015868,2026-02-07,764.14,Basic,Success
T0001336,U015873,2026-01-23,768.96,Basic,Success
T0001337,U015874,2026-02-11,312.69,Basic,Success
T0001338,U015894,2026-04-12,522.98,Basic,Success
T0001339,U015895,2026-01-28,961.64,Basic,Success
T0001340,U015909,2026-02-10,338.55,Premium,Success
T0001341,U015916,2026-01-27,842.43,Basic,Success
T0001342,U015918,2026-04-27,477.42,Basic,Success
T0001343,U015921,2026-04-02,632.4,Basic,Success
T0001344,U015949,2026-03-26,549.6,Basic,Success
T0001345,U015969,2026-03-10,877.8,Basic,Success
T0001346,U015970,2026-04-11,684.78,Basic,Success
T0001347,U015983,2026-01-31,301.19,Pro,Success
T0001348,U015995,2026-01-21,1093.47,Basic,Success
T0001349,U015999,2026-02-15,466.3,Basic,Success
T0001350,U016017,2026-02-27,848.57,Basic,Success
T0001351,U016025,2026-02-27,443.53,Basic,Success
T0001352,U016038,2026-02-05,218.84,Pro,Success
T0001353,U016045,2026-03-24,324.28,Basic,Success
T0001354,U016078,2026-02-02,662.91,Basic,Success
T0001355,U016086,2026-02-02,234.3,Premium,Success
T0001356,U016101,2026-02-05,387.78,Premium,Success
T0001357,U016105,2026-03-14,655.2,Premium,Success
T0001358,U016112,2026-02-18,1235.9,Pro,Success
T0001359,U016123,2026-01-23,1804.06,Premium,Failed
T0001360,U016132,2026-02-12,376.25,Basic,Success
T0001361,U016134,2026-02-23,1035.12,Basic,Success
T0001362,U016151,2026-02-24,615.64,Basic,Success
T0001363,U016161,2026-03-04,872.57,Pro,Failed
T0001364,U016170,2026-03-21,668.44,Basic,Success
T0001365,U016217,2026-02-01,988.6,Premium,Success
T0001366,U016226,2026-03-14,103.01,Basic,Success
T0001367,U016228,2026-04-08,437.48,Basic,Success
T0001368,U016232,2026-03-26,734.0,Pro,Success
T0001369,U016248,2026-01-28,757.6,Basic,Success
T0001370,U016255,2026-02-01,94.36,Basic,Success
T0001371,U016277,2026-02-23,1047.59,Basic,Failed
T0001372,U016278,2026-03-15,197.46,Pro,Success
T0001373,U016293,2026-02-01,876.73,Premium,Success
T0001374,U016308,2026-03-13,626.82,Premium,Success
T0001375,U016325,2026-01-28,412.06,Premium,Success
T0001376,U016332,2026-03-14,1120.93,Premium,Success
T0001377,U016357,2026-01-29,899.73,Pro,Success
T0001378,U016358,2026-03-10,862.34,Pro,Success
T0001379,U016361,2026-01-11,2030.44,Basic,Success
T0001380,U016368,2026-03-24,1146.58,Pro,Success
T0001381,U016371,2026-02-14,680.99,Basic,Success
T0001382,U016379,2026-02-25,416.36,Premium,Success
T0001383,U016405,2026-01-30,833.88,Pro,Success
T0001384,U016442,2026-02-06,313.63,Basic,Success
T0001385,U016453,2026-02-25,535.26,Basic,Success
T0001386,U016465,2026-03-06,353.32,Pro,Success
T0001387,U016478,2026-02-22,761.81,Basic,Success
T0001388,U016493,2026-01-28,833.88,Pro,Failed
T0001389,U016494,2026-03-12,1559.16,Pro,Success
T0001390,U016496,2026-02-07,712.22,Basic,Success
T0001391,U016508,2026-01-13,638.57,Premium,Success
T0001392,U016518,2026-04-10,345.89,Pro,Success
T0001393,U016523,2026-02-28,329.66,Premium,Success
T0001394,U016543,2026-04-10,525.06,Premium,Success
T0001395,U016546,2026-02-06,239.35,Basic,Success
T0001396,U016561,2026-03-12,1145.08,Basic,Success
T0001397,U016563,2026-02-22,500.62,Premium,Success
T0001398,U016584,2026-03-21,446.92,Pro,Success
T0001399,U016589,2026-01-26,221.71,Pro,Success
T0001400,U016613,2026-03-03,530.22,Pro,Success
T0001401,U016668,2026-03-20,505.49,Pro,Success
T0001402,U016680,2026-04-11,153.81,Basic,Success
T0001403,U016683,2026-01-23,903.16,Basic,Success
T0001404,U016709,2026-02-25,1086.15,Pro,Success
T0001405,U016710,2026-03-17,235.84,Premium,Success
T0001406,U016720,2026-03-29,624.53,Pro,Success
T0001407,U016723,2026-03-02,1469.36,Basic,Success
T0001408,U016726,2026-04-06,470.37,Basic,Success
T0001409,U016739,2026-03-28,698.7,Basic,Success
T0001410,U016742,2026-04-03,929.1,Pro,Success
T0001411,U016758,2026-03-05,363.98,Pro,Success
T0001412,U016765,2026-03-06,386.85,Pro,Success
T0001413,U016773,2026-04-15,1379.81,Basic,Success
T0001414,U016780,2026-03-18,459.77,Basic,Success
T0001415,U016786,2026-02-11,691.96,Basic,Success
T0001416,U016793,2026-04-19,256.67,Basic,Success
T0001417,U016815,2026-03-16,780.0,Basic,Success
T0001418,U016832,2026-01-31,630.81,Pro,Success
T0001419,U016835,2026-01-09,347.48,Premium,Success
T0001420,U016839,2026-02-02,257.62,Premium,Success
T0001421,U016861,2026-02-03,,Basic,Success
T0001422,U016884,2026-03-04,686.41,Basic,Success
T0001423,U016896,2026-02-19,401.69,Basic,Success
T0001424,U016897,2026-04-25,607.31,Pro,Success
T0001425,U016914,2026-02-14,463.65,Pro,Success
T0001426,U016920,2026-02-27,602.44,Pro,Success
T0001427,U016922,2026-03-18,276.39,Basic,Success
T0001428,U016931,2026-03-19,257.14,Basic,Success
T0001429,U016935,2026-04-22,696.04,Basic,Success
T0001430,U016940,2026-03-18,319.79,Pro,Success
T0001431,U016944,2026-03-17,770.64,Premium,Success
T0001432,U016947,2026-03-31,135.25,Premium,Success
T0001433,U016952,2026-02-27,1221.04,Basic,Success
T0001434,U016972,2026-02-06,370.54,Basic,Success
T0001435,U016973,2026-03-20,784.93,Premium,Success
T0001436,U016992,2026-02-12,361.76,Basic,Success
T0001437,U017001,2026-02-16,717.94,Pro,Success
T0001438,U017025,2026-04-11,1779.51,Pro,Success
T0001439,U017026,2026-01-15,814.56,Pro,Success
T0001440,U017028,2026-02-09,516.12,Basic,Success
T0001441,U017075,2026-03-09,1215.63,Pro,Success
T0001442,U017077,2026-03-12,216.03,Basic,Success
T0001443,U017099,2026-02-13,380.09,Pro,Success
T0001444,U017101,2026-02-11,992.02,Pro,Success
T0001445,U017120,2026-03-20,156.48,Basic,Success
T0001446,U017137,2026-03-16,1857.4,Basic,Success
T0001447,U017153,2026-01-20,1892.08,Basic,Success
T0001448,U017157,2026-01-10,858.71,Pro,Success
T0001449,U017166,2026-02-08,147.46,Premium,Failed
T0001450,U017167,2026-03-16,1283.63,Basic,Success
T0001451,U017175,2026-01-21,1692.87,Pro,Success
T0001452,U017184,2026-01-29,654.06,Basic,Success
T0001453,U017191,2026-03-21,937.51,Pro,Success
T0001454,U017237,2026-04-12,347.25,Basic,Failed
T0001455,U017245,2026-04-06,588.7,Basic,Success
T0001456,U017247,2026-03-13,128.63,Premium,Success
T0001457,U017267,2026-03-29,487.23,Pro,Success
T0001458,U017269,2026-04-12,475.34,Pro,Success
T0001459,U017304,2026-04-26,1384.94,Premium,Success
T0001460,U017316,2026-04-16,560.06,Premium,Success
T0001461,U017335,2026-02-03,311.31,Pro,Success
T0001462,U017345,2026-02-16,882.04,Basic,Success
T0001463,U017357,2026-03-25,302.11,Pro,Success
T0001464,U017378,2026-04-02,706.6,Basic,Success
T0001465,U017385,2026-01-21,857.95,Basic,Success
T0001466,U017406,2026-04-26,488.9,Basic,Success
T0001467,U017436,2026-03-20,206.4,Pro,Success
T0001468,U017441,2026-02-21,222.93,Basic,Success
T0001469,U017448,2026-01-29,70.78,Pro,Success
T0001470,U017449,2026-04-11,733.55,Pro,Success
T0001471,U017452,2026-03-23,552.43,Basic,Success
T0001472,U017453,2026-03-27,1184.8,Pro,Success
T0001473,U017499,2026-03-26,437.88,Pro,Success
T0001474,U017513,2026-04-01,654.13,Basic,Success
T0001475,U017522,2026-02-05,583.49,Basic,Success
T0001476,U017530,2026-02-22,517.71,Pro,Success
T0001477,U017552,2026-03-26,259.31,Pro,Success
T0001478,U017554,2026-02-26,1795.9,Premium,Success
T0001479,U017559,2026-01-28,460.2,Pro,Success
T0001480,U017562,2026-01-29,1039.29,Basic,Failed
T0001481,U017570,2026-02-12,504.04,Premium,Success
T0001482,U017584,2026-03-11,685.54,Pro,Success
T0001483,U017591,2026-01-28,1640.98,Basic,Success
T0001484,U017609,2026-01-19,623.17,Basic,Success
T0001485,U017614,2026-04-06,554.29,Pro,Success
T0001486,U017615,2026-01-23,847.69,Pro,Success
T0001487,U017617,2026-03-21,754.29,Basic,Success
T0001488,U017628,2026-02-07,203.14,Premium,Success
T0001489,U017637,2026-02-20,495.98,Basic,Success
T0001490,U017653,2026-03-01,761.22,Premium,Success
T0001491,U017658,2026-02-03,160.04,Pro,Success
T0001492,U017669,2026-02-15,881.68,Premium,Success
T0001493,U017671,2026-01-22,306.73,Basic,Success
T0001494,U017682,2026-03-10,444.3,Basic,Success
T0001495,U017695,2026-04-02,705.8,Pro,Success
T0001496,U017701,2026-01-25,1267.32,Basic,Failed
T0001497,U017711,2026-02-13,763.93,Premium,Success
T0001498,U017715,2026-04-11,130.21,Basic,Success
T0001499,U017731,2026-02-08,901.27,Basic,Success
T0001500,U017734,2026-03-26,131.13,Premium,Success
T0001501,U017792,2026-03-24,1038.01,Premium,Success
T0001502,U017801,2026-02-14,642.89,Basic,Success
T0001503,U017805,2026-04-13,473.5,Basic,Success
T0001504,U017824,2026-02-15,472.49,Basic,Success
T0001505,U017847,2026-02-04,175.18,Pro,Success
T0001506,U017849,2026-02-12,183.35,Basic,Success
T0001507,U017863,2026-02-14,705.04,Basic,Success
T0001508,U017891,2026-03-04,647.17,Premium,Success
T0001509,U017900,2026-02-16,825.38,Pro,Success
T0001510,U017916,2026-04-17,239.62,Basic,Success
T0001511,U017921,2026-03-09,542.06,Premium,Success
T0001512,U017934,2026-02-19,420.7,Pro,Success
T0001513,U017939,2026-02-10,,Basic,Success
T0001514,U017951,2026-04-03,726.44,Basic,Success
T0001515,U017953,2026-02-15,849.68,Pro,Success
T0001516,U017956,2026-02-06,270.46,Pro,Success
T0001517,U017960,2026-01-18,790.84,Pro,Success
T0001518,U017963,2026-02-02,409.2,Basic,Success
T0001519,U017966,2026-04-20,664.84,Pro,Success
T0001520,U017967,2026-03-18,693.04,Premium,Success
T0001521,U017971,2026-04-11,699.11,Basic,Success
T0001522,U017984,2026-03-26,370.96,Basic,Success
T0001523,U018004,2026-01-18,1784.14,Basic,Success
T0001524,U018016,2026-02-16,1026.2,Basic,Success
T0001525,U018027,2026-04-05,783.56,Pro,Success
T0001526,U018028,2026-01-18,597.06,Basic,Success
T0001527,U018077,2026-03-04,1072.77,Basic,Success
T0001528,U018080,2026-02-23,383.72,Pro,Success
T0001529,U018093,2026-02-01,633.55,Pro,Success
T0001530,U018094,2026-03-11,974.56,Pro,Success
T0001531,U018141,2026-01-20,418.15,Pro,Success
T0001532,U018158,2026-02-17,555.12,Pro,Success
T0001533,U018163,2026-03-12,950.14,Basic,Success
T0001534,U018171,2026-04-02,1360.64,Basic,Success
T0001535,U018172,2026-03-14,371.97,Pro,Success
T0001536,U018187,2026-03-09,213.03,Pro,Success
T0001537,U018206,2026-01-27,1207.02,Premium,Success
T0001538,U018224,2026-01-25,1683.71,Basic,Success
T0001539,U018235,2026-03-12,403.4,Pro,Success
T0001540,U018236,2026-04-04,341.83,Pro,Success
T0001541,U018254,2026-02-15,537.57,Basic,Success
T0001542,U018269,2026-04-01,1305.07,Basic,Success
T0001543,U018270,2026-03-07,1085.27,Basic,Success
T0001544,U018277,2026-03-18,284.77,Basic,Failed
T0001545,U018283,2026-02-06,767.74,Basic,Success
T0001546,U018285,2026-02-27,863.2,Basic,Success
T0001547,U018286,2026-01-17,712.69,Pro,Success
T0001548,U018293,2026-03-01,532.06,Pro,Success
T0001549,U018294,2026-03-09,1528.25,Premium,Failed
T0001550,U018297,2026-04-16,320.67,Basic,Failed
T0001551,U018304,2026-04-02,441.31,Basic,Failed
T0001552,U018307,2026-03-11,,Basic,Success
T0001553,U018323,2026-02-25,364.62,Basic,Success
T0001554,U018324,2026-03-15,741.94,Premium,Success
T0001555,U018328,2026-04-06,286.87,Pro,Success
T0001556,U018336,2026-02-18,864.88,Basic,Success
T0001557,U018338,2026-03-17,818.47,Pro,Success
T0001558,U018346,2026-01-26,317.3,Basic,Success
T0001559,U018351,2026-03-13,1258.2,Basic,Success
T0001560,U018352,2026-01-06,592.11,Pro,Success
T0001561,U018365,2026-04-19,958.26,Pro,Success
T0001562,U018389,2026-01-12,319.24,Pro,Success
T0001563,U018412,2026-01-22,578.54,Pro,Success
T0001564,U018419,2026-04-22,443.19,Basic,Success
T0001565,U018445,2026-02-01,559.72,Pro,Success
T0001566,U018446,2026-03-11,,Premium,Success
T0001567,U018456,2026-01-09,609.87,Pro,Success
T0001568,U018463,2026-02-22,946.92,Pro,Success
T0001569,U018472,2026-02-01,1167.76,Basic,Success
T0001570,U018491,2026-03-09,161.94,Pro,Success
T0001571,U018504,2026-02-25,1263.08,Basic,Success
T0001572,U018515,2026-03-17,136.08,Basic,Success
T0001573,U018518,2026-03-04,885.63,Pro,Success
T0001574,U018527,2026-03-10,831.07,Basic,Success
T0001575,U018529,2026-03-20,1284.77,Basic,Success
T0001576,U018534,2026-02-17,814.07,Premium,Success
T0001577,U018572,2026-04-11,695.53,Pro,Success
T0001578,U018586,2026-04-17,687.43,Pro,Success
T0001579,U018598,2026-03-11,413.99,Pro,Success
T0001580,U018600,2026-03-20,703.34,Pro,Success
T0001581,U018606,2026-04-09,1717.66,Basic,Success
T0001582,U018620,2026-03-26,391.56,Pro,Success
T0001583,U018623,2026-03-22,559.78,Basic,Success
T0001584,U018625,2026-02-12,1099.74,Basic,Failed
T0001585,U018629,2026-01-27,356.49,Basic,Success
T0001586,U018631,2026-04-11,1180.96,Pro,Success
T0001587,U018662,2026-04-07,836.98,Basic,Success
T0001588,U018693,2026-02-13,129.37,Basic,Success
T0001589,U018711,2026-01-30,1789.03,Pro,Success
T0001590,U018746,2026-03-11,1106.99,Basic,Success
T0001591,U018749,2026-01-25,556.81,Pro,Success
T0001592,U018758,2026-04-08,175.78,Basic,Success
T0001593,U018779,2026-04-07,139.03,Basic,Success
T0001594,U018784,2026-03-31,1002.28,Pro,Success
T0001595,U018786,2026-01-20,427.39,Basic,Success
T0001596,U018795,2026-04-11,1656.96,Basic,Success
T0001597,U018829,2026-02-22,500.4,Pro,Success
T0001598,U018846,2026-02-12,354.27,Basic,Success
T0001599,U018854,2026-02-15,1300.9,Pro,Failed
T0001600,U018879,2026-01-12,931.8,Pro,Success
T0001601,U018896,2026-02-08,1281.86,Premium,Success
T0001602,U018909,2026-04-20,563.95,Pro,Failed
T0001603,U018921,2026-03-29,670.03,Basic,Failed
T0001604,U018927,2026-02-15,1084.48,Basic,Success
T0001605,U018938,2026-01-17,1533.31,Basic,Success
T0001606,U018941,2026-03-03,507.02,Pro,Success
T0001607,U018957,2026-03-02,947.01,Basic,Success
T0001608,U018962,2026-02-10,1116.17,Basic,Success
T0001609,U018963,2026-02-03,1093.03,Premium,Success
T0001610,U018965,2026-03-11,236.82,Basic,Success
T0001611,U019008,2026-02-11,228.98,Pro,Success
T0001612,U019022,2026-03-16,1309.1,Pro,Success
T0001613,U019030,2026-03-07,100.65,Premium,Success
T0001614,U019031,2026-03-11,517.44,Basic,Success
T0001615,U019035,2026-02-06,483.91,Pro,Success
T0001616,U019036,2026-03-31,411.83,Basic,Success
T0001617,U019039,2026-03-18,648.89,Premium,Success
T0001618,U019041,2026-02-23,819.62,Pro,Success
T0001619,U019043,2026-03-07,1172.69,Premium,Success
T0001620,U019046,2026-04-03,1671.4,Pro,Success
T0001621,U019047,2026-03-27,1144.92,Pro,Success
T0001622,U019049,2026-02-02,184.89,Pro,Success
T0001623,U019068,2026-04-05,782.37,Pro,Success
T0001624,U019070,2026-03-18,558.52,Basic,Success
T0001625,U019080,2026-02-27,399.49,Basic,Success
T0001626,U019094,2026-04-11,87.01,Pro,Failed
T0001627,U019106,2026-03-13,597.16,Pro,Success
T0001628,U019117,2026-03-03,884.12,Basic,Success
T0001629,U019121,2026-04-27,1012.83,Basic,Success
T0001630,U019122,2026-02-06,1383.46,Pro,Success
T0001631,U019132,2026-03-26,514.3,Basic,Success
T0001632,U019135,2026-03-21,521.26,Basic,Success
T0001633,U019157,2026-04-04,274.2,Premium,Success
T0001634,U019163,2026-02-10,811.81,Basic,Success
T0001635,U019164,2026-02-26,396.46,Basic,Success
T0001636,U019169,2026-03-15,141.81,Basic,Success
T0001637,U019177,2026-02-28,432.39,Premium,Success
T0001638,U019197,2026-02-11,306.83,Pro,Failed
T0001639,U019209,2026-03-31,1143.82,Pro,Success
T0001640,U019216,2026-04-11,504.86,Basic,Success
T0001641,U019218,2026-03-25,385.56,Basic,Success
T0001642,U019227,2026-01-28,428.09,Pro,Success
T0001643,U019229,2026-02-26,835.48,Pro,Success
T0001644,U019236,2026-02-25,1225.14,Pro,Success
T0001645,U019258,2026-01-22,649.57,Pro,Success
T0001646,U019284,2026-02-10,787.61,Basic,Success
T0001647,U019308,2026-03-12,843.19,Premium,Success
T0001648,U019328,2026-02-20,1275.72,Pro,Success
T0001649,U019344,2026-02-15,672.09,Pro,Success
T0001650,U019348,2026-03-19,287.86,Pro,Success
T0001651,U019354,2026-04-16,1262.2,Premium,Success
T0001652,U019357,2026-04-05,562.49,Basic,Success
T0001653,U019379,2026-02-15,1740.23,Pro,Success
T0001654,U019381,2026-03-07,584.23,Premium,Success
T0001655,U019382,2026-01-19,439.83,Pro,Success
T0001656,U019385,2026-03-12,316.44,Premium,Success
T0001657,U019386,2026-04-02,546.14,Basic,Success
T0001658,U019393,2026-02-23,893.91,Pro,Success
T0001659,U019396,2026-03-16,274.95,Basic,Success
T0001660,U019408,2026-04-09,836.56,Basic,Success
T0001661,U019410,2026-02-14,1600.22,Premium,Success
T0001662,U019418,2026-04-01,464.46,Basic,Success
T0001663,U019425,2026-02-20,649.07,Basic,Success
T0001664,U019429,2026-04-25,285.45,Premium,Success
T0001665,U019433,2026-02-01,484.52,Basic,Success
T0001666,U019441,2026-03-12,741.69,Pro,Success
T0001667,U019443,2026-03-05,634.48,Premium,Success
T0001668,U019447,2026-03-28,332.8,Basic,Success
T0001669,U019449,2026-02-26,781.15,Basic,Success
T0001670,U019451,2026-02-28,302.55,Basic,Success
T0001671,U019454,2026-02-18,592.3,Basic,Failed
T0001672,U019455,2026-02-17,761.34,Pro,Success
T0001673,U019478,2026-01-24,338.29,Pro,Success
T0001674,U019480,2026-02-14,559.04,Basic,Failed
T0001675,U019493,2026-01-31,373.3,Pro,Success
T0001676,U019510,2026-02-27,407.11,Pro,Success
T0001677,U019518,2026-04-15,602.06,Basic,Success
T0001678,U019526,2026-04-06,340.5,Basic,Success
T0001679,U019530,2026-02-22,212.95,Premium,Success
T0001680,U019557,2026-01-28,209.49,Pro,Success
T0001681,U019568,2026-01-28,329.19,Pro,Failed
T0001682,U019575,2026-02-12,298.79,Premium,Failed
T0001683,U019586,2026-04-23,491.34,Basic,Success
T0001684,U019592,2026-04-07,921.55,Premium,Success
T0001685,U019614,2026-01-28,538.41,Basic,Success
T0001686,U019615,2026-02-06,337.07,Basic,Success
T0001687,U019621,2026-04-06,193.37,Pro,Success
T0001688,U019628,2026-04-11,960.74,Basic,Success
T0001689,U019638,2026-01-15,302.13,Basic,Success
T0001690,U019639,2026-01-26,844.28,Basic,Failed
T0001691,U019661,2026-04-20,1258.86,Pro,Success
T0001692,U019669,2026-03-18,1047.81,Pro,Success
T0001693,U019688,2026-03-24,921.06,Basic,Failed
T0001694,U019721,2026-04-28,938.86,Pro,Success
T0001695,U019740,2026-02-11,885.01,Premium,Success
T0001696,U019742,2026-02-19,431.68,Basic,Success
T0001697,U019765,2026-03-25,948.71,Basic,Success
T0001698,U019814,2026-03-18,457.36,Premium,Success
T0001699,U019830,2026-01-26,1467.89,Basic,Success
T0001700,U019836,2026-04-24,581.4,Pro,Success
T0001701,U019879,2026-01-27,729.73,Basic,Success
T0001702,U019886,2026-01-11,281.12,Pro,Success
T0001703,U019891,2026-04-10,588.23,Premium,Success
T0001704,U019902,2026-03-17,474.79,Basic,Success
T0001705,U019908,2026-03-02,997.23,Pro,Success
T0001706,U019914,2026-04-03,,Basic,Success
T0001707,U019917,2026-03-13,259.13,Pro,Success
T0001708,U019934,2026-04-12,1007.46,Pro,Success
T0001709,U019935,2026-04-08,319.7,Premium,Success
T0001710,U019950,2026-01-25,483.92,Basic,Success
T0001711,U019953,2026-01-18,314.08,Basic,Success
T0001712,U019958,2026-03-24,715.33,Basic,Success
T0001713,U019959,2026-01-21,442.36,Premium,Success
T0001714,U019965,2026-01-18,594.66,Pro,Success
T0001715,U019970,2026-02-25,902.17,Basic,Success
T0001716,U019971,2026-02-09,933.58,Basic,Success
T0001717,U020014,2026-02-24,503.79,Basic,Success
T0001718,U020019,2026-01-21,1237.7,Basic,Success
T0001719,U020037,2026-03-26,418.55,Basic,Success
T0001720,U020042,2026-03-26,683.31,Basic,Success
T0001721,U020045,2026-02-06,449.41,Basic,Success
T0001722,U020073,2026-02-09,338.11,Basic,Success
T0001723,U020078,2026-01-24,539.26,Basic,Success
T0001724,U020096,2026-02-25,1382.37,Basic,Failed
T0001725,U020100,2026-03-11,1285.3,Basic,Success
T0001726,U020146,2026-02-14,1738.76,Pro,Success
T0001727,U020151,2026-03-29,423.15,Pro,Success
T0001728,U020157,2026-02-08,451.09,Basic,Success
T0001729,U020160,2026-02-26,437.96,Pro,Success
T0001730,U020163,2026-01-11,1365.1,Pro,Success
T0001731,U020210,2026-03-20,407.03,Basic,Success
T0001732,U020232,2026-04-03,135.32,Basic,Success
T0001733,U020237,2026-03-27,1218.77,Pro,Success
T0001734,U020238,2026-04-09,1168.29,Premium,Success
T0001735,U020241,2026-03-06,791.45,Premium,Success
T0001736,U020242,2026-03-20,602.27,Basic,Success
T0001737,U020258,2026-03-26,545.37,Pro,Success
T0001738,U020308,2026-04-13,321.26,Pro,Success
T0001739,U020345,2026-02-05,329.78,Pro,Success
T0001740,U020352,2026-01-15,464.78,Pro,Success
T0001741,U020357,2026-01-18,1098.57,Basic,Success
T0001742,U020390,2026-02-18,560.82,Basic,Success
T0001743,U020396,2026-03-24,281.51,Basic,Success
T0001744,U020402,2026-01-26,871.33,Basic,Success
T0001745,U020404,2026-04-18,536.26,Premium,Success
T0001746,U020421,2026-03-19,864.61,Pro,Success
T0001747,U020463,2026-02-19,182.87,Pro,Success
T0001748,U020467,2026-04-08,1195.68,Pro,Success
T0001749,U020475,2026-02-24,1553.21,Basic,Success
T0001750,U020484,2026-04-05,281.46,Basic,Success
T0001751,U020486,2026-03-08,1132.6,Basic,Success
T0001752,U020500,2026-02-09,187.54,Basic,Success
T0001753,U020511,2026-02-08,,Pro,Success
T0001754,U020515,2026-02-18,1570.12,Pro,Success
T0001755,U020526,2026-01-12,703.14,Basic,Success
T0001756,U020532,2026-02-05,403.58,Basic,Success
T0001757,U020534,2026-01-29,226.52,Basic,Success
T0001758,U020536,2026-01-19,893.12,Pro,Success
T0001759,U020553,2026-04-07,1190.93,Basic,Success
T0001760,U020582,2026-03-05,520.64,Pro,Success
T0001761,U020583,2026-01-12,935.92,Premium,Success
T0001762,U020585,2026-04-03,1087.12,Pro,Success
T0001763,U020592,2026-01-11,492.68,Basic,Success
T0001764,U020598,2026-01-17,608.9,Basic,Success
T0001765,U020614,2026-03-31,715.0,Basic,Success
T0001766,U020662,2026-03-04,321.39,Pro,Success
T0001767,U020670,2026-03-20,1833.33,Basic,Success
T0001768,U020675,2026-03-28,614.54,Basic,Failed
T0001769,U020679,2026-02-07,216.61,Pro,Success
T0001770,U020682,2026-02-26,369.23,Pro,Success
T0001771,U020683,2026-04-16,1251.5,Pro,Success
T0001772,U020692,2026-02-21,244.94,Pro,Success
T0001773,U020704,2026-01-28,1123.51,Basic,Success
T0001774,U020732,2026-04-16,1296.69,Premium,Success
T0001775,U020734,2026-03-02,98.49,Basic,Success
T0001776,U020748,2026-01-19,1204.33,Basic,Success
T0001777,U020767,2026-04-04,672.72,Premium,Success
T0001778,U020808,2026-01-30,1038.83,Basic,Success
T0001779,U020821,2026-03-14,704.44,Premium,Failed
T0001780,U020833,2026-02-07,496.54,Premium,Success
T0001781,U020844,2026-04-01,440.42,Pro,Success
T0001782,U020854,2026-02-09,847.45,Basic,Success
T0001783,U020877,2026-03-31,477.83,Premium,Success
T0001784,U020879,2026-01-24,305.13,Premium,Success
T0001785,U020887,2026-04-17,326.82,Basic,Failed
T0001786,U020888,2026-03-29,581.05,Basic,Success
T0001787,U020899,2026-01-29,850.35,Pro,Success
T0001788,U020907,2026-02-23,764.15,Pro,Success
T0001789,U020922,2026-01-12,425.1,Pro,Success
T0001790,U020928,2026-02-18,708.75,Pro,Success
T0001791,U020946,2026-04-14,1383.48,Pro,Success
T0001792,U020951,2026-03-01,867.06,Basic,Success
T0001793,U020958,2026-04-02,516.81,Basic,Failed
T0001794,U020998,2026-03-17,1013.82,Basic,Success
T0001795,U021000,2026-01-30,710.5,Basic,Success
T0001796,U021013,2026-04-01,685.53,Premium,Success
T0001797,U021019,2026-02-16,516.78,Basic,Success
T0001798,U021082,2026-03-07,660.14,Basic,Success
T0001799,U021083,2026-04-08,387.23,Premium,Success
T0001800,U021106,2026-01-24,1897.3,Pro,Success
T0001801,U021146,2026-03-26,628.69,Basic,Success
T0001802,U021147,2026-03-15,762.44,Basic,Success
T0001803,U021169,2026-04-12,425.14,Basic,Success
T0001804,U021183,2026-03-11,785.93,Pro,Success
T0001805,U021188,2026-01-31,,Premium,Success
T0001806,U021201,2026-03-23,2010.85,Basic,Success
T0001807,U021206,2026-04-03,1131.94,Pro,Success
T0001808,U021208,2026-02-05,297.35,Basic,Success
T0001809,U021218,2026-03-04,186.52,Basic,Success
T0001810,U021222,2026-03-26,773.04,Pro,Success
T0001811,U021227,2026-02-07,242.18,Pro,Success
T0001812,U021229,2026-02-09,1062.02,Basic,Success
T0001813,U021235,2026-02-25,676.03,Premium,Success
T0001814,U021244,2026-01-27,380.13,Basic,Success
T0001815,U021262,2026-03-01,1127.55,Premium,Success
T0001816,U021265,2026-03-07,475.72,Basic,Success
T0001817,U021272,2026-03-11,1182.31,Pro,Success
T0001818,U021277,2026-03-03,616.63,Basic,Success
T0001819,U021279,2026-03-04,729.02,Basic,Success
T0001820,U021294,2026-01-14,2243.58,Premium,Success
T0001821,U021303,2026-02-04,813.15,Pro,Success
T0001822,U021304,2026-03-12,682.47,Basic,Success
T0001823,U021343,2026-02-23,487.05,Premium,Success
T0001824,U021389,2026-04-02,1525.92,Premium,Success
T0001825,U021412,2026-03-01,1131.17,Basic,Success
T0001826,U021413,2026-01-29,824.88,Pro,Failed
T0001827,U021414,2026-03-04,822.88,Basic,Success
T0001828,U021419,2026-03-19,1058.84,Pro,Success
T0001829,U021422,2026-01-26,920.7,Basic,Success
T0001830,U021425,2026-03-11,248.71,Basic,Success
T0001831,U021439,2026-03-22,740.68,Pro,Success
T0001832,U021459,2026-03-10,1447.95,Premium,Success
T0001833,U021474,2026-01-23,731.75,Pro,Success
T0001834,U021475,2026-03-29,369.28,Premium,Success
T0001835,U021504,2026-04-18,420.03,Basic,Success
T0001836,U021526,2026-02-22,698.98,Basic,Success
T0001837,U021562,2026-03-28,1302.21,Pro,Success
T0001838,U021588,2026-03-19,727.19,Premium,Success
T0001839,U021592,2026-02-25,1210.01,Basic,Failed
T0001840,U021618,2026-01-25,295.3,Pro,Success
T0001841,U021625,2026-03-15,147.5,Premium,Success
T0001842,U021636,2026-03-17,468.28,Basic,Success
T0001843,U021688,2026-01-20,330.77,Basic,Success
T0001844,U021730,2026-03-21,291.88,Pro,Success
T0001845,U021734,2026-03-10,629.2,Basic,Success
T0001846,U021742,2026-04-08,283.48,Basic,Success
T0001847,U021748,2026-01-30,770.03,Pro,Success
T0001848,U021763,2026-02-16,1047.29,Basic,Success
T0001849,U021781,2026-03-21,1034.96,Pro,Success
T0001850,U021794,2026-02-19,881.29,Basic,Success
T0001851,U021795,2026-02-01,883.4,Basic,Success
T0001852,U021800,2026-03-23,270.12,Basic,Success
T0001853,U021805,2026-01-19,602.57,Pro,Success
T0001854,U021820,2026-01-29,978.53,Premium,Success
T0001855,U021831,2026-03-24,560.86,Basic,Success
T0001856,U021833,2026-02-08,325.86,Pro,Success
T0001857,U021835,2026-03-24,1076.34,Basic,Success
T0001858,U021852,2026-02-03,752.22,Basic,Success
T0001859,U021865,2026-03-05,,Basic,Success
T0001860,U021869,2026-03-23,640.25,Basic,Success
T0001861,U021873,2026-02-05,679.09,Pro,Success
T0001862,U021889,2026-03-10,512.05,Premium,Success
T0001863,U021891,2026-03-13,782.1,Pro,Success
T0001864,U021895,2026-04-23,912.64,Basic,Success
T0001865,U021905,2026-04-10,685.99,Pro,Success
T0001866,U021914,2026-03-18,425.48,Pro,Success
T0001867,U021915,2026-03-20,216.46,Premium,Success
T0001868,U021916,2026-02-23,273.93,Premium,Success
T0001869,U021930,2026-04-03,963.63,Pro,Success
T0001870,U021946,2026-03-20,519.18,Premium,Failed
T0001871,U021950,2026-03-30,2138.22,Pro,Success
T0001872,U021965,2026-02-28,919.46,Premium,Success
T0001873,U022013,2026-03-29,395.99,Premium,Success
T0001874,U022014,2026-03-24,2432.3,Basic,Success
T0001875,U022017,2026-02-12,332.39,Premium,Success
T0001876,U022051,2026-02-12,225.29,Basic,Success
T0001877,U022066,2026-03-22,1129.82,Premium,Success
T0001878,U022070,2026-02-27,495.42,Basic,Success
T0001879,U022075,2026-02-01,282.74,Pro,Success
T0001880,U022087,2026-01-12,803.42,Basic,Success
T0001881,U022102,2026-03-04,846.89,Basic,Failed
T0001882,U022120,2026-03-02,305.75,Basic,Success
T0001883,U022144,2026-02-24,446.99,Basic,Failed
T0001884,U022150,2026-03-20,897.25,Basic,Success
T0001885,U022163,2026-03-19,68.11,Premium,Success
T0001886,U022167,2026-04-09,684.66,Basic,Success
T0001887,U022176,2026-02-03,365.65,Pro,Success
T0001888,U022177,2026-03-30,284.2,Pro,Success
T0001889,U022190,2026-03-06,479.51,Pro,Success
T0001890,U022192,2026-01-29,377.19,Pro,Success
T0001891,U022195,2026-04-02,877.4,Basic,Success
T0001892,U022196,2026-02-07,1018.52,Premium,Success
T0001893,U022221,2026-03-01,707.36,Premium,Success
T0001894,U022223,2026-02-18,1462.41,Basic,Success
T0001895,U022228,2026-04-13,238.55,Basic,Success
T0001896,U022248,2026-01-25,561.59,Pro,Success
T0001897,U022256,2026-03-04,1523.86,Basic,Success
T0001898,U022268,2026-04-03,623.63,Pro,Success
T0001899,U022271,2026-01-27,,Pro,Success
T0001900,U022294,2026-03-05,629.84,Basic,Success
T0001901,U022295,2026-03-19,294.04,Basic,Success
T0001902,U022318,2026-01-29,101.97,Basic,Success
T0001903,U022323,2026-02-21,778.75,Basic,Success
T0001904,U022324,2026-01-27,756.63,Pro,Success
T0001905,U022346,2026-03-01,283.16,Pro,Success
T0001906,U022364,2026-03-23,873.04,Basic,Success
T0001907,U022382,2026-03-26,241.38,Pro,Success
T0001908,U022391,2026-02-03,452.8,Basic,Success
T0001909,U022404,2026-03-10,1113.48,Pro,Success
T0001910,U022406,2026-03-12,743.73,Basic,Success
T0001911,U022435,2026-02-18,1338.7,Premium,Success
T0001912,U022453,2026-03-17,504.51,Basic,Success
T0001913,U022454,2026-03-19,387.93,Pro,Success
T0001914,U022471,2026-02-14,693.85,Premium,Success
T0001915,U022482,2026-03-23,627.78,Pro,Success
T0001916,U022487,2026-02-27,1376.8,Basic,Success
T0001917,U022503,2026-01-17,1409.83,Basic,Failed
T0001918,U022540,2026-01-17,1425.68,Pro,Failed
T0001919,U022545,2026-03-26,1135.43,Basic,Success
T0001920,U022551,2026-03-21,264.03,Pro,Success
T0001921,U022553,2026-03-11,553.89,Premium,Success
T0001922,U022579,2026-02-14,171.18,Pro,Success
T0001923,U022596,2026-02-20,1454.97,Basic,Success
T0001924,U022607,2026-04-02,426.95,Pro,Success
T0001925,U022630,2026-02-27,815.96,Premium,Success
T0001926,U022669,2026-03-02,281.88,Basic,Success
T0001927,U022671,2026-04-14,520.05,Basic,Success
T0001928,U022695,2026-02-21,634.84,Pro,Success
T0001929,U022696,2026-01-16,1297.75,Premium,Success
T0001930,U022699,2026-03-15,901.42,Basic,Success
T0001931,U022705,2026-02-12,386.76,Premium,Success
T0001932,U022715,2026-04-07,1805.61,Premium,Success
T0001933,U022718,2026-04-23,342.77,Basic,Success
T0001934,U022725,2026-02-01,590.49,Pro,Success
T0001935,U022727,2026-02-11,557.32,Premium,Success
T0001936,U022728,2026-04-21,277.02,Basic,Success
T0001937,U022729,2026-04-03,809.67,Pro,Success
T0001938,U022755,2026-02-20,609.67,Basic,Success
T0001939,U022799,2026-02-02,236.3,Basic,Success
T0001940,U022801,2026-03-10,464.76,Premium,Success
T0001941,U022802,2026-04-17,445.18,Basic,Success
T0001942,U022806,2026-02-13,1121.47,Premium,Success
T0001943,U022808,2026-02-28,869.43,Basic,Failed
T0001944,U022810,2026-02-25,138.4,Premium,Success
T0001945,U022829,2026-03-18,614.38,Pro,Success
T0001946,U022843,2026-02-18,1586.48,Basic,Success
T0001947,U022847,2026-02-15,696.86,Pro,Success
T0001948,U022852,2026-01-26,1024.44,Pro,Success
T0001949,U022857,2026-02-01,386.96,Premium,Success
T0001950,U022859,2026-02-18,637.36,Premium,Success
T0001951,U022866,2026-02-12,931.74,Premium,Success
T0001952,U022873,2026-01-31,280.37,Pro,Success
T0001953,U022890,2026-03-23,954.37,Basic,Success
T0001954,U022892,2026-03-21,1119.57,Basic,Success
T0001955,U022900,2026-01-31,557.63,Pro,Success
T0001956,U022919,2026-01-27,528.27,Pro,Success
T0001957,U022947,2026-04-22,426.14,Basic,Success
T0001958,U022953,2026-03-11,423.44,Premium,Success
T0001959,U022959,2026-04-08,385.83,Premium,Success
T0001960,U022971,2026-04-10,260.1,Basic,Success
T0001961,U022975,2026-01-15,837.79,Premium,Success
T0001962,U022985,2026-02-20,704.62,Premium,Success
T0001963,U023001,2026-02-15,599.75,Pro,Success
T0001964,U023002,2026-02-28,261.21,Basic,Success
T0001965,U023012,2026-04-08,847.6,Basic,Success
T0001966,U023023,2026-03-20,706.82,Premium,Success
T0001967,U023029,2026-03-31,733.83,Pro,Success
T0001968,U023031,2026-02-08,86.25,Premium,Success
T0001969,U023037,2026-01-17,326.96,Pro,Success
T0001970,U023038,2026-02-11,659.03,Basic,Success
T0001971,U023040,2026-02-17,369.58,Basic,Success
T0001972,U023051,2026-04-08,595.92,Basic,Success
T0001973,U023075,2026-02-04,324.63,Premium,Success
T0001974,U023080,2026-03-27,2054.87,Basic,Success
T0001975,U023093,2026-04-09,457.88,Pro,Success
T0001976,U023096,2026-03-16,1152.35,Pro,Success
T0001977,U023097,2026-03-21,455.63,Basic,Success
T0001978,U023114,2026-02-15,581.89,Pro,Success
T0001979,U023127,2026-03-18,296.18,Pro,Failed
T0001980,U023128,2026-03-26,1007.23,Pro,Success
T0001981,U023139,2026-04-11,235.84,Basic,Success
T0001982,U023149,2026-02-17,604.34,Basic,Success
T0001983,U023158,2026-02-24,673.25,Basic,Success
T0001984,U023173,2026-02-14,739.79,Pro,Failed
T0001985,U023183,2026-03-24,735.23,Pro,Success
T0001986,U023192,2026-03-25,443.65,Basic,Success
T0001987,U023204,2026-02-06,225.14,Pro,Success
T0001988,U023214,2026-03-13,1352.09,Pro,Success
T0001989,U023218,2026-03-29,276.89,Basic,Success
T0001990,U023240,2026-01-21,1496.22,Premium,Success
T0001991,U023241,2026-02-05,874.26,Premium,Failed
T0001992,U023244,2026-01-27,500.58,Basic,Success
T0001993,U023245,2026-02-28,695.08,Basic,Success
T0001994,U023249,2026-02-16,780.01,Basic,Success
T0001995,U023269,2026-03-06,1757.42,Pro,Success
T0001996,U023277,2026-02-16,1052.39,Basic,Success
T0001997,U023282,2026-04-21,472.76,Premium,Success
T0001998,U023293,2026-02-18,454.31,Basic,Success
T0001999,U023300,2026-02-13,869.92,Pro,Success
T0002000,U023405,2026-01-17,1318.11,Pro,Success
T0002001,U023412,2026-03-01,415.73,Premium,Success
T0002002,U023416,2026-02-02,1604.0,Pro,Success
T0002003,U023421,2026-03-01,476.14,Basic,Success
T0002004,U023452,2026-03-10,520.89,Basic,Success
T0002005,U023454,2026-02-01,342.42,Basic,Success
T0002006,U023455,2026-02-12,224.69,Pro,Success
T0002007,U023459,2026-02-19,1390.53,Pro,Failed
T0002008,U023467,2026-03-19,369.23,Basic,Success
T0002009,U023493,2026-02-17,484.51,Premium,Failed
T0002010,U023513,2026-04-10,428.72,Pro,Success
T0002011,U023558,2026-03-06,619.22,Basic,Success
T0002012,U023572,2026-04-10,962.53,Basic,Success
T0002013,U023575,2026-04-15,470.18,Pro,Success
T0002014,U023590,2026-03-11,211.69,Premium,Success
T0002015,U023593,2026-02-18,212.79,Basic,Failed
T0002016,U023598,2026-01-29,1033.18,Basic,Success
T0002017,U023635,2026-01-25,736.83,Basic,Success
T0002018,U023653,2026-02-13,542.34,Pro,Success
T0002019,U023677,2026-03-17,2008.3,Basic,Success
T0002020,U023679,2026-01-30,,Basic,Success
T0002021,U023701,2026-04-11,647.84,Pro,Success
T0002022,U023705,2026-01-20,2150.81,Basic,Failed
T0002023,U023707,2026-03-05,859.66,Basic,Success
T0002024,U023743,2026-02-19,661.64,Pro,Success
T0002025,U023744,2026-04-06,1178.94,Pro,Success
T0002026,U023749,2026-02-12,515.35,Basic,Success
T0002027,U023755,2026-02-23,306.57,Premium,Success
T0002028,U023823,2026-03-22,272.37,Pro,Success
T0002029,U023865,2026-02-06,670.7,Premium,Success
T0002030,U023873,2026-03-11,749.0,Basic,Success
T0002031,U023895,2026-04-01,540.09,Pro,Success
T0002032,U023902,2026-03-19,115.64,Basic,Success
T0002033,U023908,2026-01-29,1204.86,Basic,Success
T0002034,U023909,2026-01-30,274.12,Basic,Success
T0002035,U023925,2026-03-03,211.94,Basic,Success
T0002036,U023937,2026-02-05,531.46,Pro,Success
T0002037,U023987,2026-02-08,339.41,Premium,Success
T0002038,U023988,2026-03-28,598.37,Pro,Success
T0002039,U023991,2026-02-24,479.07,Pro,Success
T0002040,U023995,2026-03-09,639.48,Pro,Success
T0002041,U024018,2026-03-25,525.44,Pro,Success
T0002042,U024020,2026-04-17,1508.27,Premium,Success
T0002043,U024042,2026-03-19,285.55,Pro,Success
T0002044,U024043,2026-02-17,1491.45,Basic,Success
T0002045,U024091,2026-01-20,122.39,Basic,Success
T0002046,U024095,2026-03-05,384.65,Basic,Success
T0002047,U024122,2026-02-27,366.24,Basic,Success
T0002048,U024125,2026-03-05,364.81,Basic,Success
T0002049,U024138,2026-03-18,985.11,Pro,Success
T0002050,U024172,2026-03-30,482.13,Basic,Success
T0002051,U024178,2026-01-14,220.69,Pro,Success
T0002052,U024181,2026-01-28,452.1,Pro,Success
T0002053,U024191,2026-03-18,539.46,Pro,Success
T0002054,U024199,2026-03-29,686.89,Premium,Success
T0002055,U024214,2026-03-24,362.18,Basic,Failed
T0002056,U024223,2026-03-07,399.75,Pro,Success
T0002057,U024240,2026-04-20,699.32,Pro,Success
T0002058,U024251,2026-04-07,511.08,Basic,Success
T0002059,U024254,2026-01-13,617.58,Basic,Success
T0002060,U024266,2026-03-20,403.72,Basic,Success
T0002061,U024272,2026-04-10,622.01,Pro,Failed
T0002062,U024296,2026-03-30,560.87,Pro,Success
T0002063,U024302,2026-04-01,641.83,Pro,Success
T0002064,U024315,2026-01-15,158.83,Pro,Success
T0002065,U024344,2026-03-04,742.09,Pro,Success
T0002066,U024345,2026-01-06,493.94,Basic,Success
T0002067,U024364,2026-02-18,583.19,Pro,Success
T0002068,U024384,2026-03-14,198.82,Pro,Success
T0002069,U024400,2026-03-04,543.29,Premium,Success
T0002070,U024416,2026-03-20,522.58,Pro,Success
T0002071,U024420,2026-01-31,913.23,Pro,Success
T0002072,U024445,2026-02-02,1021.19,Basic,Success
T0002073,U024482,2026-02-27,1381.06,Pro,Success
T0002074,U024486,2026-03-29,1135.25,Pro,Success
T0002075,U024496,2026-03-31,1108.57,Pro,Success
T0002076,U024502,2026-01-20,214.22,Basic,Success
T0002077,U024506,2026-03-08,1307.88,Basic,Success
T0002078,U024512,2026-04-03,1354.06,Basic,Success
T0002079,U024519,2026-01-26,205.3,Basic,Success
T0002080,U024528,2026-03-22,349.63,Basic,Success
T0002081,U024534,2026-03-23,241.86,Basic,Failed
T0002082,U024543,2026-02-03,174.97,Premium,Success
T0002083,U024550,2026-01-27,577.48,Basic,Success
T0002084,U024555,2026-04-08,424.57,Basic,Success
T0002085,U024632,2026-03-10,441.66,Pro,Success
T0002086,U024636,2026-02-18,434.8,Basic,Success
T0002087,U024640,2026-03-02,743.43,Basic,Success
T0002088,U024641,2026-03-20,875.26,Basic,Success
T0002089,U024671,2026-02-16,505.5,Basic,Success
T0002090,U024703,2026-03-13,931.79,Pro,Failed
T0002091,U024704,2026-03-22,511.64,Pro,Success
T0002092,U024707,2026-04-08,726.11,Basic,Success
T0002093,U024737,2026-01-20,631.87,Pro,Success
T0002094,U024745,2026-01-15,734.93,Pro,Success
T0002095,U024750,2026-01-14,1061.66,Basic,Success
T0002096,U024769,2026-03-14,627.71,Pro,Success
T0002097,U024779,2026-01-13,611.69,Pro,Success
T0002098,U024791,2026-01-17,779.07,Pro,Success
T0002099,U024800,2026-04-21,563.87,Basic,Success
T0002100,U024835,2026-04-11,100.85,Basic,Success
T0002101,U024852,2026-03-25,337.79,Basic,Success
T0002102,U024854,2026-01-24,527.54,Basic,Success
T0002103,U024865,2026-02-23,436.05,Pro,Success
T0002104,U024870,2026-04-08,575.39,Basic,Success
T0002105,U024889,2026-01-30,566.98,Pro,Success
T0002106,U024930,2026-02-07,567.91,Basic,Success
T0002107,U024940,2026-02-21,529.13,Pro,Success
T0002108,U024949,2026-01-18,363.47,Basic,Success
T0002109,U024951,2026-01-26,780.43,Pro,Success
T0002110,U024964,2026-02-17,135.01,Basic,Success
T0002111,U025025,2026-03-16,1096.19,Pro,Success
T0002112,U025027,2026-02-01,1060.73,Basic,Success
T0002113,U025030,2026-02-15,402.79,Premium,Failed
T0002114,U025046,2026-03-14,834.95,Basic,Success
T0002115,U025075,2026-02-24,274.2,Pro,Success
T0002116,U025076,2026-04-13,791.67,Basic,Success
T0002117,U025089,2026-02-23,500.61,Basic,Success
T0002118,U025093,2026-03-13,913.22,Pro,Success
T0002119,U025127,2026-03-03,1781.98,Basic,Success
T0002120,U025139,2026-01-21,975.83,Pro,Success
T0002121,U025148,2026-03-06,602.82,Premium,Success
T0002122,U025159,2026-02-09,442.19,Pro,Success
T0002123,U025180,2026-03-25,96.25,Premium,Success
T0002124,U025188,2026-01-12,242.45,Basic,Success
T0002125,U025192,2026-04-23,254.86,Basic,Success
T0002126,U025193,2026-03-10,327.76,Basic,Success
T0002127,U025199,2026-03-04,1106.28,Basic,Success
T0002128,U025231,2026-04-17,758.25,Premium,Failed
T0002129,U025234,2026-04-15,260.44,Premium,Failed
T0002130,U025240,2026-01-25,75.48,Basic,Success
T0002131,U025242,2026-02-11,851.42,Basic,Success
T0002132,U025254,2026-01-28,742.36,Basic,Success
T0002133,U025269,2026-04-11,415.62,Basic,Success
T0002134,U025290,2026-02-22,932.78,Basic,Success
T0002135,U025300,2026-01-21,375.75,Basic,Success
T0002136,U025312,2026-04-13,1008.13,Basic,Success
T0002137,U025316,2026-01-24,816.46,Premium,Success
T0002138,U025330,2026-02-10,1364.65,Basic,Success
T0002139,U025334,2026-03-26,644.11,Pro,Success
T0002140,U025352,2026-01-25,686.92,Pro,Failed
T0002141,U025353,2026-01-10,1200.88,Premium,Success
T0002142,U025355,2026-03-28,1308.72,Basic,Success
T0002143,U025377,2026-01-16,737.83,Pro,Failed
T0002144,U025393,2026-01-26,587.79,Basic,Success
T0002145,U025406,2026-03-13,482.62,Basic,Success
T0002146,U025416,2026-04-18,471.56,Basic,Success
T0002147,U025417,2026-02-06,847.12,Basic,Success
T0002148,U025420,2026-02-05,781.18,Basic,Success
T0002149,U025421,2026-04-01,577.18,Basic,Success
T0002150,U025428,2026-03-27,324.12,Pro,Success
T0002151,U025436,2026-01-29,456.47,Basic,Success
T0002152,U025442,2026-02-19,356.76,Premium,Success
T0002153,U025449,2026-02-28,609.75,Pro,Success
T0002154,U025454,2026-02-05,960.63,Basic,Success
T0002155,U025456,2026-04-05,1311.52,Pro,Success
T0002156,U025459,2026-04-23,796.16,Pro,Success
T0002157,U025464,2026-02-10,137.61,Pro,Success
T0002158,U025503,2026-04-24,577.94,Basic,Success
T0002159,U025510,2026-02-24,585.11,Basic,Success
T0002160,U025524,2026-03-24,584.68,Basic,Failed
T0002161,U025528,2026-04-05,161.98,Basic,Success
T0002162,U025529,2026-04-03,84.25,Pro,Success
T0002163,U025553,2026-02-07,448.56,Basic,Success
T0002164,U025554,2026-04-05,149.13,Basic,Success
T0002165,U025556,2026-04-05,1721.03,Basic,Success
T0002166,U025557,2026-04-17,654.79,Premium,Success
T0002167,U025568,2026-02-12,680.88,Premium,Success
T0002168,U025594,2026-03-26,1036.06,Pro,Success
T0002169,U025599,2026-04-16,533.46,Basic,Success
T0002170,U025621,2026-03-30,991.03,Basic,Success
T0002171,U025627,2026-04-01,684.46,Basic,Success
T0002172,U025663,2026-01-16,,Pro,Success
T0002173,U025670,2026-02-04,309.35,Basic,Success
T0002174,U025674,2026-02-13,174.24,Pro,Success
T0002175,U025687,2026-03-04,505.59,Pro,Success
T0002176,U025696,2026-04-13,451.77,Basic,Success
T0002177,U025703,2026-04-01,681.05,Pro,Success
T0002178,U025734,2026-03-08,580.78,Basic,Success
T0002179,U025771,2026-03-31,567.29,Basic,Success
T0002180,U025782,2026-04-01,548.13,Pro,Failed
T0002181,U025807,2026-02-28,1309.63,Pro,Success
T0002182,U025811,2026-02-27,380.79,Basic,Success
T0002183,U025827,2026-02-10,463.88,Pro,Success
T0002184,U025857,2026-02-16,222.25,Pro,Failed
T0002185,U025866,2026-02-11,,Basic,Success
T0002186,U025880,2026-02-20,279.36,Basic,Success
T0002187,U025895,2026-02-06,356.55,Basic,Success
T0002188,U025928,2026-01-29,431.11,Basic,Success
T0002189,U025963,2026-02-01,1012.04,Basic,Success
T0002190,U025968,2026-01-25,438.33,Basic,Success
T0002191,U025979,2026-03-03,793.46,Pro,Success
T0002192,U025991,2026-03-12,525.84,Basic,Failed
T0002193,U025998,2026-01-31,946.06,Basic,Success
T0002194,U026001,2026-03-13,1089.3,Basic,Success
T0002195,U026015,2026-02-07,525.39,Basic,Success
T0002196,U026041,2026-01-17,255.04,Premium,Success
T0002197,U026055,2026-04-04,490.29,Pro,Success
T0002198,U026063,2026-02-03,543.07,Basic,Success
T0002199,U026080,2026-01-28,254.07,Pro,Success
T0002200,U026081,2026-02-28,1408.93,Pro,Success
T0002201,U026082,2026-02-13,429.01,Basic,Success
T0002202,U026084,2026-03-16,905.51,Basic,Success
T0002203,U026092,2026-02-12,702.09,Basic,Success
T0002204,U026095,2026-02-05,713.57,Basic,Success
T0002205,U026106,2026-04-16,785.31,Pro,Success
T0002206,U026115,2026-03-29,973.08,Pro,Success
T0002207,U026116,2026-02-05,632.74,Pro,Success
T0002208,U026123,2026-02-21,1364.49,Basic,Success
T0002209,U026135,2026-02-05,1024.6,Basic,Success
T0002210,U026156,2026-03-21,570.79,Premium,Success
T0002211,U026158,2026-04-09,741.19,Pro,Success
T0002212,U026168,2026-03-16,55.55,Basic,Success
T0002213,U026176,2026-02-01,544.57,Pro,Success
T0002214,U026187,2026-04-17,200.12,Premium,Success
T0002215,U026191,2026-02-24,138.9,Basic,Success
T0002216,U026224,2026-03-21,478.47,Pro,Success
T0002217,U026228,2026-04-04,730.76,Premium,Success
T0002218,U026234,2026-03-22,853.43,Pro,Success
T0002219,U026242,2026-03-08,380.89,Pro,Success
T0002220,U026245,2026-04-12,928.28,Basic,Success
T0002221,U026253,2026-02-24,477.6,Premium,Success
T0002222,U026259,2026-03-11,472.8,Basic,Success
T0002223,U026282,2026-01-23,1718.29,Premium,Success
T0002224,U026284,2026-04-02,1295.15,Basic,Success
T0002225,U026286,2026-03-17,403.15,Premium,Success
T0002226,U026303,2026-02-10,436.89,Pro,Success
T0002227,U026307,2026-02-15,703.14,Basic,Success
T0002228,U026324,2026-04-10,793.18,Premium,Success
T0002229,U026332,2026-02-22,1651.21,Premium,Success
T0002230,U026334,2026-03-21,1349.41,Basic,Success
T0002231,U026373,2026-02-16,890.27,Pro,Failed
T0002232,U026394,2026-03-17,860.33,Basic,Success
T0002233,U026398,2026-04-05,586.51,Basic,Success
T0002234,U026401,2026-04-03,177.51,Pro,Failed
T0002235,U026404,2026-01-26,850.3,Premium,Success
T0002236,U026408,2026-03-15,605.13,Basic,Success
T0002237,U026430,2026-02-01,879.63,Basic,Success
T0002238,U026433,2026-04-03,476.96,Basic,Success
T0002239,U026439,2026-03-16,742.47,Premium,Success
T0002240,U026450,2026-04-21,144.79,Basic,Success
T0002241,U026453,2026-03-07,653.15,Pro,Success
T0002242,U026461,2026-01-29,422.7,Basic,Success
T0002243,U026472,2026-03-13,739.38,Basic,Success
T0002244,U026483,2026-03-04,630.31,Basic,Success
T0002245,U026506,2026-04-08,1491.87,Pro,Success
T0002246,U026511,2026-03-07,945.52,Basic,Success
T0002247,U026518,2026-02-13,990.37,Pro,Failed
T0002248,U026543,2026-02-07,736.33,Basic,Success
T0002249,U026553,2026-02-08,408.85,Basic,Success
T0002250,U026556,2026-03-21,438.98,Basic,Success
T0002251,U026558,2026-01-23,298.75,Premium,Success
T0002252,U026564,2026-02-01,1444.34,Basic,Success
T0002253,U026577,2026-03-13,378.57,Pro,Success
T0002254,U026581,2026-04-24,600.9,Premium,Success
T0002255,U026586,2026-02-12,372.91,Pro,Success
T0002256,U026662,2026-01-28,975.61,Basic,Success
T0002257,U026671,2026-04-27,1165.43,Basic,Success
T0002258,U026698,2026-04-20,670.05,Basic,Success
T0002259,U026715,2026-02-23,349.06,Pro,Success
T0002260,U026718,2026-04-11,1248.06,Premium,Success
T0002261,U026727,2026-03-02,302.16,Basic,Success
T0002262,U026751,2026-02-17,1259.83,Pro,Success
T0002263,U026754,2026-02-07,722.03,Pro,Success
T0002264,U026757,2026-03-20,513.07,Basic,Success
T0002265,U026764,2026-03-08,1130.4,Basic,Success
T0002266,U026777,2026-02-16,544.51,Basic,Success
T0002267,U026791,2026-02-19,315.27,Basic,Success
T0002268,U026815,2026-03-04,989.65,Basic,Success
T0002269,U026829,2026-03-08,1163.16,Pro,Success
T0002270,U026889,2026-03-14,247.69,Basic,Success
T0002271,U026937,2026-02-17,1390.45,Basic,Success
T0002272,U026948,2026-02-28,646.43,Pro,Success
T0002273,U026962,2026-04-04,486.08,Basic,Success
T0002274,U026963,2026-03-21,814.7,Basic,Success
T0002275,U026965,2026-02-01,691.02,Basic,Success
T0002276,U026972,2026-04-23,175.66,Basic,Success
T0002277,U026976,2026-02-20,540.01,Basic,Success
T0002278,U026991,2026-04-03,928.0,Premium,Success
T0002279,U026998,2026-01-26,580.54,Pro,Success
T0002280,U027001,2026-03-28,390.22,Pro,Success
T0002281,U027013,2026-01-20,678.34,Pro,Success
T0002282,U027017,2026-02-24,857.85,Pro,Success
T0002283,U027024,2026-02-14,784.08,Pro,Success
T0002284,U027033,2026-01-29,806.05,Premium,Success
T0002285,U027034,2026-02-03,397.98,Basic,Success
T0002286,U027052,2026-03-30,435.68,Pro,Success
T0002287,U027057,2026-01-26,396.44,Premium,Success
T0002288,U027062,2026-03-19,804.58,Pro,Success
T0002289,U027112,2026-04-02,1132.66,Premium,Success
T0002290,U027120,2026-01-16,810.0,Pro,Success
T0002291,U027131,2026-02-02,760.32,Premium,Success
T0002292,U027133,2026-02-21,757.6,Premium,Success
T0002293,U027155,2026-02-07,641.64,Premium,Success
T0002294,U027162,2026-02-17,591.11,Pro,Success
T0002295,U027171,2026-02-07,218.54,Pro,Success
T0002296,U027172,2026-02-01,738.65,Basic,Success
T0002297,U027188,2026-01-26,747.69,Premium,Success
T0002298,U027212,2026-03-22,1208.48,Basic,Success
T0002299,U027214,2026-03-02,243.04,Pro,Success
T0002300,U027237,2026-04-07,749.52,Premium,Success
T0002301,U027242,2026-03-17,384.42,Pro,Success
T0002302,U027256,2026-02-12,662.22,Basic,Success
T0002303,U027273,2026-03-12,687.57,Basic,Success
T0002304,U027277,2026-01-22,328.57,Premium,Success
T0002305,U027289,2026-02-04,217.47,Basic,Success
T0002306,U027315,2026-03-27,719.6,Pro,Success
T0002307,U027316,2026-03-03,752.27,Pro,Success
T0002308,U027338,2026-03-02,274.36,Premium,Success
T0002309,U027339,2026-03-16,122.41,Premium,Success
T0002310,U027342,2026-01-31,1111.79,Pro,Success
T0002311,U027365,2026-03-20,871.71,Basic,Success
T0002312,U027369,2026-02-20,617.71,Pro,Success
T0002313,U027373,2026-03-20,659.7,Pro,Success
T0002314,U027396,2026-04-02,1669.93,Basic,Success
T0002315,U027408,2026-03-20,287.7,Basic,Success
T0002316,U027499,2026-04-23,701.03,Basic,Success
T0002317,U027502,2026-03-08,590.13,Basic,Success
T0002318,U027520,2026-02-24,745.58,Pro,Success
T0002319,U027539,2026-02-24,571.91,Pro,Success
T0002320,U027544,2026-04-06,143.34,Basic,Success
T0002321,U027567,2026-04-02,1578.55,Basic,Success
T0002322,U027571,2026-03-26,678.06,Basic,Success
T0002323,U027591,2026-03-15,1466.51,Basic,Success
T0002324,U027605,2026-02-25,,Basic,Failed
T0002325,U027637,2026-01-28,,Basic,Success
T0002326,U027650,2026-03-01,259.81,Basic,Success
T0002327,U027657,2026-02-19,487.36,Pro,Success
T0002328,U027668,2026-02-07,945.38,Pro,Failed
T0002329,U027674,2026-01-28,427.4,Basic,Success
T0002330,U027706,2026-02-09,869.17,Basic,Failed
T0002331,U027710,2026-03-05,528.08,Basic,Success
T0002332,U027725,2026-03-23,362.13,Basic,Success
T0002333,U027732,2026-03-17,67.94,Premium,Success
T0002334,U027736,2026-01-10,532.23,Pro,Success
T0002335,U027756,2026-02-04,322.73,Premium,Failed
T0002336,U027793,2026-03-30,356.93,Basic,Success
T0002337,U027795,2026-02-25,1203.25,Basic,Success
T0002338,U027796,2026-03-25,732.08,Basic,Success
T0002339,U027802,2026-03-03,266.42,Pro,Success
T0002340,U027807,2026-03-11,732.71,Pro,Failed
T0002341,U027808,2026-04-23,571.4,Basic,Success
T0002342,U027809,2026-04-16,518.72,Pro,Success
T0002343,U027858,2026-03-18,376.12,Pro,Success
T0002344,U027871,2026-03-22,282.32,Basic,Success
T0002345,U027872,2026-04-04,866.61,Pro,Success
T0002346,U027881,2026-03-20,155.4,Pro,Success
T0002347,U027886,2026-01-17,401.3,Basic,Success
T0002348,U027895,2026-02-24,1256.27,Pro,Success
T0002349,U027900,2026-03-23,716.52,Pro,Success
T0002350,U027907,2026-02-13,760.87,Basic,Failed
T0002351,U027913,2026-04-27,627.77,Pro,Success
T0002352,U027923,2026-03-27,1174.93,Basic,Success
T0002353,U027944,2026-03-18,401.21,Basic,Success
T0002354,U027946,2026-01-10,,Premium,Success
T0002355,U027963,2026-03-11,1268.79,Premium,Success
T0002356,U027964,2026-03-19,185.06,Pro,Failed
T0002357,U027971,2026-02-21,1089.24,Basic,Success
T0002358,U027986,2026-03-05,690.73,Pro,Success
T0002359,U028001,2026-02-10,891.94,Basic,Success
T0002360,U028056,2026-01-24,762.85,Pro,Success
T0002361,U028062,2026-03-08,278.59,Basic,Success
T0002362,U028067,2026-02-02,335.13,Pro,Success
T0002363,U028076,2026-02-08,406.38,Premium,Success
T0002364,U028091,2026-02-26,255.04,Basic,Success
T0002365,U028098,2026-01-24,435.41,Pro,Success
T0002366,U028100,2026-03-09,588.7,Pro,Success
T0002367,U028101,2026-02-08,762.46,Basic,Success
T0002368,U028107,2026-03-21,1173.21,Basic,Success
T0002369,U028166,2026-01-18,586.15,Pro,Failed
T0002370,U028169,2026-03-12,1717.17,Basic,Success
T0002371,U028187,2026-03-13,994.58,Basic,Success
T0002372,U028191,2026-02-25,207.79,Basic,Success
T0002373,U028197,2026-01-31,1005.04,Basic,Success
T0002374,U028202,2026-03-03,475.38,Pro,Success
T0002375,U028204,2026-03-13,322.35,Pro,Success
T0002376,U028217,2026-03-20,1303.53,Pro,Success
T0002377,U028260,2026-03-08,1147.34,Basic,Failed
T0002378,U028280,2026-01-08,546.79,Pro,Success
T0002379,U028299,2026-03-20,216.15,Basic,Success
T0002380,U028311,2026-04-10,1128.4,Pro,Success
T0002381,U028343,2026-02-28,544.09,Premium,Success
T0002382,U028365,2026-03-17,1334.02,Basic,Success
T0002383,U028375,2026-03-28,1313.53,Basic,Success
T0002384,U028386,2026-02-10,684.0,Basic,Success
T0002385,U028397,2026-03-05,544.3,Pro,Success
T0002386,U028405,2026-03-03,238.0,Basic,Success
T0002387,U028411,2026-03-10,1003.4,Pro,Success
T0002388,U028441,2026-02-07,888.92,Pro,Success
T0002389,U028442,2026-01-16,687.74,Basic,Success
T0002390,U028444,2026-01-23,910.75,Basic,Success
T0002391,U028446,2026-02-03,1092.47,Basic,Success
T0002392,U028460,2026-04-01,139.58,Basic,Success
T0002393,U028495,2026-02-10,1083.96,Pro,Success
T0002394,U028507,2026-02-04,806.59,Premium,Success
T0002395,U028539,2026-02-28,350.38,Pro,Success
T0002396,U028544,2026-03-02,297.7,Premium,Success
T0002397,U028557,2026-03-21,368.87,Pro,Success
T0002398,U028576,2026-01-13,450.95,Basic,Failed
T0002399,U028579,2026-02-11,573.82,Pro,Success
T0002400,U028615,2026-02-16,768.94,Premium,Success
T0002401,U028663,2026-03-25,386.75,Basic,Success
T0002402,U028670,2026-04-17,851.38,Basic,Success
T0002403,U028672,2026-02-25,1134.54,Basic,Success
T0002404,U028680,2026-02-09,600.22,Pro,Failed
T0002405,U028690,2026-02-03,670.08,Basic,Success
T0002406,U028692,2026-04-23,571.03,Pro,Failed
T0002407,U028706,2026-02-12,786.6,Premium,Success
T0002408,U028712,2026-01-24,275.32,Premium,Success
T0002409,U028732,2026-02-02,218.74,Basic,Success
T0002410,U028741,2026-01-08,748.88,Pro,Success
T0002411,U028749,2026-01-30,954.29,Basic,Success
T0002412,U028762,2026-04-24,994.78,Pro,Success
T0002413,U028766,2026-03-16,379.42,Basic,Success
T0002414,U028815,2026-02-08,808.88,Basic,Success
T0002415,U028825,2026-02-12,261.09,Pro,Success
T0002416,U028838,2026-01-26,522.66,Basic,Success
T0002417,U028861,2026-02-03,185.11,Basic,Success
T0002418,U028864,2026-04-11,816.43,Basic,Success
T0002419,U028868,2026-02-05,528.62,Basic,Failed
T0002420,U028886,2026-03-20,411.91,Premium,Success
T0002421,U028887,2026-02-16,1643.24,Basic,Success
T0002422,U028890,2026-01-22,1014.17,Premium,Success
T0002423,U028898,2026-02-07,232.98,Basic,Success
T0002424,U028901,2026-03-26,1020.94,Pro,Success
T0002425,U028919,2026-02-22,454.01,Basic,Success
T0002426,U028942,2026-02-06,195.48,Basic,Success
T0002427,U028947,2026-04-02,857.93,Premium,Success
T0002428,U028951,2026-04-18,1065.56,Basic,Success
T0002429,U028968,2026-02-28,553.72,Basic,Success
T0002430,U028986,2026-03-22,603.91,Basic,Success
T0002431,U028990,2026-03-23,586.93,Pro,Success
T0002432,U028998,2026-03-21,384.15,Pro,Success
T0002433,U029014,2026-03-23,790.85,Basic,Success
T0002434,U029024,2026-04-02,791.13,Premium,Success
T0002435,U029050,2026-01-22,507.1,Basic,Success
T0002436,U029058,2026-03-31,906.14,Pro,Success
T0002437,U029069,2026-03-02,506.74,Pro,Success
T0002438,U029082,2026-04-10,901.15,Premium,Failed
T0002439,U029090,2026-02-04,1095.38,Premium,Success
T0002440,U029102,2026-04-01,238.28,Basic,Success
T0002441,U029123,2026-01-30,383.53,Premium,Success
T0002442,U029144,2026-01-19,353.43,Basic,Success
T0002443,U029145,2026-03-10,,Premium,Success
T0002444,U029157,2026-03-28,217.81,Premium,Success
T0002445,U029169,2026-03-19,1148.22,Premium,Success
T0002446,U029173,2026-04-16,296.85,Pro,Success
T0002447,U029175,2026-03-09,780.86,Basic,Success
T0002448,U029177,2026-02-06,143.2,Basic,Success
T0002449,U029197,2026-04-10,762.39,Pro,Success
T0002450,U029201,2026-02-11,859.06,Pro,Success
T0002451,U029204,2026-02-28,634.38,Pro,Success
T0002452,U029237,2026-04-26,394.45,Basic,Success
T0002453,U029278,2026-04-08,874.34,Premium,Success
T0002454,U029299,2026-01-31,444.49,Premium,Success
T0002455,U029306,2026-03-17,262.47,Pro,Success
T0002456,U029309,2026-02-12,897.85,Pro,Success
T0002457,U029319,2026-03-31,942.39,Basic,Success
T0002458,U029323,2026-01-19,682.02,Pro,Success
T0002459,U029326,2026-03-12,313.78,Premium,Success
T0002460,U029328,2026-01-15,528.56,Pro,Success
T0002461,U029333,2026-02-09,968.28,Premium,Success
T0002462,U029334,2026-04-23,1198.75,Basic,Success
T0002463,U029339,2026-03-10,1212.92,Pro,Success
T0002464,U029344,2026-04-02,1618.74,Basic,Success
T0002465,U029366,2026-02-22,872.27,Premium,Success
T0002466,U029370,2026-03-22,581.14,Basic,Success
T0002467,U029386,2026-02-13,78.52,Premium,Success
T0002468,U029395,2026-02-27,1210.81,Pro,Success
T0002469,U029396,2026-04-09,1092.83,Basic,Success
T0002470,U029424,2026-04-17,266.87,Pro,Success
T0002471,U029425,2026-02-01,710.92,Pro,Success
T0002472,U029475,2026-02-26,451.24,Pro,Success
T0002473,U029481,2026-04-17,295.45,Basic,Success
T0002474,U029483,2026-03-06,547.31,Premium,Success
T0002475,U029490,2026-03-03,749.76,Basic,Success
T0002476,U029537,2026-03-02,1029.46,Basic,Success
T0002477,U029585,2026-02-14,544.25,Pro,Success
T0002478,U029588,2026-02-09,832.79,Pro,Success
T0002479,U029595,2026-03-05,789.89,Pro,Success
T0002480,U029599,2026-03-24,708.75,Pro,Success
T0002481,U029622,2026-04-12,240.25,Premium,Success
T0002482,U029649,2026-03-25,433.06,Pro,Success
T0002483,U029651,2026-02-06,482.01,Pro,Success
T0002484,U029672,2026-03-25,1007.49,Pro,Success
T0002485,U029687,2026-03-01,882.74,Basic,Success
T0002486,U029705,2026-02-23,251.96,Basic,Success
T0002487,U029708,2026-03-12,218.22,Basic,Success
T0002488,U029712,2026-02-15,954.83,Pro,Success
T0002489,U029714,2026-02-22,670.12,Pro,Success
T0002490,U029718,2026-03-29,388.79,Basic,Success
T0002491,U029740,2026-04-07,166.86,Pro,Success
T0002492,U029745,2026-03-30,608.73,Basic,Success
T0002493,U029759,2026-03-24,454.26,Basic,Success
T0002494,U029770,2026-02-16,747.66,Premium,Success
T0002495,U029810,2026-02-10,611.43,Basic,Success
T0002496,U029821,2026-04-04,332.4,Basic,Success
T0002497,U029824,2026-02-05,1398.86,Basic,Success
T0002498,U029863,2026-03-08,296.98,Basic,Success
T0002499,U029883,2026-02-27,324.15,Basic,Failed
T0002500,U029889,2026-03-22,443.64,Pro,Success
T0002501,U029894,2026-02-18,318.34,Premium,Success
T0002502,U029901,2026-01-28,543.01,Basic,Failed
T0002503,U029902,2026-03-19,383.4,Pro,Failed
T0002504,U029919,2026-03-09,183.59,Basic,Success
T0002505,U029920,2026-03-24,802.18,Basic,Success
T0002506,U029930,2026-03-09,1014.41,Pro,Success
T0002507,U029936,2026-02-04,520.7,Pro,Success
T0002508,U029960,2026-02-10,332.07,Basic,Success
T0002509,U029965,2026-02-04,905.6,Pro,Success
T0002510,U029982,2026-03-19,298.95,Basic,Success
T0002511,U030010,2026-02-10,449.04,Pro,Success
T0002512,U030019,2026-03-27,888.65,Basic,Success
T0002513,U030021,2026-01-29,549.37,Premium,Success
T0002514,U030022,2026-01-19,797.24,Pro,Success
T0002515,U030023,2026-03-09,260.6,Pro,Success
T0002516,U030047,2026-04-10,520.4,Basic,Success
T0002517,U030051,2026-04-17,591.77,Basic,Success
T0002518,U030052,2026-02-25,705.97,Basic,Success
T0002519,U030082,2026-04-13,360.96,Pro,Success
T0002520,U030098,2026-02-08,1179.37,Premium,Success
T0002521,U030104,2026-02-21,350.76,Pro,Success
T0002522,U030105,2026-04-03,177.21,Pro,Success
T0002523,U030114,2026-01-22,667.02,Basic,Success
T0002524,U030118,2026-03-06,951.7,Basic,Success
T0002525,U030119,2026-02-22,708.87,Basic,Success
T0002526,U030129,2026-02-12,508.9,Premium,Success
T0002527,U030169,2026-03-20,1499.36,Basic,Success
T0002528,U030170,2026-04-21,471.71,Pro,Success
T0002529,U030176,2026-01-18,1729.06,Basic,Success
T0002530,U030179,2026-03-29,163.09,Basic,Success
T0002531,U030180,2026-04-02,1002.63,Pro,Success
T0002532,U030189,2026-02-18,241.86,Pro,Success
T0002533,U030219,2026-03-05,631.33,Basic,Success
T0002534,U030222,2026-01-13,915.2,Basic,Success
T0002535,U030228,2026-02-08,2061.42,Basic,Success
T0002536,U030229,2026-04-02,1429.86,Pro,Success
T0002537,U030238,2026-03-12,288.04,Pro,Success
T0002538,U030245,2026-04-19,435.13,Basic,Success
T0002539,U030253,2026-02-18,573.62,Premium,Success
T0002540,U030264,2026-03-31,257.9,Pro,Success
T0002541,U030287,2026-03-02,288.04,Basic,Success
T0002542,U030296,2026-03-24,643.71,Premium,Success
T0002543,U030316,2026-04-06,759.85,Pro,Success
T0002544,U030317,2026-02-14,430.07,Premium,Success
T0002545,U030329,2026-02-24,954.18,Pro,Success
T0002546,U030330,2026-03-21,274.82,Basic,Success
T0002547,U030333,2026-02-23,671.3,Basic,Success
T0002548,U030352,2026-02-21,793.57,Basic,Success
T0002549,U030357,2026-03-14,673.39,Pro,Success
T0002550,U030366,2026-02-27,453.96,Basic,Success
T0002551,U030380,2026-04-19,407.22,Basic,Success
T0002552,U030388,2026-03-28,837.43,Basic,Success
T0002553,U030390,2026-03-21,648.07,Premium,Success
T0002554,U030395,2026-02-23,1259.52,Pro,Success
T0002555,U030399,2026-01-24,366.4,Basic,Success
T0002556,U030411,2026-03-24,271.79,Basic,Success
T0002557,U030425,2026-03-01,447.17,Basic,Success
T0002558,U030463,2026-01-29,990.71,Premium,Success
T0002559,U030474,2026-01-20,281.71,Premium,Success
T0002560,U030484,2026-02-06,291.15,Basic,Success
T0002561,U030493,2026-01-19,662.22,Pro,Success
T0002562,U030496,2026-02-22,904.21,Basic,Success
T0002563,U030502,2026-03-10,472.19,Pro,Success
T0002564,U030503,2026-04-07,580.71,Premium,Success
T0002565,U030523,2026-02-08,399.02,Pro,Success
T0002566,U030526,2026-02-06,174.99,Pro,Success
T0002567,U030531,2026-02-07,786.01,Basic,Success
T0002568,U030548,2026-02-24,386.12,Basic,Success
T0002569,U030555,2026-04-19,330.92,Basic,Success
T0002570,U030571,2026-01-30,933.51,Pro,Success
T0002571,U030596,2026-01-26,380.73,Basic,Success
T0002572,U030601,2026-01-17,675.59,Pro,Success
T0002573,U030620,2026-02-06,497.14,Basic,Success
T0002574,U030630,2026-03-30,1206.8,Basic,Success
T0002575,U030635,2026-01-28,217.65,Pro,Success
T0002576,U030655,2026-02-22,704.88,Basic,Success
T0002577,U030656,2026-03-04,1997.98,Pro,Success
T0002578,U030666,2026-02-18,1015.09,Basic,Success
T0002579,U030671,2026-02-13,149.58,Basic,Success
T0002580,U030675,2026-04-15,352.01,Basic,Failed
T0002581,U030687,2026-02-08,856.36,Pro,Success
T0002582,U030713,2026-02-18,506.24,Premium,Success
T0002583,U030728,2026-01-31,1029.21,Premium,Success
T0002584,U030737,2026-01-31,444.27,Basic,Success
T0002585,U030738,2026-01-25,311.31,Basic,Success
T0002586,U030757,2026-02-14,1052.88,Pro,Success
T0002587,U030758,2026-02-04,619.73,Basic,Success
T0002588,U030763,2026-03-29,489.05,Premium,Success
T0002589,U030778,2026-03-14,539.29,Basic,Success
T0002590,U030784,2026-03-05,345.59,Premium,Success
T0002591,U030819,2026-02-09,510.91,Pro,Success
T0002592,U030822,2026-03-12,198.02,Basic,Success
T0002593,U030826,2026-02-10,748.89,Pro,Success
T0002594,U030843,2026-01-29,591.19,Basic,Failed
T0002595,U030845,2026-01-24,746.11,Pro,Success
T0002596,U030854,2026-03-19,929.48,Basic,Success
T0002597,U030863,2026-02-06,249.67,Basic,Success
T0002598,U030870,2026-01-20,198.75,Premium,Success
T0002599,U030873,2026-03-11,1295.91,Basic,Success
T0002600,U030878,2026-02-06,875.75,Pro,Success
T0002601,U030887,2026-01-31,942.15,Basic,Success
T0002602,U030925,2026-01-18,760.89,Pro,Success
T0002603,U030937,2026-01-24,1078.09,Premium,Success
T0002604,U030939,2026-02-22,433.71,Basic,Failed
T0002605,U030943,2026-02-11,207.35,Premium,Success
T0002606,U030963,2026-03-25,626.1,Basic,Success
T0002607,U030964,2026-02-27,511.87,Basic,Success
T0002608,U030979,2026-03-09,477.35,Basic,Success
T0002609,U030981,2026-04-09,1068.74,Pro,Success
T0002610,U030983,2026-01-25,,Premium,Success
T0002611,U030993,2026-03-02,289.31,Pro,Success
T0002612,U030999,2026-04-23,646.78,Pro,Success
T0002613,U031007,2026-02-25,202.25,Basic,Success
T0002614,U031014,2026-02-21,471.57,Basic,Success
T0002615,U031031,2026-02-12,259.24,Premium,Success
T0002616,U031059,2026-03-13,707.39,Basic,Success
T0002617,U031071,2026-01-31,216.41,Basic,Success
T0002618,U031094,2026-02-22,285.89,Basic,Success
T0002619,U031098,2026-01-14,598.85,Pro,Success
T0002620,U031108,2026-03-30,99.96,Pro,Success
T0002621,U031129,2026-03-14,775.04,Basic,Success
T0002622,U031144,2026-03-05,414.63,Basic,Success
T0002623,U031158,2026-02-03,681.43,Basic,Success
T0002624,U031169,2026-01-16,639.79,Pro,Success
T0002625,U031185,2026-04-21,841.14,Premium,Success
T0002626,U031187,2026-03-17,798.09,Premium,Success
T0002627,U031188,2026-02-09,576.09,Pro,Success
T0002628,U031223,2026-02-17,597.6,Basic,Success
T0002629,U031234,2026-02-08,445.2,Basic,Success
T0002630,U031248,2026-03-23,192.99,Basic,Success
T0002631,U031259,2026-03-03,520.44,Premium,Success
T0002632,U031262,2026-02-02,302.51,Pro,Success
T0002633,U031273,2026-01-28,407.77,Basic,Failed
T0002634,U031290,2026-03-01,1127.11,Pro,Success
T0002635,U031292,2026-03-23,506.49,Basic,Success
T0002636,U031302,2026-01-27,631.31,Premium,Success
T0002637,U031306,2026-02-22,866.09,Premium,Success
T0002638,U031307,2026-03-30,260.49,Basic,Success
T0002639,U031308,2026-03-19,607.58,Basic,Success
T0002640,U031327,2026-02-01,158.31,Pro,Success
T0002641,U031339,2026-02-19,799.63,Basic,Success
T0002642,U031341,2026-03-08,1079.25,Pro,Success
T0002643,U031351,2026-03-08,699.93,Basic,Success
T0002644,U031355,2026-02-12,468.67,Pro,Success
T0002645,U031358,2026-03-04,694.91,Basic,Success
T0002646,U031368,2026-02-05,1396.83,Pro,Success
T0002647,U031383,2026-03-15,1227.2,Basic,Success
T0002648,U031384,2026-03-24,404.06,Basic,Success
T0002649,U031398,2026-04-14,520.03,Pro,Success
T0002650,U031475,2026-03-14,1201.8,Basic,Success
T0002651,U031521,2026-03-25,886.97,Basic,Success
T0002652,U031522,2026-02-24,878.09,Pro,Success
T0002653,U031557,2026-04-04,872.83,Basic,Success
T0002654,U031579,2026-03-16,79.61,Basic,Success
T0002655,U031586,2026-03-02,1080.83,Pro,Success
T0002656,U031607,2026-03-17,570.02,Pro,Success
T0002657,U031617,2026-01-09,399.75,Premium,Success
T0002658,U031618,2026-03-26,792.13,Basic,Success
T0002659,U031643,2026-02-11,316.71,Pro,Success
T0002660,U031660,2026-01-16,766.55,Premium,Success
T0002661,U031672,2026-04-01,781.22,Pro,Success
T0002662,U031673,2026-03-15,636.58,Pro,Success
T0002663,U031687,2026-04-08,1876.38,Basic,Success
T0002664,U031688,2026-02-27,412.4,Basic,Success
T0002665,U031696,2026-03-22,279.63,Basic,Success
T0002666,U031701,2026-02-08,442.39,Basic,Success
T0002667,U031741,2026-02-24,1027.54,Basic,Success
T0002668,U031752,2026-02-25,557.65,Pro,Success
T0002669,U031753,2026-04-19,858.1,Basic,Success
T0002670,U031766,2026-03-09,526.88,Basic,Success
T0002671,U031802,2026-02-09,508.89,Pro,Success
T0002672,U031805,2026-02-19,187.57,Basic,Success
T0002673,U031832,2026-03-27,704.65,Premium,Success
T0002674,U031835,2026-02-08,259.88,Premium,Success
T0002675,U031842,2026-02-12,823.37,Basic,Success
T0002676,U031851,2026-04-15,572.19,Pro,Success
T0002677,U031856,2026-02-04,525.09,Pro,Success
T0002678,U031859,2026-03-26,939.27,Pro,Success
T0002679,U031869,2026-02-19,1045.16,Basic,Success
T0002680,U031873,2026-04-03,818.23,Pro,Success
T0002681,U031891,2026-02-28,517.3,Basic,Success
T0002682,U031905,2026-03-31,1685.98,Pro,Success
T0002683,U031909,2026-02-24,880.93,Basic,Success
T0002684,U031924,2026-04-03,406.26,Premium,Success
T0002685,U031931,2026-01-10,190.41,Basic,Success
T0002686,U031963,2026-03-08,235.8,Basic,Success
T0002687,U031983,2026-03-24,356.14,Pro,Success
T0002688,U031986,2026-03-18,234.38,Basic,Success
T0002689,U032010,2026-02-23,376.62,Premium,Success
T0002690,U032019,2026-03-18,304.48,Pro,Failed
T0002691,U032028,2026-03-07,686.52,Pro,Success
T0002692,U032062,2026-04-12,316.76,Basic,Success
T0002693,U032130,2026-03-22,967.7,Pro,Success
T0002694,U032144,2026-02-25,261.05,Pro,Success
T0002695,U032151,2026-02-15,330.89,Basic,Success
T0002696,U032152,2026-02-06,614.23,Pro,Success
T0002697,U032164,2026-02-11,875.66,Premium,Success
T0002698,U032179,2026-03-03,317.8,Basic,Success
T0002699,U032180,2026-01-31,463.08,Pro,Success
T0002700,U032195,2026-03-31,897.21,Pro,Success
T0002701,U032197,2026-01-31,420.54,Basic,Success
T0002702,U032209,2026-02-08,501.06,Pro,Success
T0002703,U032211,2026-01-17,358.22,Basic,Success
T0002704,U032215,2026-03-23,184.92,Pro,Success
T0002705,U032229,2026-03-15,348.97,Basic,Failed
T0002706,U032246,2026-03-23,587.25,Basic,Success
T0002707,U032252,2026-03-21,,Pro,Success
T0002708,U032270,2026-01-20,862.76,Pro,Success
T0002709,U032271,2026-03-24,682.24,Pro,Failed
T0002710,U032274,2026-02-20,324.42,Basic,Success
T0002711,U032284,2026-03-25,1198.35,Pro,Success
T0002712,U032285,2026-03-21,1400.55,Pro,Success
T0002713,U032287,2026-01-18,433.19,Pro,Success
T0002714,U032288,2026-04-02,858.9,Pro,Success
T0002715,U032298,2026-03-04,318.06,Pro,Success
T0002716,U032299,2026-03-11,585.18,Basic,Success
T0002717,U032302,2026-02-23,507.56,Basic,Success
T0002718,U032312,2026-04-13,60.14,Basic,Success
T0002719,U032318,2026-02-07,604.27,Basic,Success
T0002720,U032319,2026-02-10,854.06,Basic,Failed
T0002721,U032321,2026-02-04,381.07,Basic,Success
T0002722,U032333,2026-03-22,204.78,Basic,Success
T0002723,U032337,2026-03-22,961.04,Premium,Success
T0002724,U032338,2026-03-27,433.15,Basic,Success
T0002725,U032347,2026-01-04,212.58,Basic,Success
T0002726,U032387,2026-01-30,447.97,Basic,Success
T0002727,U032428,2026-02-11,653.46,Basic,Success
T0002728,U032439,2026-02-17,1291.76,Basic,Success
T0002729,U032463,2026-03-27,512.93,Basic,Success
T0002730,U032464,2026-04-09,597.29,Basic,Failed
T0002731,U032471,2026-02-10,1182.08,Basic,Success
T0002732,U032475,2026-04-19,229.37,Basic,Success
T0002733,U032523,2026-03-30,770.29,Basic,Success
T0002734,U032524,2026-03-18,242.02,Premium,Success
T0002735,U032548,2026-03-08,706.2,Pro,Success
T0002736,U032575,2026-02-25,1329.79,Premium,Success
T0002737,U032600,2026-01-15,294.34,Basic,Success
T0002738,U032602,2026-01-25,332.77,Basic,Success
T0002739,U032615,2026-03-12,320.52,Pro,Success
T0002740,U032618,2026-02-23,412.03,Premium,Success
T0002741,U032627,2026-02-18,438.47,Pro,Success
T0002742,U032638,2026-03-24,552.52,Basic,Success
T0002743,U032662,2026-04-06,827.92,Basic,Success
T0002744,U032673,2026-03-24,83.0,Basic,Success
T0002745,U032675,2026-03-10,812.78,Basic,Success
T0002746,U032684,2026-03-16,858.51,Premium,Success
T0002747,U032714,2026-03-20,413.39,Pro,Success
T0002748,U032719,2026-03-24,389.4,Basic,Success
T0002749,U032755,2026-02-14,725.19,Basic,Success
T0002750,U032794,2026-04-13,423.74,Basic,Failed
T0002751,U032799,2026-02-08,1166.92,Pro,Success
T0002752,U032812,2026-02-22,388.39,Basic,Success
T0002753,U032820,2026-03-09,1146.82,Basic,Success
T0002754,U032841,2026-03-23,560.51,Pro,Success
T0002755,U032842,2026-03-11,224.28,Basic,Success
T0002756,U032861,2026-02-19,969.5,Premium,Success
T0002757,U032879,2026-03-22,986.12,Pro,Success
T0002758,U032880,2026-02-05,694.15,Basic,Success
T0002759,U032894,2026-03-11,273.11,Pro,Success
T0002760,U032900,2026-03-18,498.26,Premium,Success
T0002761,U032948,2026-02-15,889.65,Basic,Success
T0002762,U032966,2026-02-04,324.4,Pro,Success
T0002763,U032968,2026-03-16,413.77,Pro,Success
T0002764,U032972,2026-03-23,359.56,Pro,Success
T0002765,U033001,2026-03-24,341.55,Basic,Success
T0002766,U033004,2026-01-31,1179.53,Pro,Success
T0002767,U033020,2026-02-21,192.52,Basic,Success
T0002768,U033045,2026-01-27,440.46,Basic,Success
T0002769,U033049,2026-02-20,1656.67,Pro,Success
T0002770,U033061,2026-04-12,679.14,Pro,Success
T0002771,U033070,2026-01-19,373.92,Pro,Success
T0002772,U033075,2026-04-14,258.32,Pro,Success
T0002773,U033087,2026-03-06,170.77,Pro,Success
T0002774,U033109,2026-02-26,1350.05,Pro,Success
T0002775,U033110,2026-02-25,203.96,Pro,Success
T0002776,U033117,2026-03-15,519.62,Pro,Success
T0002777,U033122,2026-03-02,908.26,Basic,Success
T0002778,U033123,2026-03-24,604.77,Pro,Success
T0002779,U033127,2026-03-12,1913.58,Premium,Success
T0002780,U033131,2026-04-05,279.4,Pro,Success
T0002781,U033137,2026-02-25,1228.95,Basic,Success
T0002782,U033146,2026-03-20,246.42,Pro,Success
T0002783,U033166,2026-01-26,522.11,Basic,Success
T0002784,U033171,2026-01-23,1047.86,Premium,Success
T0002785,U033172,2026-04-23,617.71,Basic,Success
T0002786,U033183,2026-02-03,875.85,Pro,Success
T0002787,U033212,2026-03-01,356.75,Basic,Success
T0002788,U033224,2026-03-09,374.95,Basic,Failed
T0002789,U033258,2026-02-15,948.75,Basic,Success
T0002790,U033309,2026-04-10,509.01,Basic,Success
T0002791,U033328,2026-03-26,1281.27,Pro,Success
T0002792,U033331,2026-03-11,250.91,Basic,Success
T0002793,U033333,2026-02-01,334.76,Pro,Success
T0002794,U033355,2026-04-22,207.99,Basic,Success
T0002795,U033366,2026-02-16,760.09,Basic,Success
T0002796,U033373,2026-04-08,601.41,Basic,Success
T0002797,U033378,2026-02-17,848.5,Basic,Success
T0002798,U033396,2026-01-07,1353.77,Premium,Success
T0002799,U033410,2026-02-23,669.35,Basic,Success
T0002800,U033413,2026-03-06,305.13,Basic,Success
T0002801,U033420,2026-02-10,1122.56,Premium,Success
T0002802,U033423,2026-01-29,745.88,Pro,Success
T0002803,U033442,2026-01-26,251.92,Basic,Success
T0002804,U033453,2026-02-23,880.09,Premium,Failed
T0002805,U033479,2026-03-10,412.85,Premium,Success
T0002806,U033491,2026-02-08,745.66,Basic,Success
T0002807,U033494,2026-02-03,214.95,Basic,Success
T0002808,U033507,2026-01-17,411.18,Pro,Success
T0002809,U033517,2026-04-05,1232.13,Pro,Success
T0002810,U033519,2026-01-19,566.33,Basic,Success
T0002811,U033524,2026-02-08,502.06,Basic,Failed
T0002812,U033547,2026-04-16,1533.4,Basic,Success
T0002813,U033553,2026-01-27,471.67,Basic,Success
T0002814,U033555,2026-03-06,1123.95,Basic,Success
T0002815,U033565,2026-02-24,831.6,Premium,Success
T0002816,U033580,2026-03-13,231.69,Pro,Success
T0002817,U033596,2026-01-21,973.95,Pro,Success
T0002818,U033612,2026-03-16,678.24,Basic,Success
T0002819,U033618,2026-02-22,234.01,Basic,Success
T0002820,U033655,2026-04-01,398.01,Premium,Success
T0002821,U033657,2026-03-28,623.95,Basic,Success
T0002822,U033658,2026-01-10,133.64,Basic,Success
T0002823,U033665,2026-01-28,1290.82,Pro,Success
T0002824,U033694,2026-04-14,458.97,Basic,Success
T0002825,U033700,2026-01-28,310.24,Basic,Failed
T0002826,U033707,2026-03-12,915.5,Basic,Success
T0002827,U033713,2026-02-14,571.33,Basic,Failed
T0002828,U033717,2026-01-18,1129.41,Basic,Success
T0002829,U033762,2026-04-11,2007.19,Basic,Success
T0002830,U033763,2026-01-24,160.9,Basic,Success
T0002831,U033771,2026-03-10,224.05,Basic,Success
T0002832,U033793,2026-01-19,431.35,Basic,Success
T0002833,U033795,2026-01-30,513.37,Pro,Success
T0002834,U033823,2026-01-31,1140.07,Pro,Success
T0002835,U033829,2026-03-15,371.34,Premium,Success
T0002836,U033849,2026-01-14,653.63,Basic,Success
T0002837,U033852,2026-01-19,184.28,Pro,Success
T0002838,U033875,2026-02-22,397.46,Pro,Success
T0002839,U033876,2026-04-04,655.5,Basic,Success
T0002840,U033884,2026-02-23,900.92,Basic,Success
T0002841,U033891,2026-02-13,695.27,Basic,Success
T0002842,U033897,2026-04-11,580.0,Basic,Failed
T0002843,U033903,2026-03-23,340.57,Basic,Success
T0002844,U033913,2026-02-18,1243.08,Premium,Success
T0002845,U033926,2026-02-02,416.84,Basic,Success
T0002846,U033946,2026-02-06,816.25,Pro,Success
T0002847,U033959,2026-01-10,1564.34,Basic,Success
T0002848,U033966,2026-04-07,564.48,Pro,Success
T0002849,U033976,2026-03-16,336.0,Premium,Success
T0002850,U033985,2026-04-01,396.14,Basic,Success
T0002851,U034011,2026-02-08,276.83,Pro,Success
T0002852,U034019,2026-02-02,806.99,Pro,Success
T0002853,U034036,2026-03-14,681.72,Basic,Success
T0002854,U034049,2026-03-17,849.59,Basic,Success
T0002855,U034055,2026-03-12,876.8,Pro,Success
T0002856,U034068,2026-01-13,82.76,Premium,Success
T0002857,U034093,2026-02-20,1034.69,Basic,Success
T0002858,U034096,2026-03-25,1617.77,Basic,Success
T0002859,U034104,2026-03-08,159.75,Basic,Success
T0002860,U034105,2026-01-27,175.21,Premium,Success
T0002861,U034113,2026-04-01,1638.91,Basic,Success
T0002862,U034155,2026-01-20,674.74,Basic,Success
T0002863,U034174,2026-03-16,523.27,Pro,Failed
T0002864,U034177,2026-03-13,2146.83,Pro,Success
T0002865,U034187,2026-02-02,669.54,Pro,Success
T0002866,U034192,2026-02-06,75.01,Pro,Success
T0002867,U034195,2026-02-14,545.15,Basic,Success
T0002868,U034208,2026-02-20,1020.73,Basic,Success
T0002869,U034217,2026-02-19,,Pro,Success
T0002870,U034229,2026-01-14,829.3,Pro,Success
T0002871,U034236,2026-03-10,842.94,Pro,Success
T0002872,U034238,2026-03-29,244.01,Pro,Success
T0002873,U034256,2026-01-18,489.63,Pro,Success
T0002874,U034258,2026-03-16,317.95,Pro,Success
T0002875,U034268,2026-02-08,554.4,Basic,Success
T0002876,U034298,2026-04-03,620.21,Basic,Success
T0002877,U034300,2026-03-17,850.02,Pro,Success
T0002878,U034316,2026-03-26,946.69,Basic,Success
T0002879,U034317,2026-03-29,171.57,Basic,Success
T0002880,U034331,2026-02-03,130.1,Pro,Success
T0002881,U034345,2026-03-26,1059.53,Premium,Success
T0002882,U034346,2026-02-05,1144.14,Basic,Failed
T0002883,U034375,2026-03-08,2364.65,Basic,Success
T0002884,U034395,2026-03-24,879.1,Pro,Success
T0002885,U034420,2026-03-01,1343.93,Basic,Success
T0002886,U034423,2026-02-07,777.42,Pro,Success
T0002887,U034446,2026-04-21,405.12,Pro,Success
T0002888,U034526,2026-04-17,369.6,Basic,Success
T0002889,U034534,2026-02-07,344.97,Basic,Success
T0002890,U034540,2026-02-16,891.34,Premium,Success
T0002891,U034555,2026-03-25,376.84,Premium,Success
T0002892,U034557,2026-04-03,1157.39,Basic,Success
T0002893,U034564,2026-03-26,1509.02,Basic,Success
T0002894,U034584,2026-02-20,288.57,Basic,Success
T0002895,U034588,2026-02-15,546.44,Pro,Success
T0002896,U034589,2026-02-02,1348.12,Pro,Success
T0002897,U034598,2026-02-25,322.23,Pro,Success
T0002898,U034607,2026-02-03,445.56,Premium,Success
T0002899,U034629,2026-02-20,921.15,Basic,Success
T0002900,U034651,2026-04-03,428.95,Basic,Failed
T0002901,U034656,2026-03-29,411.19,Basic,Success
T0002902,U034663,2026-02-10,449.05,Pro,Success
T0002903,U034680,2026-02-22,356.38,Basic,Success
T0002904,U034681,2026-03-29,1175.14,Basic,Success
T0002905,U034702,2026-03-04,648.27,Pro,Success
T0002906,U034705,2026-04-24,833.4,Pro,Success
T0002907,U034710,2026-01-28,105.52,Basic,Success
T0002908,U034714,2026-04-04,2113.93,Pro,Success
T0002909,U034747,2026-04-01,631.96,Premium,Success
T0002910,U034749,2026-01-23,132.19,Basic,Success
T0002911,U034769,2026-02-08,304.24,Pro,Success
T0002912,U034771,2026-02-04,572.05,Basic,Success
T0002913,U034777,2026-04-15,1587.68,Basic,Success
T0002914,U034784,2026-01-30,2182.14,Pro,Success
T0002915,U034800,2026-02-03,649.16,Basic,Success
T0002916,U034805,2026-01-29,443.22,Pro,Success
T0002917,U034811,2026-04-20,683.36,Premium,Success
T0002918,U034815,2026-01-30,624.82,Premium,Success
T0002919,U034819,2026-03-30,1152.52,Pro,Success
T0002920,U034820,2026-04-01,575.84,Basic,Success
T0002921,U034836,2026-02-12,184.67,Premium,Success
T0002922,U034837,2026-03-01,222.56,Pro,Success
T0002923,U034851,2026-01-07,1654.6,Basic,Success
T0002924,U034879,2026-02-20,547.92,Premium,Success
T0002925,U034892,2026-01-24,180.29,Basic,Success
T0002926,U034912,2026-01-06,494.45,Pro,Failed
T0002927,U034929,2026-04-08,865.33,Basic,Success
T0002928,U034933,2026-03-07,1184.9,Basic,Success
T0002929,U034965,2026-02-26,549.65,Basic,Success
T0002930,U034980,2026-03-18,905.86,Pro,Failed
T0002931,U034984,2026-03-10,417.18,Pro,Success
T0002932,U034990,2026-01-13,441.33,Pro,Success
T0002933,U034996,2026-02-09,1701.29,Pro,Success
T0002934,U034997,2026-01-09,1216.01,Pro,Success
T0002935,U034999,2026-04-13,216.57,Pro,Success
T0002936,U035014,2026-02-12,711.77,Premium,Success
T0002937,U035029,2026-04-03,869.14,Pro,Success
T0002938,U035033,2026-03-31,720.56,Pro,Success
T0002939,U035042,2026-02-16,695.57,Premium,Success
T0002940,U035064,2026-02-02,1152.31,Basic,Success
T0002941,U035165,2026-04-20,156.78,Basic,Success
T0002942,U035172,2026-01-28,137.69,Basic,Success
T0002943,U035176,2026-03-17,387.93,Pro,Success
T0002944,U035184,2026-02-17,586.78,Basic,Success
T0002945,U035190,2026-03-19,387.22,Pro,Success
T0002946,U035194,2026-02-11,738.0,Pro,Success
T0002947,U035218,2026-02-12,297.55,Pro,Success
T0002948,U035228,2026-02-11,410.59,Pro,Success
T0002949,U035233,2026-04-15,1486.08,Pro,Success
T0002950,U035248,2026-01-12,164.52,Basic,Success
T0002951,U035255,2026-03-27,1198.57,Premium,Success
T0002952,U035286,2026-02-14,1119.26,Pro,Success
T0002953,U035287,2026-01-13,786.37,Basic,Success
T0002954,U035298,2026-04-08,476.11,Basic,Success
T0002955,U035338,2026-04-19,1066.97,Pro,Success
T0002956,U035349,2026-02-15,247.08,Basic,Success
T0002957,U035354,2026-02-09,365.75,Basic,Failed
T0002958,U035369,2026-02-01,509.42,Basic,Success
T0002959,U035377,2026-03-15,846.78,Basic,Success
T0002960,U035381,2026-02-26,139.68,Premium,Success
T0002961,U035405,2026-02-18,651.71,Basic,Success
T0002962,U035418,2026-03-02,427.84,Basic,Success
T0002963,U035441,2026-04-03,1072.32,Pro,Success
T0002964,U035446,2026-03-13,397.81,Premium,Success
T0002965,U035468,2026-02-24,805.23,Basic,Success
T0002966,U035483,2026-01-13,683.94,Basic,Success
T0002967,U035484,2026-02-14,1275.95,Basic,Success
T0002968,U035485,2026-03-14,870.95,Pro,Success
T0002969,U035505,2026-02-28,558.33,Basic,Failed
T0002970,U035510,2026-03-29,198.91,Basic,Success
T0002971,U035521,2026-02-14,423.57,Pro,Success
T0002972,U035524,2026-01-27,730.42,Pro,Success
T0002973,U035531,2026-04-01,212.61,Pro,Success
T0002974,U035574,2026-02-21,121.67,Pro,Success
T0002975,U035576,2026-03-25,784.83,Basic,Success
T0002976,U035621,2026-03-15,314.06,Basic,Success
T0002977,U035646,2026-02-25,93.07,Premium,Success
T0002978,U035649,2026-01-19,422.12,Basic,Success
T0002979,U035652,2026-03-11,714.82,Basic,Success
T0002980,U035664,2026-03-09,747.97,Pro,Success
T0002981,U035670,2026-01-24,1177.01,Basic,Success
T0002982,U035678,2026-02-27,664.52,Pro,Success
T0002983,U035683,2026-03-03,1377.36,Pro,Failed
T0002984,U035684,2026-02-02,161.1,Pro,Success
T0002985,U035695,2026-03-30,394.04,Pro,Success
T0002986,U035698,2026-02-23,659.01,Premium,Success
T0002987,U035699,2026-01-19,310.72,Pro,Success
T0002988,U035715,2026-01-31,381.4,Pro,Success
T0002989,U035734,2026-03-13,565.22,Basic,Success
T0002990,U035768,2026-01-11,537.92,Pro,Success
T0002991,U035772,2026-03-15,792.97,Basic,Success
T0002992,U035775,2026-03-17,1219.83,Basic,Success
T0002993,U035777,2026-04-19,487.64,Pro,Success
T0002994,U035779,2026-01-31,817.54,Pro,Success
T0002995,U035817,2026-04-06,634.14,Basic,Success
T0002996,U035859,2026-04-07,1125.03,Pro,Success
T0002997,U035864,2026-04-17,1164.54,Basic,Success
T0002998,U035870,2026-03-28,464.96,Pro,Success
T0002999,U035872,2026-03-21,736.88,Basic,Success
T0003000,U035890,2026-02-13,715.19,Premium,Success
T0003001,U035891,2026-02-21,1242.17,Basic,Success
T0003002,U035919,2026-02-01,702.91,Basic,Success
T0003003,U035934,2026-02-03,451.45,Pro,Failed
T0003004,U035952,2026-04-19,620.68,Pro,Success
T0003005,U035961,2026-03-04,1025.13,Basic,Success
T0003006,U035988,2026-03-16,905.37,Pro,Success
T0003007,U036012,2026-03-14,594.7,Basic,Success
T0003008,U036027,2026-04-19,648.22,Basic,Success
T0003009,U036050,2026-04-03,431.36,Basic,Success
T0003010,U036052,2026-01-31,645.5,Basic,Success
T0003011,U036077,2026-02-22,853.02,Basic,Success
T0003012,U036095,2026-03-26,1252.93,Basic,Success
T0003013,U036103,2026-02-13,1462.87,Pro,Success
T0003014,U036111,2026-02-22,475.41,Pro,Success
T0003015,U036119,2026-02-02,334.89,Pro,Success
T0003016,U036147,2026-03-30,182.04,Premium,Success
T0003017,U036169,2026-03-18,985.51,Pro,Success
T0003018,U036197,2026-04-06,782.74,Premium,Success
T0003019,U036204,2026-03-31,364.79,Pro,Success
T0003020,U036208,2026-04-06,211.12,Basic,Success
T0003021,U036216,2026-04-15,567.95,Pro,Success
T0003022,U036228,2026-02-26,346.7,Premium,Success
T0003023,U036229,2026-01-25,794.74,Pro,Success
T0003024,U036232,2026-02-25,396.98,Basic,Success
T0003025,U036233,2026-03-13,520.08,Premium,Success
T0003026,U036238,2026-03-10,1435.77,Basic,Success
T0003027,U036242,2026-02-10,573.04,Premium,Failed
T0003028,U036263,2026-03-22,1906.34,Basic,Success
T0003029,U036290,2026-02-10,141.65,Pro,Success
T0003030,U036305,2026-02-14,548.85,Basic,Success
T0003031,U036352,2026-02-11,691.97,Premium,Success
T0003032,U036358,2026-03-19,339.04,Basic,Success
T0003033,U036360,2026-03-01,756.51,Basic,Success
T0003034,U036368,2026-02-24,567.29,Pro,Success
T0003035,U036382,2026-02-20,473.57,Basic,Success
T0003036,U036392,2026-02-04,1276.6,Basic,Success
T0003037,U036395,2026-03-08,1249.19,Basic,Success
T0003038,U036408,2026-02-24,969.38,Premium,Success
T0003039,U036416,2026-03-20,462.72,Basic,Success
T0003040,U036436,2026-03-30,546.37,Basic,Success
T0003041,U036440,2026-03-26,326.1,Basic,Success
T0003042,U036467,2026-03-24,219.57,Basic,Success
T0003043,U036473,2026-02-04,646.39,Pro,Success
T0003044,U036478,2026-03-24,1776.24,Pro,Success
T0003045,U036481,2026-02-26,587.64,Basic,Success
T0003046,U036499,2026-02-05,541.66,Pro,Success
T0003047,U036504,2026-02-19,330.44,Pro,Success
T0003048,U036517,2026-04-02,575.49,Basic,Success
T0003049,U036531,2026-03-04,579.06,Premium,Success
T0003050,U036548,2026-03-25,995.75,Basic,Success
T0003051,U036576,2026-02-09,576.02,Basic,Success
T0003052,U036580,2026-02-23,592.99,Pro,Success
T0003053,U036591,2026-03-14,596.75,Basic,Success
T0003054,U036599,2026-03-21,688.69,Pro,Success
T0003055,U036602,2026-03-31,385.94,Basic,Success
T0003056,U036606,2026-02-20,453.68,Basic,Success
T0003057,U036617,2026-02-24,544.53,Basic,Success
T0003058,U036633,2026-04-06,732.32,Basic,Success
T0003059,U036634,2026-02-20,1303.95,Basic,Success
T0003060,U036661,2026-02-04,382.55,Pro,Success
T0003061,U036662,2026-03-30,865.24,Pro,Success
T0003062,U036678,2026-02-05,342.11,Pro,Success
T0003063,U036690,2026-03-31,550.03,Pro,Success
T0003064,U036695,2026-04-08,1680.36,Basic,Success
T0003065,U036701,2026-02-06,665.71,Premium,Success
T0003066,U036712,2026-02-18,424.11,Basic,Success
T0003067,U036719,2026-02-12,142.95,Pro,Success
T0003068,U036740,2026-02-10,1633.6,Pro,Success
T0003069,U036754,2026-03-18,1032.64,Pro,Success
T0003070,U036758,2026-02-20,1379.61,Pro,Success
T0003071,U036781,2026-01-15,307.57,Pro,Success
T0003072,U036785,2026-03-30,612.59,Basic,Success
T0003073,U036788,2026-03-12,564.98,Pro,Success
T0003074,U036790,2026-02-02,971.78,Basic,Success
T0003075,U036800,2026-02-22,263.53,Basic,Success
T0003076,U036818,2026-04-12,620.48,Pro,Success
T0003077,U036820,2026-03-01,157.76,Basic,Success
T0003078,U036841,2026-04-15,175.88,Pro,Success
T0003079,U036850,2026-02-05,373.94,Basic,Success
T0003080,U036858,2026-02-26,360.3,Basic,Success
T0003081,U036862,2026-01-30,658.44,Basic,Success
T0003082,U036864,2026-01-17,698.62,Basic,Success
T0003083,U036873,2026-03-08,205.75,Basic,Failed
T0003084,U036876,2026-02-21,270.59,Basic,Success
T0003085,U036885,2026-01-26,575.93,Basic,Success
T0003086,U036894,2026-01-11,492.58,Basic,Success
T0003087,U036895,2026-02-17,970.76,Pro,Failed
T0003088,U036897,2026-04-21,608.24,Basic,Success
T0003089,U036900,2026-03-07,297.65,Basic,Success
T0003090,U036908,2026-02-25,486.46,Premium,Success
T0003091,U036921,2026-04-04,281.18,Basic,Success
T0003092,U036933,2026-03-26,287.03,Basic,Success
T0003093,U036953,2026-03-20,404.19,Premium,Success
T0003094,U036955,2026-04-16,681.77,Pro,Success
T0003095,U036959,2026-02-26,1038.64,Basic,Success
T0003096,U036965,2026-02-10,176.63,Premium,Failed
T0003097,U036975,2026-03-06,634.35,Pro,Success
T0003098,U036977,2026-02-18,195.12,Premium,Success
T0003099,U036994,2026-04-03,517.82,Pro,Success
T0003100,U036995,2026-02-12,569.59,Pro,Success
T0003101,U037000,2026-01-29,777.07,Basic,Success
T0003102,U037001,2026-02-16,488.18,Pro,Success
T0003103,U037017,2026-03-26,1527.45,Basic,Success
T0003104,U037033,2026-01-30,1032.04,Basic,Success
T0003105,U037034,2026-03-03,541.06,Pro,Success
T0003106,U037037,2026-02-28,169.85,Basic,Success
T0003107,U037057,2026-02-14,875.11,Pro,Success
T0003108,U037086,2026-02-08,332.98,Pro,Success
T0003109,U037118,2026-02-21,544.34,Basic,Success
T0003110,U037119,2026-02-22,712.57,Basic,Success
T0003111,U037123,2026-02-22,713.33,Basic,Success
T0003112,U037126,2026-02-12,910.54,Pro,Success
T0003113,U037133,2026-03-15,308.67,Pro,Success
T0003114,U037146,2026-03-27,494.39,Pro,Failed
T0003115,U037153,2026-02-04,777.61,Basic,Success
T0003116,U037154,2026-03-01,537.48,Basic,Success
T0003117,U037174,2026-01-20,513.33,Pro,Success
T0003118,U037183,2026-01-24,631.49,Premium,Success
T0003119,U037194,2026-02-19,134.11,Basic,Success
T0003120,U037206,2026-01-26,703.26,Basic,Success
T0003121,U037229,2026-01-27,504.79,Basic,Success
T0003122,U037230,2026-02-02,509.99,Basic,Failed
T0003123,U037235,2026-01-16,1318.26,Basic,Success
T0003124,U037239,2026-01-26,,Premium,Success
T0003125,U037245,2026-02-18,662.2,Basic,Success
T0003126,U037247,2026-03-20,285.63,Basic,Success
T0003127,U037260,2026-01-28,868.77,Pro,Success
T0003128,U037262,2026-03-17,419.63,Basic,Success
T0003129,U037270,2026-01-27,1099.4,Basic,Success
T0003130,U037276,2026-02-24,613.06,Pro,Success
T0003131,U037288,2026-03-20,170.42,Pro,Success
T0003132,U037307,2026-02-01,375.48,Basic,Success
T0003133,U037310,2026-03-09,671.93,Basic,Success
T0003134,U037331,2026-04-17,627.92,Premium,Success
T0003135,U037343,2026-01-27,898.14,Pro,Success
T0003136,U037355,2026-02-13,750.64,Pro,Success
T0003137,U037362,2026-02-14,417.44,Pro,Success
T0003138,U037364,2026-04-12,79.18,Basic,Success
T0003139,U037374,2026-03-22,1048.69,Basic,Success
T0003140,U037397,2026-02-21,1427.6,Basic,Failed
T0003141,U037404,2026-01-24,518.67,Basic,Success
T0003142,U037412,2026-03-11,180.49,Pro,Success
T0003143,U037414,2026-03-07,193.43,Pro,Success
T0003144,U037423,2026-01-25,652.94,Basic,Success
T0003145,U037435,2026-02-24,717.3,Basic,Success
T0003146,U037467,2026-03-07,491.58,Pro,Success
T0003147,U037470,2026-04-18,683.34,Basic,Success
T0003148,U037474,2026-03-15,286.15,Pro,Success
T0003149,U037475,2026-03-25,246.01,Pro,Success
T0003150,U037498,2026-03-07,182.95,Pro,Success
T0003151,U037513,2026-01-30,787.88,Basic,Success
T0003152,U037520,2026-02-07,620.1,Basic,Success
T0003153,U037525,2026-02-17,706.86,Pro,Success
T0003154,U037536,2026-02-08,413.99,Pro,Success
T0003155,U037541,2026-04-18,748.88,Pro,Success
T0003156,U037557,2026-03-29,714.88,Premium,Success
T0003157,U037563,2026-02-04,604.16,Premium,Success
T0003158,U037577,2026-03-10,364.14,Premium,Success
T0003159,U037599,2026-02-12,569.54,Basic,Success
T0003160,U037601,2026-02-17,616.14,Basic,Success
T0003161,U037614,2026-01-30,915.84,Basic,Success
T0003162,U037615,2026-04-09,1073.9,Premium,Success
T0003163,U037622,2026-03-02,177.28,Basic,Success
T0003164,U037640,2026-01-10,1415.61,Pro,Success
T0003165,U037643,2026-03-03,587.63,Basic,Success
T0003166,U037645,2026-04-12,684.05,Basic,Success
T0003167,U037658,2026-03-26,905.87,Pro,Success
T0003168,U037662,2026-02-21,695.68,Pro,Success
T0003169,U037669,2026-04-11,466.14,Basic,Success
T0003170,U037712,2026-04-14,434.52,Pro,Success
T0003171,U037773,2026-03-08,834.66,Basic,Success
T0003172,U037781,2026-04-10,207.71,Basic,Success
T0003173,U037797,2026-03-29,1174.67,Basic,Success
T0003174,U037815,2026-02-09,1100.18,Basic,Success
T0003175,U037826,2026-04-17,1783.44,Basic,Success
T0003176,U037834,2026-01-31,1244.88,Pro,Success
T0003177,U037851,2026-01-29,1388.8,Basic,Failed
T0003178,U037861,2026-02-10,1099.1,Basic,Success
T0003179,U037862,2026-03-02,560.38,Premium,Success
T0003180,U037872,2026-01-21,640.64,Premium,Success
T0003181,U037881,2026-02-25,1957.52,Basic,Success
T0003182,U037905,2026-02-08,1354.21,Premium,Success
T0003183,U037945,2026-04-09,599.32,Premium,Success
T0003184,U037959,2026-04-01,290.74,Basic,Success
T0003185,U037960,2026-02-14,811.8,Pro,Success
T0003186,U037998,2026-03-29,,Basic,Success
T0003187,U038019,2026-02-07,1623.92,Basic,Success
T0003188,U038020,2026-02-10,736.81,Pro,Success
T0003189,U038030,2026-01-26,181.59,Basic,Success
T0003190,U038068,2026-02-02,1506.81,Premium,Success
T0003191,U038099,2026-03-16,963.8,Basic,Success
T0003192,U038112,2026-01-13,695.14,Basic,Success
T0003193,U038117,2026-02-03,650.94,Basic,Success
T0003194,U038133,2026-01-27,412.7,Premium,Success
T0003195,U038144,2026-04-01,304.78,Premium,Success
T0003196,U038145,2026-02-05,243.91,Pro,Success
T0003197,U038157,2026-01-23,747.89,Basic,Success
T0003198,U038163,2026-02-24,740.39,Basic,Success
T0003199,U038177,2026-02-21,360.29,Basic,Success
T0003200,U038208,2026-01-21,474.12,Premium,Success
T0003201,U038212,2026-03-21,344.64,Basic,Success
T0003202,U038214,2026-04-11,673.18,Basic,Success
T0003203,U038241,2026-02-16,541.39,Pro,Success
T0003204,U038251,2026-02-25,858.86,Pro,Success
T0003205,U038315,2026-03-07,1362.85,Basic,Success
T0003206,U038320,2026-02-20,1248.49,Pro,Success
T0003207,U038323,2026-04-12,172.54,Basic,Success
T0003208,U038324,2026-03-22,257.64,Basic,Success
T0003209,U038327,2026-04-14,1603.67,Premium,Success
T0003210,U038336,2026-01-22,593.36,Premium,Success
T0003211,U038387,2026-04-10,346.07,Basic,Success
T0003212,U038398,2026-04-15,,Basic,Success
T0003213,U038408,2026-01-27,436.32,Pro,Failed
T0003214,U038424,2026-02-24,782.54,Basic,Success
T0003215,U038427,2026-04-05,295.44,Pro,Success
T0003216,U038430,2026-03-09,594.0,Basic,Success
T0003217,U038448,2026-04-02,178.62,Pro,Success
T0003218,U038459,2026-03-11,,Pro,Success
T0003219,U038487,2026-02-21,493.55,Basic,Success
T0003220,U038494,2026-01-25,1212.67,Pro,Success
T0003221,U038511,2026-04-13,678.26,Basic,Success
T0003222,U038518,2026-03-06,477.67,Premium,Success
T0003223,U038542,2026-02-22,341.13,Basic,Success
T0003224,U038544,2026-01-24,819.51,Basic,Success
T0003225,U038553,2026-03-09,545.46,Basic,Success
T0003226,U038562,2026-03-01,801.21,Pro,Success
T0003227,U038592,2026-01-27,1037.47,Basic,Success
T0003228,U038594,2026-01-23,570.97,Pro,Success
T0003229,U038595,2026-03-28,636.74,Pro,Success
T0003230,U038605,2026-03-28,568.88,Pro,Success
T0003231,U038629,2026-03-20,474.5,Pro,Success
T0003232,U038640,2026-04-26,875.94,Basic,Success
T0003233,U038647,2026-03-21,465.06,Premium,Success
T0003234,U038654,2026-03-29,551.88,Premium,Success
T0003235,U038656,2026-01-14,310.31,Basic,Success
T0003236,U038679,2026-01-16,464.46,Pro,Success
T0003237,U038691,2026-01-20,321.09,Basic,Success
T0003238,U038694,2026-01-08,809.07,Pro,Success
T0003239,U038696,2026-03-23,617.77,Basic,Success
T0003240,U038706,2026-03-04,829.16,Basic,Success
T0003241,U038724,2026-02-20,1258.36,Basic,Success
T0003242,U038735,2026-02-15,768.77,Premium,Success
T0003243,U038736,2026-02-16,852.99,Premium,Success
T0003244,U038740,2026-02-17,279.29,Pro,Success
T0003245,U038750,2026-02-13,463.22,Basic,Success
T0003246,U038751,2026-03-14,375.59,Basic,Success
T0003247,U038754,2026-02-08,694.69,Basic,Success
T0003248,U038766,2026-01-29,1552.46,Basic,Success
T0003249,U038772,2026-01-10,90.74,Basic,Success
T0003250,U038774,2026-02-27,434.26,Basic,Success
T0003251,U038782,2026-03-08,515.97,Pro,Success
T0003252,U038783,2026-02-07,88.09,Pro,Success
T0003253,U038795,2026-03-11,1010.29,Basic,Success
T0003254,U038828,2026-03-06,646.07,Basic,Success
T0003255,U038843,2026-01-13,1104.3,Pro,Success
T0003256,U038848,2026-03-21,357.62,Pro,Success
T0003257,U038852,2026-02-20,279.72,Pro,Failed
T0003258,U038868,2026-03-07,277.3,Pro,Success
T0003259,U038876,2026-02-01,616.89,Basic,Success
T0003260,U038886,2026-03-02,306.86,Basic,Success
T0003261,U038896,2026-03-11,283.53,Basic,Success
T0003262,U038898,2026-03-07,306.64,Pro,Success
T0003263,U038908,2026-03-11,458.62,Basic,Success
T0003264,U038926,2026-02-17,414.08,Basic,Success
T0003265,U038931,2026-03-07,1010.27,Premium,Success
T0003266,U038938,2026-02-09,448.94,Basic,Success
T0003267,U038956,2026-02-17,722.7,Basic,Success
T0003268,U038963,2026-04-08,472.25,Pro,Success
T0003269,U038979,2026-03-26,235.14,Basic,Success
T0003270,U038997,2026-04-10,675.24,Premium,Success
T0003271,U039020,2026-04-05,536.09,Premium,Success
T0003272,U039043,2026-01-21,517.19,Basic,Success
T0003273,U039044,2026-03-21,1277.97,Basic,Success
T0003274,U039049,2026-02-02,723.99,Basic,Success
T0003275,U039061,2026-03-15,425.86,Basic,Success
T0003276,U039062,2026-03-25,372.83,Pro,Success
T0003277,U039067,2026-03-28,1250.76,Basic,Success
T0003278,U039096,2026-01-11,845.78,Pro,Failed
T0003279,U039112,2026-04-11,1368.04,Premium,Success
T0003280,U039123,2026-01-23,263.9,Pro,Success
T0003281,U039124,2026-01-15,605.95,Basic,Success
T0003282,U039131,2026-01-28,654.81,Premium,Success
T0003283,U039167,2026-02-07,452.22,Pro,Success
T0003284,U039169,2026-02-14,527.78,Basic,Success
T0003285,U039172,2026-02-10,271.76,Premium,Success
T0003286,U039173,2026-02-05,589.07,Pro,Success
T0003287,U039176,2026-01-28,437.35,Pro,Success
T0003288,U039179,2026-02-01,427.28,Basic,Success
T0003289,U039198,2026-02-18,513.59,Basic,Success
T0003290,U039208,2026-04-05,576.75,Premium,Success
T0003291,U039210,2026-03-25,389.79,Pro,Success
T0003292,U039213,2026-04-10,230.55,Basic,Success
T0003293,U039215,2026-04-09,855.2,Pro,Success
T0003294,U039224,2026-03-21,838.59,Premium,Success
T0003295,U039229,2026-02-24,412.4,Basic,Success
T0003296,U039230,2026-03-06,1994.07,Pro,Success
T0003297,U039234,2026-03-14,1356.54,Basic,Success
T0003298,U039262,2026-02-25,1673.65,Pro,Success
T0003299,U039265,2026-03-29,268.33,Pro,Success
T0003300,U039276,2026-03-16,883.91,Pro,Success
T0003301,U039277,2026-02-04,660.26,Basic,Failed
T0003302,U039294,2026-02-22,702.58,Pro,Success
T0003303,U039317,2026-01-17,1034.1,Pro,Success
T0003304,U039331,2026-01-30,358.93,Premium,Success
T0003305,U039342,2026-04-16,369.76,Basic,Success
T0003306,U039352,2026-03-28,282.62,Basic,Success
T0003307,U039359,2026-02-05,519.58,Premium,Success
T0003308,U039373,2026-02-17,890.81,Basic,Success
T0003309,U039376,2026-01-27,809.48,Pro,Failed
T0003310,U039389,2026-02-26,558.5,Pro,Success
T0003311,U039401,2026-02-26,1667.69,Basic,Success
T0003312,U039430,2026-04-13,530.79,Pro,Success
T0003313,U039444,2026-03-26,564.29,Pro,Success
T0003314,U039478,2026-02-20,1488.89,Pro,Failed
T0003315,U039498,2026-03-04,346.46,Premium,Success
T0003316,U039506,2026-03-14,521.2,Basic,Success
T0003317,U039509,2026-04-05,527.69,Pro,Success
T0003318,U039532,2026-03-13,995.1,Pro,Success
T0003319,U039542,2026-02-16,491.22,Basic,Success
T0003320,U039543,2026-01-12,1500.16,Premium,Success
T0003321,U039565,2026-03-24,956.77,Premium,Success
T0003322,U039575,2026-04-15,767.4,Pro,Success
T0003323,U039579,2026-02-11,588.98,Basic,Success
T0003324,U039603,2026-03-05,470.88,Basic,Success
T0003325,U039604,2026-02-20,979.71,Basic,Success
T0003326,U039620,2026-01-30,234.46,Pro,Success
T0003327,U039622,2026-02-09,870.65,Pro,Success
T0003328,U039639,2026-03-16,548.56,Premium,Success
T0003329,U039642,2026-04-11,305.26,Basic,Success
T0003330,U039647,2026-04-09,919.45,Pro,Success
T0003331,U039678,2026-03-15,635.47,Basic,Success
T0003332,U039682,2026-03-05,657.72,Pro,Success
T0003333,U039685,2026-01-29,437.84,Basic,Success
T0003334,U039705,2026-03-07,1220.2,Basic,Success
T0003335,U039708,2026-01-23,443.87,Basic,Success
T0003336,U039753,2026-03-19,411.07,Premium,Success
T0003337,U039754,2026-03-27,220.36,Pro,Success
T0003338,U039758,2026-03-30,898.16,Pro,Success
T0003339,U039760,2026-01-25,230.71,Basic,Success
T0003340,U039765,2026-03-05,729.33,Basic,Success
T0003341,U039774,2026-03-03,530.25,Basic,Failed
T0003342,U039794,2026-03-12,292.18,Basic,Success
T0003343,U039796,2026-02-23,595.31,Premium,Success
T0003344,U039797,2026-03-27,206.79,Basic,Success
T0003345,U039801,2026-01-30,1332.52,Basic,Success
T0003346,U039825,2026-04-13,439.28,Pro,Success
T0003347,U039830,2026-04-07,,Basic,Success
T0003348,U039844,2026-03-01,729.57,Basic,Success
T0003349,U039871,2026-04-01,617.7,Basic,Success
T0003350,U039891,2026-03-04,364.51,Pro,Success
T0003351,U039907,2026-02-12,243.98,Pro,Success
T0003352,U039929,2026-04-03,400.37,Basic,Success
T0003353,U039942,2026-03-17,955.09,Premium,Failed
T0003354,U039945,2026-02-24,1569.66,Basic,Success
T0003355,U039955,2026-02-14,437.15,Premium,Success
T0003356,U039969,2026-02-23,350.95,Pro,Success
T0003357,U039973,2026-02-22,374.67,Basic,Success
T0003358,U039978,2026-02-28,900.35,Basic,Success
T0003359,U040007,2026-03-15,451.77,Basic,Success
T0003360,U040020,2026-03-21,672.35,Basic,Success
T0003361,U040022,2026-04-17,636.28,Basic,Success
T0003362,U040029,2026-02-20,505.27,Pro,Success
T0003363,U040030,2026-03-26,873.85,Premium,Success
T0003364,U040036,2026-03-05,499.3,Basic,Success
T0003365,U040051,2026-02-26,458.79,Basic,Success
T0003366,U040052,2026-04-10,108.65,Basic,Success
T0003367,U040077,2026-02-05,1077.53,Basic,Success
T0003368,U040100,2026-02-20,1039.01,Pro,Success
T0003369,U040113,2026-03-24,1571.4,Basic,Success
T0003370,U040114,2026-04-17,1236.8,Basic,Success
T0003371,U040117,2026-01-21,397.6,Premium,Success
T0003372,U040120,2026-04-04,159.35,Basic,Failed
T0003373,U040128,2026-02-10,492.84,Basic,Success
T0003374,U040168,2026-02-20,262.87,Basic,Success
T0003375,U040183,2026-04-24,274.36,Pro,Success
T0003376,U040191,2026-04-12,608.09,Premium,Success
T0003377,U040205,2026-04-16,602.48,Premium,Success
T0003378,U040206,2026-03-07,929.69,Basic,Success
T0003379,U040209,2026-04-20,410.95,Basic,Success
T0003380,U040214,2026-03-22,719.7,Premium,Success
T0003381,U040215,2026-04-02,573.88,Basic,Success
T0003382,U040240,2026-03-26,896.95,Premium,Success
T0003383,U040251,2026-02-17,191.02,Basic,Success
T0003384,U040252,2026-04-03,308.75,Basic,Success
T0003385,U040281,2026-03-08,1114.31,Premium,Success
T0003386,U040283,2026-02-13,417.19,Pro,Failed
T0003387,U040287,2026-02-26,266.29,Pro,Success
T0003388,U040327,2026-03-05,1298.97,Pro,Success
T0003389,U040329,2026-03-21,614.38,Basic,Success
T0003390,U040339,2026-03-22,884.93,Pro,Success
T0003391,U040369,2026-04-08,273.42,Basic,Success
T0003392,U040383,2026-03-25,324.21,Basic,Success
T0003393,U040386,2026-02-15,1001.87,Basic,Success
T0003394,U040395,2026-01-24,199.01,Premium,Success
T0003395,U040424,2026-04-17,499.41,Basic,Failed
T0003396,U040431,2026-02-14,1067.15,Basic,Success
T0003397,U040439,2026-04-01,550.75,Basic,Success
T0003398,U040440,2026-03-06,386.66,Premium,Success
T0003399,U040448,2026-02-03,263.53,Premium,Success
T0003400,U040477,2026-03-10,440.91,Pro,Success
T0003401,U040488,2026-01-19,387.83,Pro,Success
T0003402,U040496,2026-04-18,295.89,Basic,Success
T0003403,U040498,2026-02-06,961.79,Premium,Success
T0003404,U040523,2026-04-03,885.12,Pro,Success
T0003405,U040538,2026-02-15,,Basic,Success
T0003406,U040542,2026-04-19,360.51,Basic,Success
T0003407,U040544,2026-02-19,401.58,Basic,Success
T0003408,U040563,2026-03-25,109.24,Pro,Success
T0003409,U040594,2026-03-18,255.93,Basic,Success
T0003410,U040618,2026-01-26,581.73,Premium,Success
T0003411,U040625,2026-03-30,1168.42,Basic,Success
T0003412,U040645,2026-03-08,485.12,Basic,Success
T0003413,U040665,2026-01-17,791.06,Pro,Success
T0003414,U040678,2026-01-13,701.26,Basic,Success
T0003415,U040685,2026-02-03,571.71,Premium,Success
T0003416,U040697,2026-04-23,261.8,Basic,Success
T0003417,U040701,2026-01-24,139.18,Basic,Success
T0003418,U040718,2026-02-14,652.2,Basic,Success
T0003419,U040732,2026-02-16,1263.26,Basic,Success
T0003420,U040736,2026-03-26,1057.86,Pro,Success
T0003421,U040784,2026-02-21,780.46,Basic,Success
T0003422,U040800,2026-04-04,604.06,Premium,Success
T0003423,U040813,2026-02-01,549.92,Basic,Success
T0003424,U040830,2026-02-19,541.91,Basic,Success
T0003425,U040855,2026-03-21,941.36,Pro,Success
T0003426,U040862,2026-04-01,1227.03,Basic,Success
T0003427,U040868,2026-02-17,287.98,Pro,Success
T0003428,U040875,2026-03-12,560.37,Basic,Success
T0003429,U040878,2026-02-17,461.49,Basic,Success
T0003430,U040881,2026-03-21,414.37,Premium,Success
T0003431,U040893,2026-01-31,279.13,Pro,Success
T0003432,U040896,2026-04-12,368.65,Premium,Failed
T0003433,U040903,2026-02-11,194.68,Pro,Success
T0003434,U040929,2026-02-16,410.3,Pro,Success
T0003435,U040930,2026-04-19,515.57,Basic,Success
T0003436,U040943,2026-02-12,66.28,Pro,Success
T0003437,U040974,2026-04-03,944.21,Basic,Success
T0003438,U040977,2026-03-17,834.92,Basic,Success
T0003439,U040978,2026-02-20,1007.96,Basic,Success
T0003440,U040988,2026-03-02,291.31,Basic,Success
T0003441,U041003,2026-03-29,313.55,Basic,Success
T0003442,U041018,2026-03-19,376.71,Basic,Success
T0003443,U041024,2026-01-16,456.91,Basic,Failed
T0003444,U041040,2026-01-29,863.37,Premium,Success
T0003445,U041046,2026-02-05,576.24,Basic,Success
T0003446,U041053,2026-04-03,380.18,Basic,Success
T0003447,U041063,2026-03-09,870.82,Premium,Success
T0003448,U041076,2026-04-18,530.94,Pro,Success
T0003449,U041128,2026-03-31,1132.67,Pro,Success
T0003450,U041130,2026-02-02,791.07,Basic,Success
T0003451,U041132,2026-04-24,275.72,Basic,Success
T0003452,U041135,2026-04-15,298.26,Basic,Success
T0003453,U041180,2026-04-09,489.59,Premium,Success
T0003454,U041186,2026-03-28,758.51,Basic,Success
T0003455,U041189,2026-03-15,223.65,Basic,Success
T0003456,U041195,2026-03-19,520.22,Pro,Success
T0003457,U041222,2026-03-09,975.26,Premium,Success
T0003458,U041223,2026-03-21,914.09,Pro,Success
T0003459,U041229,2026-03-08,1096.17,Premium,Success
T0003460,U041236,2026-02-27,1511.82,Pro,Success
T0003461,U041263,2026-03-26,302.89,Basic,Success
T0003462,U041265,2026-04-13,547.26,Basic,Success
T0003463,U041295,2026-01-27,430.98,Pro,Success
T0003464,U041296,2026-01-08,416.84,Basic,Success
T0003465,U041297,2026-03-12,303.5,Basic,Failed
T0003466,U041317,2026-01-21,895.01,Basic,Success
T0003467,U041318,2026-03-20,793.16,Pro,Success
T0003468,U041324,2026-03-14,656.03,Basic,Success
T0003469,U041374,2026-04-09,262.46,Pro,Success
T0003470,U041380,2026-02-17,476.53,Basic,Success
T0003471,U041397,2026-02-12,176.48,Basic,Success
T0003472,U041402,2026-03-20,53.86,Basic,Success
T0003473,U041405,2026-02-14,344.16,Pro,Success
T0003474,U041443,2026-04-11,909.09,Basic,Success
T0003475,U041464,2026-04-05,233.34,Basic,Success
T0003476,U041484,2026-01-31,1057.08,Pro,Success
T0003477,U041507,2026-01-12,355.51,Basic,Success
T0003478,U041512,2026-03-18,712.61,Basic,Success
T0003479,U041524,2026-04-10,629.19,Basic,Success
T0003480,U041535,2026-02-03,854.06,Pro,Success
T0003481,U041538,2026-03-26,1130.72,Basic,Success
T0003482,U041543,2026-04-09,678.29,Pro,Success
T0003483,U041552,2026-03-22,169.77,Basic,Success
T0003484,U041582,2026-02-23,1863.5,Pro,Success
T0003485,U041583,2026-03-09,764.7,Premium,Success
T0003486,U041601,2026-03-25,772.6,Basic,Success
T0003487,U041607,2026-01-29,241.3,Basic,Success
T0003488,U041637,2026-02-24,649.68,Basic,Success
T0003489,U041646,2026-04-08,755.12,Pro,Success
T0003490,U041657,2026-02-05,575.92,Pro,Success
T0003491,U041680,2026-03-06,279.37,Pro,Success
T0003492,U041682,2026-02-01,118.2,Basic,Success
T0003493,U041683,2026-01-29,520.78,Basic,Success
T0003494,U041702,2026-03-24,425.23,Pro,Success
T0003495,U041716,2026-01-17,496.06,Premium,Success
T0003496,U041719,2026-03-03,668.88,Basic,Success
T0003497,U041728,2026-04-19,1748.07,Basic,Success
T0003498,U041731,2026-04-06,516.59,Pro,Success
T0003499,U041747,2026-04-07,210.58,Basic,Success
T0003500,U041758,2026-02-11,544.75,Pro,Success
T0003501,U041768,2026-03-09,637.84,Pro,Success
T0003502,U041784,2026-04-03,636.71,Basic,Success
T0003503,U041787,2026-02-01,556.4,Basic,Success
T0003504,U041799,2026-01-29,669.71,Premium,Success
T0003505,U041811,2026-03-25,720.01,Pro,Success
T0003506,U041816,2026-02-02,1075.24,Pro,Success
T0003507,U041846,2026-03-18,375.99,Basic,Success
T0003508,U041857,2026-03-05,,Pro,Success
T0003509,U041863,2026-02-15,1239.93,Basic,Success
T0003510,U041875,2026-03-23,777.94,Pro,Success
T0003511,U041878,2026-02-04,470.02,Pro,Success
T0003512,U041901,2026-04-06,396.81,Basic,Failed
T0003513,U041914,2026-03-30,333.7,Basic,Success
T0003514,U041926,2026-03-26,545.51,Basic,Success
T0003515,U041934,2026-03-18,864.78,Pro,Failed
T0003516,U041949,2026-01-14,287.65,Basic,Success
T0003517,U041998,2026-04-25,632.83,Pro,Failed
T0003518,U042040,2026-04-01,745.34,Premium,Success
T0003519,U042050,2026-03-14,452.9,Basic,Success
T0003520,U042052,2026-03-21,645.63,Basic,Success
T0003521,U042101,2026-02-12,948.04,Basic,Success
T0003522,U042115,2026-01-26,523.56,Premium,Success
T0003523,U042126,2026-03-27,722.61,Basic,Success
T0003524,U042128,2026-03-24,532.0,Pro,Success
T0003525,U042200,2026-02-15,318.48,Premium,Success
T0003526,U042204,2026-02-15,193.8,Basic,Success
T0003527,U042207,2026-01-30,749.19,Pro,Success
T0003528,U042216,2026-04-09,358.02,Basic,Success
T0003529,U042221,2026-02-10,673.99,Premium,Success
T0003530,U042226,2026-02-08,572.17,Premium,Success
T0003531,U042230,2026-03-01,864.04,Basic,Success
T0003532,U042237,2026-02-11,1499.85,Pro,Failed
T0003533,U042240,2026-02-06,525.74,Basic,Success
T0003534,U042245,2026-03-05,399.98,Basic,Success
T0003535,U042253,2026-04-02,530.84,Basic,Success
T0003536,U042259,2026-02-03,692.73,Pro,Success
T0003537,U042272,2026-04-06,555.32,Basic,Success
T0003538,U042278,2026-04-14,397.06,Pro,Success
T0003539,U042285,2026-01-29,175.33,Pro,Success
T0003540,U042292,2026-03-15,1117.37,Pro,Success
T0003541,U042299,2026-03-08,774.53,Premium,Failed
T0003542,U042320,2026-03-31,331.42,Basic,Success
T0003543,U042346,2026-04-07,847.02,Basic,Success
T0003544,U042347,2026-03-13,705.84,Basic,Success
T0003545,U042348,2026-03-07,1396.29,Pro,Success
T0003546,U042370,2026-01-28,263.39,Premium,Success
T0003547,U042395,2026-02-11,410.03,Basic,Success
T0003548,U042400,2026-02-18,1693.36,Pro,Success
T0003549,U042406,2026-02-09,616.83,Pro,Success
T0003550,U042407,2026-03-24,712.98,Premium,Success
T0003551,U042420,2026-02-21,540.31,Basic,Success
T0003552,U042428,2026-03-17,711.6,Basic,Success
T0003553,U042431,2026-03-29,474.61,Pro,Success
T0003554,U042436,2026-02-03,439.57,Premium,Success
T0003555,U042471,2026-01-17,454.09,Basic,Success
T0003556,U042473,2026-01-07,597.87,Pro,Success
T0003557,U042475,2026-02-19,174.75,Basic,Success
T0003558,U042498,2026-03-22,852.68,Premium,Failed
T0003559,U042506,2026-03-10,1363.16,Basic,Success
T0003560,U042530,2026-03-02,228.0,Pro,Success
T0003561,U042533,2026-01-22,869.6,Basic,Success
T0003562,U042550,2026-03-08,528.8,Pro,Success
T0003563,U042551,2026-01-17,946.91,Basic,Success
T0003564,U042553,2026-03-25,922.09,Basic,Success
T0003565,U042565,2026-03-14,1697.13,Basic,Success
T0003566,U042570,2026-02-26,411.63,Basic,Success
T0003567,U042573,2026-03-31,297.58,Premium,Success
T0003568,U042582,2026-03-31,630.05,Basic,Success
T0003569,U042592,2026-04-01,605.46,Basic,Success
T0003570,U042611,2026-03-31,638.59,Premium,Success
T0003571,U042613,2026-03-30,944.91,Basic,Success
T0003572,U042645,2026-04-05,870.64,Premium,Failed
T0003573,U042653,2026-03-29,510.08,Basic,Success
T0003574,U042663,2026-01-13,565.19,Basic,Success
T0003575,U042668,2026-04-22,440.71,Basic,Success
T0003576,U042669,2026-04-06,898.84,Basic,Success
T0003577,U042670,2026-03-15,259.22,Basic,Success
T0003578,U042689,2026-01-25,579.11,Basic,Success
T0003579,U042728,2026-02-12,1073.8,Basic,Success
T0003580,U042733,2026-03-02,796.59,Basic,Success
T0003581,U042737,2026-02-27,756.35,Premium,Success
T0003582,U042739,2026-03-17,1479.86,Premium,Success
T0003583,U042784,2026-03-28,508.53,Pro,Success
T0003584,U042789,2026-02-12,362.16,Pro,Success
T0003585,U042803,2026-01-17,290.4,Basic,Success
T0003586,U042811,2026-01-17,,Basic,Success
T0003587,U042827,2026-03-06,,Premium,Failed
T0003588,U042834,2026-04-25,597.57,Premium,Success
T0003589,U042837,2026-02-02,842.84,Basic,Success
T0003590,U042854,2026-01-19,531.57,Basic,Success
T0003591,U042858,2026-02-26,1548.73,Premium,Success
T0003592,U042862,2026-03-15,25.89,Pro,Success
T0003593,U042884,2026-03-21,1129.81,Basic,Success
T0003594,U042891,2026-03-06,806.69,Basic,Success
T0003595,U042893,2026-04-14,451.84,Pro,Success
T0003596,U042905,2026-02-11,521.68,Basic,Success
T0003597,U042911,2026-01-14,569.47,Basic,Success
T0003598,U042920,2026-02-04,1363.24,Pro,Success
T0003599,U042961,2026-02-20,603.33,Basic,Success
T0003600,U042963,2026-02-03,597.87,Pro,Success
T0003601,U042986,2026-01-21,616.17,Pro,Success
T0003602,U042990,2026-03-17,214.53,Basic,Success
T0003603,U042995,2026-03-01,213.28,Basic,Success
T0003604,U042998,2026-04-11,514.78,Premium,Success
T0003605,U043059,2026-03-08,568.3,Basic,Success
T0003606,U043064,2026-03-13,972.8,Pro,Failed
T0003607,U043068,2026-01-27,1287.96,Basic,Success
T0003608,U043118,2026-02-08,790.37,Basic,Success
T0003609,U043121,2026-01-09,423.86,Premium,Success
T0003610,U043128,2026-02-19,281.93,Pro,Success
T0003611,U043142,2026-03-05,591.28,Premium,Success
T0003612,U043147,2026-02-12,1101.0,Basic,Success
T0003613,U043148,2026-03-24,1168.61,Pro,Success
T0003614,U043159,2026-02-07,681.49,Basic,Success
T0003615,U043160,2026-02-01,843.65,Premium,Success
T0003616,U043183,2026-03-14,610.33,Pro,Success
T0003617,U043186,2026-01-27,326.36,Basic,Success
T0003618,U043200,2026-04-10,558.33,Basic,Success
T0003619,U043201,2026-03-21,139.16,Pro,Success
T0003620,U043208,2026-02-12,407.28,Basic,Success
T0003621,U043220,2026-03-13,512.07,Basic,Success
T0003622,U043237,2026-01-30,770.65,Premium,Success
T0003623,U043239,2026-04-09,877.54,Basic,Success
T0003624,U043242,2026-04-09,525.45,Basic,Success
T0003625,U043270,2026-03-07,229.66,Basic,Success
T0003626,U043287,2026-03-25,815.09,Basic,Success
T0003627,U043303,2026-02-20,505.4,Premium,Success
T0003628,U043328,2026-03-13,507.44,Pro,Success
T0003629,U043336,2026-03-28,414.38,Basic,Success
T0003630,U043349,2026-03-22,344.22,Basic,Success
T0003631,U043373,2026-03-16,424.02,Pro,Success
T0003632,U043383,2026-03-28,476.85,Pro,Failed
T0003633,U043406,2026-02-16,1076.97,Basic,Success
T0003634,U043411,2026-03-17,542.97,Basic,Success
T0003635,U043416,2026-02-08,521.95,Basic,Success
T0003636,U043422,2026-01-28,318.24,Basic,Success
T0003637,U043446,2026-02-24,775.25,Premium,Success
T0003638,U043449,2026-03-21,110.63,Basic,Success
T0003639,U043478,2026-04-03,946.62,Basic,Success
T0003640,U043485,2026-02-17,669.5,Basic,Success
T0003641,U043487,2026-04-08,810.96,Premium,Success
T0003642,U043498,2026-04-01,435.53,Basic,Success
T0003643,U043523,2026-01-30,1106.47,Basic,Success
T0003644,U043524,2026-02-23,789.8,Pro,Success
T0003645,U043530,2026-01-14,369.51,Basic,Success
T0003646,U043535,2026-01-09,297.05,Pro,Success
T0003647,U043556,2026-03-01,934.34,Premium,Success
T0003648,U043564,2026-01-28,961.47,Basic,Success
T0003649,U043570,2026-02-20,1288.67,Pro,Success
T0003650,U043576,2026-03-17,276.5,Basic,Success
T0003651,U043588,2026-04-15,1423.86,Basic,Success
T0003652,U043606,2026-03-04,789.09,Basic,Success
T0003653,U043613,2026-03-06,277.63,Premium,Success
T0003654,U043626,2026-03-04,288.02,Pro,Failed
T0003655,U043657,2026-03-27,526.42,Basic,Success
T0003656,U043662,2026-03-08,266.62,Basic,Success
T0003657,U043673,2026-03-20,1036.33,Pro,Success
T0003658,U043680,2026-04-13,284.26,Basic,Success
T0003659,U043685,2026-01-28,210.16,Premium,Success
T0003660,U043691,2026-02-08,800.5,Basic,Success
T0003661,U043698,2026-01-28,697.98,Pro,Success
T0003662,U043705,2026-03-22,1352.15,Basic,Success
T0003663,U043711,2026-04-24,216.42,Basic,Success
T0003664,U043724,2026-01-28,322.16,Premium,Success
T0003665,U043728,2026-01-26,966.67,Basic,Success
T0003666,U043735,2026-01-24,569.23,Basic,Success
T0003667,U043744,2026-01-22,452.36,Premium,Success
T0003668,U043749,2026-02-25,1187.23,Premium,Success
T0003669,U043752,2026-02-12,46.86,Premium,Success
T0003670,U043763,2026-03-05,333.91,Pro,Success
T0003671,U043764,2026-01-30,613.8,Pro,Success
T0003672,U043774,2026-02-16,745.93,Pro,Success
T0003673,U043775,2026-02-12,847.77,Pro,Success
T0003674,U043778,2026-04-07,388.06,Pro,Success
T0003675,U043796,2026-03-29,632.31,Premium,Success
T0003676,U043798,2026-03-12,898.07,Pro,Success
T0003677,U043822,2026-01-29,774.67,Basic,Success
T0003678,U043832,2026-03-20,1199.08,Pro,Success
T0003679,U043837,2026-03-14,730.65,Basic,Success
T0003680,U043842,2026-02-19,306.97,Pro,Success
T0003681,U043868,2026-01-14,870.46,Premium,Success
T0003682,U043894,2026-03-30,832.94,Premium,Success
T0003683,U043911,2026-03-06,1809.19,Basic,Success
T0003684,U043915,2026-02-20,675.3,Pro,Failed
T0003685,U043916,2026-03-08,404.8,Pro,Success
T0003686,U043925,2026-03-08,442.68,Pro,Success
T0003687,U043932,2026-02-04,438.99,Pro,Success
T0003688,U043940,2026-04-05,779.05,Basic,Failed
T0003689,U043966,2026-02-13,476.71,Premium,Success
T0003690,U043969,2026-03-18,364.89,Pro,Success
T0003691,U043980,2026-02-13,859.05,Premium,Success
T0003692,U043991,2026-02-09,647.64,Basic,Success
T0003693,U043992,2026-03-16,220.37,Basic,Success
T0003694,U044029,2026-03-03,887.4,Pro,Success
T0003695,U044040,2026-04-26,550.09,Basic,Success
T0003696,U044068,2026-03-12,219.02,Basic,Success
T0003697,U044079,2026-01-28,,Premium,Success
T0003698,U044086,2026-02-17,365.85,Basic,Success
T0003699,U044090,2026-01-11,873.37,Premium,Success
T0003700,U044095,2026-01-26,682.55,Pro,Failed
T0003701,U044105,2026-03-07,643.07,Basic,Success
T0003702,U044111,2026-04-13,255.14,Basic,Success
T0003703,U044137,2026-01-22,861.17,Pro,Success
T0003704,U044158,2026-03-02,468.77,Pro,Success
T0003705,U044178,2026-04-05,781.06,Basic,Success
T0003706,U044180,2026-03-28,227.87,Basic,Success
T0003707,U044183,2026-04-06,500.09,Basic,Success
T0003708,U044214,2026-02-23,370.99,Premium,Success
T0003709,U044225,2026-03-09,1106.53,Premium,Success
T0003710,U044262,2026-01-17,618.51,Basic,Success
T0003711,U044272,2026-03-29,734.73,Basic,Success
T0003712,U044321,2026-03-18,483.95,Basic,Success
T0003713,U044323,2026-02-25,219.47,Premium,Success
T0003714,U044327,2026-02-20,264.05,Premium,Success
T0003715,U044338,2026-01-22,392.05,Pro,Success
T0003716,U044359,2026-01-30,562.34,Premium,Success
T0003717,U044363,2026-03-22,290.69,Pro,Success
T0003718,U044364,2026-03-06,1311.04,Premium,Success
T0003719,U044366,2026-03-31,485.15,Premium,Success
T0003720,U044368,2026-04-07,769.01,Basic,Success
T0003721,U044378,2026-03-09,507.82,Basic,Success
T0003722,U044407,2026-02-24,861.91,Basic,Success
T0003723,U044428,2026-02-25,700.81,Basic,Success
T0003724,U044439,2026-01-27,1528.0,Basic,Success
T0003725,U044445,2026-02-07,597.8,Pro,Success
T0003726,U044463,2026-01-21,936.93,Pro,Success
T0003727,U044465,2026-03-13,921.46,Pro,Success
T0003728,U044482,2026-02-17,889.39,Basic,Success
T0003729,U044486,2026-02-16,354.04,Premium,Success
T0003730,U044509,2026-03-14,492.2,Basic,Success
T0003731,U044521,2026-01-16,898.21,Basic,Success
T0003732,U044525,2026-01-23,698.39,Premium,Success
T0003733,U044528,2026-01-21,276.25,Basic,Success
T0003734,U044533,2026-03-16,650.71,Premium,Success
T0003735,U044542,2026-01-27,699.4,Pro,Success
T0003736,U044549,2026-01-27,1027.91,Premium,Success
T0003737,U044555,2026-03-19,721.69,Basic,Success
T0003738,U044560,2026-04-01,805.85,Basic,Success
T0003739,U044573,2026-02-22,706.96,Basic,Success
T0003740,U044576,2026-02-04,859.27,Pro,Success
T0003741,U044604,2026-03-01,957.31,Basic,Success
T0003742,U044607,2026-02-28,398.88,Basic,Success
T0003743,U044680,2026-01-31,613.27,Pro,Success
T0003744,U044693,2026-02-21,203.65,Basic,Failed
T0003745,U044700,2026-03-17,429.25,Pro,Success
T0003746,U044709,2026-02-13,330.43,Basic,Success
T0003747,U044725,2026-02-15,248.56,Premium,Success
T0003748,U044739,2026-01-28,252.46,Premium,Success
T0003749,U044771,2026-01-15,718.83,Basic,Success
T0003750,U044776,2026-02-03,744.47,Basic,Success
T0003751,U044787,2026-02-26,708.13,Basic,Success
T0003752,U044805,2026-03-05,903.31,Basic,Success
T0003753,U044808,2026-01-24,,Basic,Success
T0003754,U044822,2026-02-20,204.18,Premium,Success
T0003755,U044828,2026-02-09,728.61,Basic,Success
T0003756,U044835,2026-03-13,506.79,Basic,Failed
T0003757,U044848,2026-04-02,335.43,Premium,Success
T0003758,U044895,2026-03-19,426.44,Basic,Success
T0003759,U044905,2026-02-16,609.38,Pro,Success
T0003760,U044918,2026-03-12,615.16,Basic,Success
T0003761,U044938,2026-02-07,999.35,Pro,Success
T0003762,U044945,2026-03-06,781.58,Pro,Success
T0003763,U044956,2026-03-10,603.22,Premium,Success
T0003764,U044973,2026-02-18,302.04,Pro,Success
T0003765,U044988,2026-01-18,1246.38,Basic,Success
T0003766,U044998,2026-02-02,1122.51,Premium,Success
T0003767,U044999,2026-03-21,326.96,Basic,Success
T0003768,U045004,2026-03-05,826.33,Basic,Success
T0003769,U045024,2026-01-24,833.19,Basic,Success
T0003770,U045030,2026-01-27,598.7,Basic,Success
T0003771,U045058,2026-03-25,538.93,Basic,Success
T0003772,U045074,2026-01-31,459.05,Basic,Success
T0003773,U045091,2026-03-31,308.49,Basic,Success
T0003774,U045102,2026-03-07,741.19,Premium,Success
T0003775,U045108,2026-03-21,967.98,Pro,Success
T0003776,U045110,2026-04-16,649.37,Pro,Failed
T0003777,U045111,2026-01-16,627.91,Basic,Success
T0003778,U045118,2026-01-17,342.87,Pro,Success
T0003779,U045120,2026-04-14,405.53,Basic,Success
T0003780,U045124,2026-04-04,601.19,Basic,Success
T0003781,U045131,2026-02-05,888.44,Pro,Success
T0003782,U045135,2026-04-06,1042.64,Basic,Failed
T0003783,U045147,2026-03-02,165.45,Basic,Success
T0003784,U045151,2026-02-23,918.61,Basic,Success
T0003785,U045184,2026-02-13,580.48,Basic,Success
T0003786,U045188,2026-01-29,1026.24,Pro,Success
T0003787,U045206,2026-04-14,1257.55,Pro,Success
T0003788,U045214,2026-02-01,121.12,Pro,Failed
T0003789,U045226,2026-01-21,431.29,Premium,Success
T0003790,U045231,2026-03-02,997.56,Pro,Success
T0003791,U045256,2026-03-31,402.38,Basic,Success
T0003792,U045263,2026-03-02,1620.79,Basic,Success
T0003793,U045291,2026-01-11,2299.3,Pro,Success
T0003794,U045292,2026-02-08,883.46,Pro,Success
T0003795,U045305,2026-01-22,330.76,Pro,Success
T0003796,U045333,2026-04-11,,Basic,Success
T0003797,U045335,2026-03-19,936.58,Premium,Success
T0003798,U045340,2026-02-22,629.87,Basic,Success
T0003799,U045356,2026-02-26,357.12,Basic,Failed
T0003800,U045393,2026-02-23,103.57,Basic,Success
T0003801,U045409,2026-01-29,1055.05,Pro,Failed
T0003802,U045410,2026-02-07,796.15,Basic,Success
T0003803,U045418,2026-03-16,76.81,Basic,Success
T0003804,U045433,2026-04-14,301.82,Basic,Success
T0003805,U045446,2026-03-31,738.34,Basic,Failed
T0003806,U045484,2026-03-24,896.05,Pro,Success
T0003807,U045497,2026-04-07,413.9,Pro,Success
T0003808,U045501,2026-01-19,761.65,Pro,Success
T0003809,U045514,2026-01-30,403.89,Pro,Success
T0003810,U045515,2026-02-13,549.99,Basic,Success
T0003811,U045525,2026-04-27,55.54,Basic,Success
T0003812,U045534,2026-03-22,462.95,Basic,Success
T0003813,U045536,2026-01-24,612.87,Basic,Success
T0003814,U045554,2026-03-06,528.24,Premium,Success
T0003815,U045559,2026-03-12,662.0,Basic,Success
T0003816,U045579,2026-04-12,1091.05,Basic,Success
T0003817,U045593,2026-04-14,869.86,Basic,Success
T0003818,U045610,2026-02-27,473.04,Basic,Success
T0003819,U045651,2026-01-16,487.97,Pro,Success
T0003820,U045652,2026-04-15,666.67,Basic,Success
T0003821,U045658,2026-01-29,539.09,Basic,Success
T0003822,U045670,2026-03-21,944.27,Pro,Success
T0003823,U045672,2026-02-02,332.94,Pro,Success
T0003824,U045677,2026-03-23,747.97,Premium,Success
T0003825,U045686,2026-02-10,186.8,Basic,Success
T0003826,U045724,2026-03-24,1168.93,Basic,Success
T0003827,U045727,2026-04-03,348.91,Pro,Success
T0003828,U045728,2026-03-01,635.07,Basic,Success
T0003829,U045729,2026-02-18,406.13,Pro,Success
T0003830,U045733,2026-02-04,1138.1,Basic,Success
T0003831,U045761,2026-03-27,274.4,Pro,Success
T0003832,U045770,2026-01-30,1106.73,Basic,Success
T0003833,U045779,2026-02-04,931.94,Pro,Success
T0003834,U045780,2026-04-28,890.04,Premium,Success
T0003835,U045783,2026-02-20,1185.84,Pro,Success
T0003836,U045784,2026-03-25,248.06,Pro,Failed
T0003837,U045789,2026-01-20,1347.08,Basic,Success
T0003838,U045790,2026-02-14,515.67,Basic,Success
T0003839,U045802,2026-02-07,446.73,Pro,Success
T0003840,U045810,2026-03-14,541.58,Basic,Success
T0003841,U045823,2026-04-19,1432.18,Basic,Success
T0003842,U045840,2026-03-04,1013.55,Premium,Success
T0003843,U045849,2026-02-20,128.52,Pro,Failed
T0003844,U045851,2026-04-18,712.01,Basic,Success
T0003845,U045858,2026-04-19,1286.56,Basic,Failed
T0003846,U045867,2026-04-06,780.08,Basic,Success
T0003847,U045883,2026-03-10,382.7,Pro,Success
T0003848,U045886,2026-04-05,570.3,Basic,Success
T0003849,U045961,2026-03-16,852.79,Pro,Success
T0003850,U045973,2026-04-05,852.57,Basic,Success
T0003851,U045989,2026-02-21,845.19,Pro,Success
T0003852,U046005,2026-04-27,451.63,Basic,Success
T0003853,U046043,2026-03-19,683.55,Premium,Success
T0003854,U046052,2026-01-23,490.73,Basic,Success
T0003855,U046056,2026-03-09,941.14,Pro,Success
T0003856,U046075,2026-03-24,587.73,Pro,Success
T0003857,U046078,2026-03-28,1629.37,Pro,Success
T0003858,U046080,2026-01-07,,Basic,Success
T0003859,U046093,2026-04-19,382.46,Pro,Success
T0003860,U046107,2026-03-23,814.02,Premium,Success
T0003861,U046125,2026-02-04,1288.18,Pro,Success
T0003862,U046176,2026-01-28,584.42,Basic,Success
T0003863,U046179,2026-04-08,738.41,Basic,Success
T0003864,U046180,2026-03-16,726.74,Premium,Success
T0003865,U046184,2026-03-09,487.22,Basic,Success
T0003866,U046190,2026-02-24,369.45,Premium,Success
T0003867,U046203,2026-03-03,286.46,Pro,Success
T0003868,U046214,2026-04-13,403.4,Pro,Success
T0003869,U046226,2026-03-23,1161.57,Premium,Failed
T0003870,U046235,2026-03-23,532.81,Premium,Success
T0003871,U046239,2026-03-31,661.05,Basic,Success
T0003872,U046247,2026-03-17,1483.81,Basic,Failed
T0003873,U046257,2026-03-04,924.78,Basic,Success
T0003874,U046266,2026-02-13,858.25,Pro,Success
T0003875,U046269,2026-01-24,224.8,Basic,Success
T0003876,U046273,2026-04-07,283.99,Basic,Success
T0003877,U046290,2026-01-12,1035.47,Pro,Success
T0003878,U046291,2026-03-24,15.62,Basic,Success
T0003879,U046302,2026-03-05,319.51,Pro,Success
T0003880,U046345,2026-04-05,679.5,Pro,Success
T0003881,U046353,2026-02-01,180.68,Basic,Success
T0003882,U046362,2026-01-21,603.34,Pro,Success
T0003883,U046367,2026-02-23,262.85,Premium,Success
T0003884,U046372,2026-02-18,381.95,Pro,Success
T0003885,U046376,2026-03-19,536.29,Pro,Success
T0003886,U046429,2026-03-24,1447.58,Basic,Success
T0003887,U046438,2026-04-02,768.38,Pro,Success
T0003888,U046440,2026-01-27,950.9,Pro,Success
T0003889,U046461,2026-03-01,1079.13,Basic,Success
T0003890,U046464,2026-03-18,315.77,Pro,Success
T0003891,U046471,2026-02-06,195.79,Pro,Success
T0003892,U046476,2026-02-07,1039.42,Pro,Success
T0003893,U046484,2026-02-17,251.53,Basic,Success
T0003894,U046489,2026-03-03,645.09,Basic,Success
T0003895,U046494,2026-03-08,1773.01,Basic,Success
T0003896,U046533,2026-02-06,236.01,Basic,Success
T0003897,U046551,2026-02-09,1144.43,Basic,Success
T0003898,U046554,2026-03-15,500.55,Basic,Success
T0003899,U046564,2026-04-23,950.82,Basic,Success
T0003900,U046570,2026-02-23,434.68,Basic,Success
T0003901,U046590,2026-03-01,892.77,Basic,Success
T0003902,U046596,2026-04-03,673.36,Pro,Success
T0003903,U046619,2026-04-08,430.23,Basic,Success
T0003904,U046635,2026-02-16,1204.01,Basic,Success
T0003905,U046658,2026-03-06,906.9,Basic,Success
T0003906,U046663,2026-02-19,320.23,Pro,Success
T0003907,U046681,2026-02-07,347.48,Pro,Success
T0003908,U046682,2026-01-28,251.82,Basic,Success
T0003909,U046690,2026-02-10,170.57,Basic,Success
T0003910,U046693,2026-02-19,2034.44,Basic,Success
T0003911,U046704,2026-02-25,819.4,Premium,Success
T0003912,U046720,2026-01-30,424.64,Basic,Success
T0003913,U046734,2026-03-31,1836.84,Premium,Success
T0003914,U046750,2026-02-03,618.39,Pro,Success
T0003915,U046759,2026-02-12,1075.16,Basic,Success
T0003916,U046799,2026-02-22,576.15,Basic,Success
T0003917,U046808,2026-03-08,252.22,Basic,Success
T0003918,U046813,2026-03-12,512.07,Pro,Success
T0003919,U046834,2026-02-11,500.61,Basic,Success
T0003920,U046856,2026-01-15,957.81,Basic,Failed
T0003921,U046861,2026-04-11,238.73,Pro,Success
T0003922,U046865,2026-02-16,560.8,Pro,Success
T0003923,U046870,2026-03-17,1063.28,Pro,Success
T0003924,U046885,2026-02-05,630.92,Premium,Failed
T0003925,U046889,2026-02-19,561.83,Basic,Success
T0003926,U046898,2026-02-02,515.64,Pro,Success
T0003927,U046925,2026-03-13,1049.72,Pro,Success
T0003928,U046933,2026-01-23,2086.17,Basic,Success
T0003929,U046957,2026-02-17,185.68,Basic,Success
T0003930,U046971,2026-03-03,867.95,Pro,Success
T0003931,U046996,2026-04-01,345.8,Pro,Success
T0003932,U047012,2026-04-02,811.38,Basic,Success
T0003933,U047029,2026-02-28,1466.06,Basic,Success
T0003934,U047036,2026-03-17,644.37,Pro,Success
T0003935,U047044,2026-03-12,123.03,Premium,Success
T0003936,U047060,2026-04-09,808.44,Basic,Failed
T0003937,U047083,2026-01-19,1650.6,Pro,Success
T0003938,U047089,2026-04-15,598.81,Basic,Success
T0003939,U047106,2026-04-11,164.57,Pro,Success
T0003940,U047121,2026-02-25,1015.33,Basic,Success
T0003941,U047126,2026-01-14,384.23,Pro,Success
T0003942,U047134,2026-01-28,773.48,Premium,Success
T0003943,U047145,2026-03-04,453.67,Basic,Success
T0003944,U047160,2026-03-12,1143.04,Basic,Success
T0003945,U047161,2026-04-04,671.22,Pro,Success
T0003946,U047183,2026-02-25,1007.76,Premium,Success
T0003947,U047185,2026-04-06,193.93,Basic,Failed
T0003948,U047199,2026-03-31,259.07,Basic,Success
T0003949,U047206,2026-03-18,399.86,Basic,Success
T0003950,U047210,2026-01-18,251.52,Pro,Success
T0003951,U047211,2026-01-08,420.99,Basic,Success
T0003952,U047215,2026-02-11,318.6,Pro,Success
T0003953,U047225,2026-03-06,630.64,Pro,Success
T0003954,U047226,2026-02-19,1169.84,Basic,Success
T0003955,U047240,2026-02-27,535.48,Pro,Success
T0003956,U047251,2026-02-02,735.18,Basic,Success
T0003957,U047259,2026-04-30,456.51,Pro,Success
T0003958,U047271,2026-02-10,589.39,Pro,Success
T0003959,U047274,2026-03-10,1014.56,Premium,Success
T0003960,U047275,2026-03-26,628.08,Premium,Success
T0003961,U047285,2026-04-27,513.24,Basic,Success
T0003962,U047343,2026-02-07,163.98,Basic,Success
T0003963,U047350,2026-01-16,1148.22,Basic,Success
T0003964,U047351,2026-03-07,1062.99,Basic,Success
T0003965,U047358,2026-04-06,502.16,Pro,Success
T0003966,U047360,2026-03-06,339.11,Pro,Success
T0003967,U047361,2026-03-28,325.13,Basic,Success
T0003968,U047378,2026-02-10,641.69,Premium,Success
T0003969,U047407,2026-03-16,456.05,Premium,Success
T0003970,U047421,2026-02-04,815.16,Pro,Success
T0003971,U047425,2026-02-01,1605.62,Basic,Success
T0003972,U047426,2026-04-03,695.68,Basic,Success
T0003973,U047429,2026-02-20,87.72,Basic,Success
T0003974,U047440,2026-03-22,334.95,Basic,Success
T0003975,U047464,2026-03-31,1222.46,Basic,Success
T0003976,U047476,2026-02-27,702.63,Pro,Success
T0003977,U047490,2026-03-18,1178.79,Basic,Success
T0003978,U047502,2026-04-21,282.98,Basic,Success
T0003979,U047503,2026-02-23,1091.57,Pro,Failed
T0003980,U047506,2026-02-20,747.19,Basic,Success
T0003981,U047512,2026-03-22,153.84,Basic,Success
T0003982,U047522,2026-04-14,2197.91,Pro,Success
T0003983,U047532,2026-02-24,1400.54,Basic,Success
T0003984,U047558,2026-03-06,360.11,Pro,Success
T0003985,U047562,2026-02-05,488.24,Basic,Success
T0003986,U047565,2026-03-24,1146.09,Pro,Success
T0003987,U047577,2026-03-30,904.5,Basic,Success
T0003988,U047578,2026-03-30,114.75,Pro,Success
T0003989,U047612,2026-01-27,672.38,Basic,Success
T0003990,U047631,2026-01-17,568.74,Pro,Success
T0003991,U047645,2026-02-04,632.85,Basic,Success
T0003992,U047646,2026-03-19,500.47,Basic,Success
T0003993,U047653,2026-02-27,684.02,Basic,Success
T0003994,U047661,2026-02-18,597.29,Premium,Success
T0003995,U047668,2026-04-06,1278.16,Basic,Failed
T0003996,U047679,2026-03-10,448.75,Basic,Success
T0003997,U047694,2026-02-22,218.87,Basic,Success
T0003998,U047699,2026-04-05,181.42,Basic,Success
T0003999,U047707,2026-02-11,376.33,Basic,Success
T0004000,U047712,2026-02-13,623.22,Basic,Success
T0004001,U047715,2026-03-20,752.38,Pro,Success
T0004002,U047745,2026-01-11,734.66,Premium,Success
T0004003,U047751,2026-02-12,157.23,Basic,Success
T0004004,U047755,2026-02-22,335.51,Pro,Failed
T0004005,U047766,2026-01-20,648.17,Pro,Success
T0004006,U047788,2026-02-20,411.42,Pro,Failed
T0004007,U047789,2026-01-05,1205.55,Basic,Success
T0004008,U047804,2026-01-25,460.28,Pro,Success
T0004009,U047827,2026-01-27,287.69,Basic,Success
T0004010,U047829,2026-02-07,639.68,Premium,Success
T0004011,U047841,2026-03-09,314.95,Basic,Success
T0004012,U047863,2026-03-07,403.97,Pro,Success
T0004013,U047878,2026-02-03,360.89,Pro,Success
T0004014,U047880,2026-02-13,464.06,Basic,Failed
T0004015,U047902,2026-03-20,387.49,Pro,Success
T0004016,U047903,2026-03-16,413.79,Premium,Success
T0004017,U047918,2026-03-01,376.0,Basic,Success
T0004018,U047935,2026-03-07,123.66,Pro,Success
T0004019,U047945,2026-03-25,1018.3,Basic,Success
T0004020,U047946,2026-03-28,878.51,Pro,Success
T0004021,U047957,2026-02-05,135.29,Pro,Success
T0004022,U048006,2026-01-22,593.61,Basic,Success
T0004023,U048011,2026-02-27,779.05,Pro,Success
T0004024,U048012,2026-03-10,761.46,Basic,Success
T0004025,U048020,2026-01-30,864.32,Pro,Success
T0004026,U048029,2026-02-21,181.26,Basic,Success
T0004027,U048033,2026-01-28,348.55,Basic,Success
T0004028,U048035,2026-01-04,715.64,Basic,Success
T0004029,U048047,2026-02-21,761.39,Basic,Success
T0004030,U048058,2026-04-01,1242.38,Basic,Success
T0004031,U048079,2026-04-11,602.5,Pro,Success
T0004032,U048091,2026-02-24,1143.87,Pro,Success
T0004033,U048113,2026-01-14,532.37,Basic,Success
T0004034,U048116,2026-03-11,2026.93,Pro,Success
T0004035,U048119,2026-02-28,812.87,Pro,Success
T0004036,U048123,2026-04-06,1302.7,Pro,Success
T0004037,U048130,2026-03-09,570.24,Basic,Success
T0004038,U048131,2026-03-08,200.98,Basic,Success
T0004039,U048138,2026-01-13,907.18,Basic,Success
T0004040,U048144,2026-02-05,648.36,Pro,Success
T0004041,U048158,2026-03-18,1116.59,Pro,Success
T0004042,U048170,2026-03-17,258.05,Pro,Success
T0004043,U048171,2026-02-19,324.56,Basic,Success
T0004044,U048173,2026-02-13,203.38,Basic,Success
T0004045,U048202,2026-02-19,504.85,Basic,Success
T0004046,U048205,2026-03-30,720.22,Pro,Success
T0004047,U048208,2026-03-17,344.75,Basic,Success
T0004048,U048268,2026-02-02,577.85,Basic,Success
T0004049,U048286,2026-04-25,1193.8,Premium,Success
T0004050,U048288,2026-01-13,255.53,Basic,Success
T0004051,U048290,2026-03-29,215.08,Basic,Success
T0004052,U048304,2026-03-13,230.46,Basic,Success
T0004053,U048333,2026-04-09,600.28,Pro,Success
T0004054,U048340,2026-03-21,256.56,Premium,Success
T0004055,U048350,2026-04-01,1144.25,Premium,Failed
T0004056,U048360,2026-01-28,696.88,Basic,Success
T0004057,U048362,2026-03-24,949.51,Pro,Success
T0004058,U048369,2026-02-01,452.36,Basic,Success
T0004059,U048397,2026-03-09,588.0,Basic,Success
T0004060,U048432,2026-01-27,283.87,Premium,Success
T0004061,U048437,2026-04-01,318.72,Pro,Success
T0004062,U048441,2026-02-28,461.52,Basic,Success
T0004063,U048445,2026-03-29,896.5,Pro,Success
T0004064,U048446,2026-01-26,745.28,Basic,Success
T0004065,U048450,2026-04-26,835.91,Premium,Success
T0004066,U048455,2026-02-10,798.83,Pro,Success
T0004067,U048456,2026-02-23,1290.63,Pro,Success
T0004068,U048475,2026-04-06,630.29,Basic,Success
T0004069,U048491,2026-03-23,980.51,Premium,Success
T0004070,U048496,2026-04-15,126.86,Basic,Success
T0004071,U048520,2026-02-11,617.74,Basic,Success
T0004072,U048523,2026-03-01,823.08,Pro,Success
T0004073,U048537,2026-03-30,658.1,Basic,Success
T0004074,U048546,2026-03-21,301.65,Basic,Success
T0004075,U048550,2026-02-27,669.11,Pro,Success
T0004076,U048563,2026-04-06,903.83,Pro,Success
T0004077,U048567,2026-02-13,823.15,Basic,Success
T0004078,U048571,2026-02-09,446.83,Pro,Success
T0004079,U048590,2026-04-04,1091.92,Basic,Success
T0004080,U048593,2026-02-19,483.87,Pro,Success
T0004081,U048600,2026-02-28,1009.79,Pro,Success
T0004082,U048617,2026-02-15,303.37,Pro,Success
T0004083,U048629,2026-01-08,39.0,Premium,Success
T0004084,U048633,2026-01-28,207.4,Pro,Success
T0004085,U048641,2026-02-06,646.15,Pro,Success
T0004086,U048644,2026-01-31,735.7,Premium,Success
T0004087,U048647,2026-02-03,455.17,Basic,Success
T0004088,U048695,2026-03-19,464.12,Premium,Success
T0004089,U048732,2026-04-18,1091.81,Basic,Success
T0004090,U048736,2026-04-05,102.66,Basic,Failed
T0004091,U048763,2026-03-10,817.84,Pro,Success
T0004092,U048781,2026-03-06,908.67,Premium,Success
T0004093,U048787,2026-01-30,1004.03,Pro,Success
T0004094,U048790,2026-03-25,616.28,Pro,Success
T0004095,U048793,2026-02-09,271.48,Pro,Success
T0004096,U048797,2026-03-15,1611.9,Basic,Success
T0004097,U048801,2026-02-13,263.41,Basic,Success
T0004098,U048810,2026-04-07,521.41,Basic,Success
T0004099,U048812,2026-03-09,645.7,Pro,Success
T0004100,U048814,2026-03-02,326.61,Pro,Success
T0004101,U048835,2026-01-04,722.24,Basic,Success
T0004102,U048843,2026-04-09,311.8,Premium,Success
T0004103,U048849,2026-04-02,120.57,Pro,Success
T0004104,U048861,2026-01-31,1074.06,Pro,Success
T0004105,U048876,2026-01-07,287.52,Basic,Success
T0004106,U048886,2026-04-13,577.64,Premium,Success
T0004107,U048900,2026-04-17,201.5,Premium,Success
T0004108,U048921,2026-01-27,46.75,Pro,Success
T0004109,U048940,2026-01-28,1869.85,Pro,Success
T0004110,U048962,2026-03-10,856.38,Premium,Success
T0004111,U048970,2026-02-14,921.56,Pro,Success
T0004112,U048983,2026-03-31,134.92,Premium,Success
T0004113,U048986,2026-03-26,599.34,Pro,Success
T0004114,U048998,2026-03-23,585.95,Premium,Success
T0004115,U048999,2026-04-02,1133.02,Basic,Success
T0004116,U049031,2026-01-31,945.99,Pro,Success
T0004117,U049045,2026-04-10,109.35,Basic,Success
T0004118,U049055,2026-01-25,274.5,Basic,Success
T0004119,U049064,2026-01-29,205.96,Pro,Success
T0004120,U049073,2026-02-17,366.84,Pro,Success
T0004121,U049087,2026-03-25,448.88,Basic,Failed
T0004122,U049090,2026-04-20,709.74,Basic,Success
T0004123,U049091,2026-01-21,395.22,Pro,Success
T0004124,U049105,2026-04-05,1000.77,Basic,Success
T0004125,U049152,2026-03-20,566.17,Basic,Success
T0004126,U049167,2026-02-09,412.84,Basic,Success
T0004127,U049171,2026-04-17,981.77,Premium,Success
T0004128,U049174,2026-03-07,392.94,Pro,Success
T0004129,U049176,2026-04-03,1065.28,Basic,Success
T0004130,U049201,2026-03-22,511.85,Basic,Success
T0004131,U049204,2026-02-04,504.27,Premium,Success
T0004132,U049209,2026-02-18,317.07,Pro,Success
T0004133,U049210,2026-03-12,265.52,Basic,Success
T0004134,U049219,2026-02-05,1442.37,Basic,Success
T0004135,U049225,2026-04-03,702.08,Basic,Success
T0004136,U049226,2026-03-27,546.47,Basic,Success
T0004137,U049229,2026-02-06,1724.69,Basic,Success
T0004138,U049238,2026-03-05,792.68,Pro,Success
T0004139,U049250,2026-03-27,618.74,Basic,Success
T0004140,U049266,2026-03-22,392.36,Premium,Success
T0004141,U049269,2026-03-23,596.82,Basic,Success
T0004142,U049272,2026-03-02,926.8,Basic,Failed
T0004143,U049275,2026-03-22,345.75,Pro,Success
T0004144,U049278,2026-02-01,339.31,Basic,Success
T0004145,U049285,2026-02-04,746.08,Pro,Success
T0004146,U049290,2026-03-05,1391.16,Basic,Success
T0004147,U049291,2026-01-14,438.57,Pro,Success
T0004148,U049294,2026-01-26,825.33,Pro,Success
T0004149,U049345,2026-03-30,312.06,Basic,Success
T0004150,U049350,2026-02-12,732.96,Pro,Success
T0004151,U049351,2026-01-04,595.76,Basic,Success
T0004152,U049352,2026-01-20,1069.7,Basic,Success
T0004153,U049362,2026-02-10,398.35,Basic,Success
T0004154,U049373,2026-02-10,719.37,Basic,Success
T0004155,U049387,2026-03-17,500.08,Pro,Success
T0004156,U049419,2026-03-22,395.5,Basic,Success
T0004157,U049441,2026-04-15,525.72,Basic,Success
T0004158,U049466,2026-02-18,847.07,Basic,Success
T0004159,U049469,2026-04-20,138.19,Basic,Success
T0004160,U049482,2026-03-10,557.43,Basic,Failed
T0004161,U049497,2026-02-12,361.5,Pro,Success
T0004162,U049529,2026-02-05,1094.24,Pro,Success
T0004163,U049550,2026-03-02,426.69,Basic,Success
T0004164,U049556,2026-03-31,969.62,Pro,Failed
T0004165,U049561,2026-03-02,317.55,Basic,Success
T0004166,U049562,2026-04-19,994.05,Basic,Success
T0004167,U049574,2026-01-10,871.6,Basic,Success
T0004168,U049582,2026-04-19,340.86,Pro,Success
T0004169,U049599,2026-03-13,91.3,Basic,Success
T0004170,U049628,2026-01-20,530.5,Pro,Success
T0004171,U049636,2026-03-09,131.64,Pro,Success
T0004172,U049653,2026-01-10,448.34,Pro,Success
T0004173,U049665,2026-03-14,462.98,Basic,Success
T0004174,U049688,2026-02-25,306.15,Pro,Success
T0004175,U049703,2026-02-11,1042.41,Basic,Success
T0004176,U049705,2026-02-15,455.92,Basic,Success
T0004177,U049708,2026-03-30,1078.57,Pro,Success
T0004178,U049712,2026-03-13,1362.69,Premium,Success
T0004179,U049726,2026-03-22,201.14,Pro,Success
T0004180,U049742,2026-04-05,1006.25,Pro,Success
T0004181,U049751,2026-02-22,1114.91,Basic,Success
T0004182,U049754,2026-04-10,400.56,Pro,Success
T0004183,U049840,2026-01-31,728.04,Basic,Success
T0004184,U049845,2026-03-15,283.82,Pro,Success
T0004185,U049886,2026-03-24,1300.07,Basic,Success
T0004186,U049890,2026-03-27,457.06,Pro,Success
T0004187,U049916,2026-04-11,559.58,Premium,Success
T0004188,U049928,2026-02-13,324.29,Pro,Success
T0004189,U049931,2026-03-25,1359.58,Basic,Success
T0004190,U049933,2026-03-10,523.44,Basic,Success
T0004191,U049942,2026-02-25,497.26,Basic,Success
T0004192,U049953,2026-02-22,842.49,Pro,Success
T0004193,U049983,2026-03-07,300.62,Pro,Success
T0004194,U049987,2026-03-19,534.76,Pro,Success
T0004195,U049994,2026-03-06,365.17,Basic,Success
T0004196,U050000,2026-03-17,284.48,Basic,Success
T0004197,U050016,2026-03-15,363.02,Basic,Success
T0004198,U050029,2026-03-07,344.31,Basic,Success
T0004199,U050054,2026-03-18,684.48,Pro,Success
T0004200,U050066,2026-01-21,497.57,Basic,Success
T0004201,U050081,2026-02-03,265.7,Basic,Success
T0004202,U050085,2026-03-26,1358.49,Basic,Success
T0004203,U050093,2026-01-27,311.46,Basic,Success
T0004204,U050107,2026-04-03,213.36,Pro,Success
T0004205,U050112,2026-03-12,383.57,Basic,Success
T0004206,U050145,2026-02-13,424.88,Basic,Success
T0004207,U050146,2026-02-08,234.02,Pro,Success
T0004208,U050169,2026-03-24,1064.9,Basic,Success
T0004209,U050204,2026-03-03,820.17,Premium,Success
T0004210,U050212,2026-03-19,703.35,Pro,Success
T0004211,U050215,2026-02-28,1349.85,Pro,Success
T0004212,U050227,2026-03-03,633.98,Basic,Success
T0004213,U050231,2026-02-20,476.73,Pro,Success
T0004214,U050251,2026-04-02,343.33,Pro,Success
T0004215,U050254,2026-02-25,789.14,Pro,Success
T0004216,U050274,2026-04-11,218.21,Basic,Failed
T0004217,U050279,2026-04-09,718.6,Basic,Success
T0004218,U050299,2026-04-02,1029.17,Basic,Failed
T0004219,U050311,2026-03-10,2052.5,Basic,Success
T0004220,U050313,2026-02-21,560.58,Basic,Success
T0004221,U050314,2026-02-01,482.31,Basic,Success
T0004222,U050330,2026-01-21,417.21,Pro,Success
T0004223,U050331,2026-04-05,240.22,Pro,Success
T0004224,U050344,2026-03-11,983.02,Basic,Success
T0004225,U050346,2026-04-13,509.48,Basic,Success
T0004226,U050364,2026-03-21,1600.61,Pro,Success
T0004227,U050367,2026-03-05,281.14,Premium,Success
T0004228,U050372,2026-03-23,532.5,Basic,Success
T0004229,U050375,2026-02-17,564.46,Pro,Success
T0004230,U050389,2026-04-07,77.26,Pro,Success
T0004231,U050398,2026-01-23,385.38,Basic,Success
T0004232,U050407,2026-03-07,167.77,Basic,Success
T0004233,U050408,2026-03-22,737.77,Basic,Success
T0004234,U050423,2026-02-12,713.8,Pro,Success
T0004235,U050443,2026-04-01,937.7,Basic,Success
T0004236,U050460,2026-03-05,883.08,Basic,Success
T0004237,U050466,2026-02-02,578.94,Basic,Success
T0004238,U050506,2026-04-12,291.19,Premium,Success
T0004239,U050525,2026-04-05,630.26,Basic,Success
T0004240,U050535,2026-02-24,535.22,Basic,Success
T0004241,U050555,2026-03-31,535.15,Basic,Success
T0004242,U050563,2026-02-17,752.79,Basic,Success
T0004243,U050567,2026-01-29,595.65,Premium,Success
T0004244,U050569,2026-03-22,575.52,Pro,Success
T0004245,U050585,2026-01-21,317.01,Basic,Success
T0004246,U050608,2026-02-22,705.73,Basic,Success
T0004247,U050609,2026-02-08,760.39,Pro,Failed
T0004248,U050653,2026-03-27,291.29,Basic,Success
T0004249,U050661,2026-02-20,302.84,Premium,Success
T0004250,U050674,2026-03-06,537.78,Basic,Success
T0004251,U050693,2026-02-11,462.38,Premium,Success
T0004252,U050700,2026-02-16,875.04,Basic,Success
T0004253,U050706,2026-04-19,760.35,Basic,Success
T0004254,U050719,2026-04-06,822.52,Basic,Success
T0004255,U050723,2026-03-08,246.34,Pro,Success
T0004256,U050739,2026-01-20,452.58,Basic,Failed
T0004257,U050796,2026-01-19,645.61,Basic,Success
T0004258,U050807,2026-03-01,754.68,Basic,Success
T0004259,U050813,2026-04-16,598.01,Pro,Success
T0004260,U050826,2026-02-12,940.15,Pro,Failed
T0004261,U050827,2026-04-09,767.89,Basic,Success
T0004262,U050838,2026-02-24,850.82,Basic,Success
T0004263,U050850,2026-04-21,458.07,Pro,Success
T0004264,U050859,2026-03-21,762.97,Basic,Success
T0004265,U050868,2026-01-24,617.2,Basic,Success
T0004266,U050870,2026-03-23,400.27,Basic,Success
T0004267,U050877,2026-03-12,440.46,Premium,Success
T0004268,U050884,2026-02-09,373.14,Basic,Success
T0004269,U050886,2026-03-05,788.6,Basic,Success
T0004270,U050889,2026-02-11,689.61,Basic,Success
T0004271,U050890,2026-02-14,1524.82,Premium,Success
T0004272,U050892,2026-02-18,652.98,Basic,Success
T0004273,U050897,2026-02-17,403.69,Pro,Success
T0004274,U050905,2026-01-30,841.46,Basic,Success
T0004275,U050936,2026-01-26,1382.82,Pro,Success
T0004276,U050939,2026-03-14,753.38,Basic,Success
T0004277,U050946,2026-03-27,840.69,Basic,Success
T0004278,U050953,2026-04-17,1053.13,Basic,Success
T0004279,U050975,2026-02-02,178.54,Basic,Success
T0004280,U050981,2026-02-28,389.48,Premium,Success
T0004281,U050992,2026-02-09,690.4,Premium,Success
T0004282,U050995,2026-01-11,783.23,Pro,Success
T0004283,U050996,2026-01-23,616.97,Basic,Success
T0004284,U051001,2026-03-07,1074.49,Basic,Success
T0004285,U051010,2026-03-25,198.12,Basic,Success
T0004286,U051013,2026-04-02,413.95,Pro,Success
T0004287,U051025,2026-03-17,302.28,Basic,Success
T0004288,U051029,2026-02-03,485.05,Pro,Success
T0004289,U051040,2026-01-25,560.18,Basic,Success
T0004290,U051048,2026-03-13,452.05,Basic,Success
T0004291,U051056,2026-04-12,357.76,Pro,Success
T0004292,U051075,2026-02-21,644.28,Basic,Success
T0004293,U051085,2026-02-08,657.52,Pro,Success
T0004294,U051087,2026-03-01,1014.14,Pro,Success
T0004295,U051089,2026-03-09,176.0,Pro,Success
T0004296,U051119,2026-03-30,768.72,Basic,Success
T0004297,U051128,2026-03-04,789.34,Premium,Success
T0004298,U051145,2026-02-27,656.18,Basic,Success
T0004299,U051159,2026-02-28,457.89,Pro,Success
T0004300,U051163,2026-03-12,309.69,Pro,Success
T0004301,U051166,2026-04-12,,Pro,Success
T0004302,U051186,2026-02-27,1263.29,Basic,Success
T0004303,U051196,2026-03-13,825.33,Basic,Success
T0004304,U051216,2026-03-18,376.07,Basic,Success
T0004305,U051229,2026-03-28,462.12,Basic,Failed
T0004306,U051242,2026-04-09,457.21,Pro,Success
T0004307,U051254,2026-03-06,727.04,Basic,Success
T0004308,U051255,2026-03-21,225.99,Basic,Failed
T0004309,U051256,2026-03-22,890.74,Basic,Success
T0004310,U051257,2026-04-01,487.8,Basic,Success
T0004311,U051275,2026-01-26,917.96,Basic,Success
T0004312,U051276,2026-02-17,729.67,Premium,Success
T0004313,U051284,2026-04-30,293.7,Basic,Success
T0004314,U051316,2026-02-18,973.83,Basic,Failed
T0004315,U051339,2026-04-15,291.93,Premium,Success
T0004316,U051356,2026-02-11,373.08,Basic,Success
T0004317,U051359,2026-04-06,803.77,Pro,Success
T0004318,U051364,2026-03-24,297.04,Premium,Success
T0004319,U051378,2026-02-19,1039.21,Basic,Success
T0004320,U051391,2026-02-04,867.36,Basic,Success
T0004321,U051396,2026-03-01,278.76,Basic,Success
T0004322,U051399,2026-01-23,1274.47,Premium,Success
T0004323,U051441,2026-04-02,1158.58,Basic,Success
T0004324,U051446,2026-04-01,955.0,Premium,Success
T0004325,U051449,2026-01-25,453.88,Premium,Success
T0004326,U051454,2026-04-18,643.43,Basic,Success
T0004327,U051471,2026-03-18,414.41,Pro,Success
T0004328,U051475,2026-03-02,465.49,Basic,Success
T0004329,U051491,2026-03-11,977.88,Pro,Success
T0004330,U051497,2026-02-13,1375.64,Basic,Success
T0004331,U051504,2026-01-12,483.42,Basic,Success
T0004332,U051516,2026-04-12,295.98,Basic,Success
T0004333,U051518,2026-01-28,602.33,Basic,Success
T0004334,U051521,2026-04-03,230.85,Basic,Success
T0004335,U051527,2026-02-11,1018.31,Basic,Success
T0004336,U051539,2026-03-22,733.16,Basic,Success
T0004337,U051544,2026-02-04,150.56,Premium,Success
T0004338,U051551,2026-01-26,279.67,Basic,Success
T0004339,U051563,2026-03-12,1086.83,Pro,Success
T0004340,U051564,2026-01-23,1094.48,Basic,Success
T0004341,U051577,2026-02-20,174.75,Pro,Success
T0004342,U051582,2026-04-12,927.99,Basic,Success
T0004343,U051619,2026-01-31,887.62,Basic,Success
T0004344,U051621,2026-03-13,1144.43,Premium,Success
T0004345,U051625,2026-01-19,1170.46,Premium,Success
T0004346,U051627,2026-02-09,1237.22,Basic,Failed
T0004347,U051629,2026-02-17,551.87,Pro,Success
T0004348,U051643,2026-02-05,879.31,Premium,Success
T0004349,U051652,2026-02-19,509.71,Premium,Success
T0004350,U051654,2026-04-07,889.91,Premium,Success
T0004351,U051661,2026-02-16,646.72,Basic,Success
T0004352,U051695,2026-02-03,860.55,Pro,Success
T0004353,U051705,2026-02-09,1258.99,Basic,Success
T0004354,U051711,2026-02-06,1138.45,Pro,Success
T0004355,U051740,2026-03-14,1314.69,Pro,Success
T0004356,U051760,2026-02-21,159.76,Basic,Success
T0004357,U051782,2026-02-06,444.5,Premium,Success
T0004358,U051786,2026-03-18,1672.11,Pro,Success
T0004359,U051787,2026-03-15,652.51,Pro,Success
T0004360,U051823,2026-01-26,626.17,Pro,Success
T0004361,U051852,2026-02-20,1139.72,Basic,Success
T0004362,U051864,2026-03-13,894.71,Premium,Success
T0004363,U051939,2026-01-27,571.6,Basic,Success
T0004364,U051941,2026-02-25,921.21,Basic,Success
T0004365,U051943,2026-01-18,713.13,Basic,Success
T0004366,U051962,2026-03-08,391.05,Basic,Success
T0004367,U051964,2026-03-26,1028.93,Basic,Success
T0004368,U051975,2026-03-02,615.38,Basic,Failed
T0004369,U051995,2026-01-17,276.2,Basic,Success
T0004370,U052012,2026-03-25,759.56,Basic,Success
T0004371,U052035,2026-02-18,688.47,Premium,Success
T0004372,U052076,2026-03-15,169.44,Pro,Success
T0004373,U052096,2026-01-30,604.53,Basic,Success
T0004374,U052110,2026-01-24,267.07,Basic,Success
T0004375,U052112,2026-02-10,275.4,Basic,Success
T0004376,U052121,2026-04-05,2108.67,Premium,Success
T0004377,U052151,2026-02-27,619.16,Basic,Success
T0004378,U052160,2026-03-26,358.67,Pro,Success
T0004379,U052163,2026-01-23,1482.71,Basic,Success
T0004380,U052179,2026-03-21,728.12,Basic,Success
T0004381,U052181,2026-02-20,579.9,Pro,Success
T0004382,U052185,2026-03-04,395.59,Pro,Failed
T0004383,U052191,2026-03-13,713.92,Premium,Success
T0004384,U052192,2026-02-06,174.56,Pro,Success
T0004385,U052197,2026-02-28,176.78,Premium,Success
T0004386,U052215,2026-04-09,1918.49,Pro,Success
T0004387,U052216,2026-03-15,186.45,Basic,Success
T0004388,U052229,2026-02-15,1238.44,Basic,Success
T0004389,U052230,2026-02-19,777.92,Pro,Success
T0004390,U052242,2026-04-07,476.59,Pro,Success
T0004391,U052245,2026-02-26,403.95,Basic,Success
T0004392,U052259,2026-02-20,410.64,Basic,Success
T0004393,U052278,2026-04-08,664.12,Basic,Success
T0004394,U052279,2026-03-07,211.54,Pro,Success
T0004395,U052289,2026-02-12,633.57,Basic,Success
T0004396,U052295,2026-04-01,450.16,Pro,Success
T0004397,U052299,2026-02-03,,Premium,Success
T0004398,U052311,2026-03-16,409.23,Premium,Success
T0004399,U052320,2026-04-14,337.09,Premium,Success
T0004400,U052324,2026-03-09,1151.16,Pro,Success
T0004401,U052330,2026-02-01,1172.0,Pro,Success
T0004402,U052344,2026-03-19,390.92,Premium,Success
T0004403,U052345,2026-04-17,1072.48,Pro,Success
T0004404,U052373,2026-02-10,667.23,Basic,Success
T0004405,U052374,2026-02-03,902.88,Pro,Success
T0004406,U052376,2026-03-10,345.46,Basic,Success
T0004407,U052436,2026-01-18,693.97,Pro,Success
T0004408,U052455,2026-02-19,246.0,Premium,Success
T0004409,U052462,2026-04-19,347.33,Basic,Success
T0004410,U052469,2026-02-06,635.34,Premium,Success
T0004411,U052492,2026-04-02,1316.16,Basic,Success
T0004412,U052511,2026-01-20,749.91,Basic,Success
T0004413,U052514,2026-01-31,505.04,Premium,Success
T0004414,U052528,2026-01-24,740.25,Pro,Success
T0004415,U052546,2026-01-24,575.27,Pro,Success
T0004416,U052549,2026-04-04,853.85,Basic,Success
T0004417,U052559,2026-03-26,255.46,Premium,Success
T0004418,U052568,2026-01-26,512.84,Pro,Success
T0004419,U052586,2026-03-02,345.93,Basic,Success
T0004420,U052596,2026-03-23,396.71,Premium,Success
T0004421,U052597,2026-02-23,388.84,Pro,Success
T0004422,U052600,2026-02-02,1085.53,Basic,Success
T0004423,U052621,2026-03-25,397.36,Basic,Success
T0004424,U052636,2026-03-23,570.11,Pro,Success
T0004425,U052642,2026-02-25,959.38,Premium,Failed
T0004426,U052643,2026-01-15,1400.74,Basic,Success
T0004427,U052653,2026-03-10,706.5,Premium,Success
T0004428,U052667,2026-02-17,144.1,Pro,Failed
T0004429,U052669,2026-01-15,200.73,Pro,Success
T0004430,U052675,2026-02-13,833.56,Pro,Success
T0004431,U052691,2026-03-27,1211.74,Pro,Success
T0004432,U052707,2026-03-06,759.21,Basic,Success
T0004433,U052726,2026-01-14,801.68,Basic,Failed
T0004434,U052734,2026-02-01,381.73,Basic,Success
T0004435,U052776,2026-01-30,350.16,Basic,Success
T0004436,U052803,2026-02-07,1239.37,Pro,Success
T0004437,U052816,2026-01-27,648.23,Basic,Success
T0004438,U052817,2026-03-01,1128.6,Basic,Success
T0004439,U052820,2026-03-23,202.4,Premium,Success
T0004440,U052822,2026-04-13,1106.97,Basic,Success
T0004441,U052832,2026-02-07,282.83,Basic,Success
T0004442,U052836,2026-02-21,953.89,Basic,Success
T0004443,U052861,2026-03-18,264.24,Basic,Success
T0004444,U052871,2026-03-15,660.37,Premium,Success
T0004445,U052879,2026-01-28,302.49,Premium,Success
T0004446,U052890,2026-03-05,688.92,Pro,Success
T0004447,U052894,2026-02-28,629.97,Basic,Failed
T0004448,U052895,2026-04-10,2104.1,Premium,Success
T0004449,U052898,2026-04-16,454.93,Basic,Success
T0004450,U052904,2026-01-17,677.45,Pro,Success
T0004451,U052918,2026-02-08,160.64,Basic,Success
T0004452,U052925,2026-02-07,323.82,Basic,Success
T0004453,U052928,2026-01-31,657.06,Basic,Success
T0004454,U052930,2026-03-29,1208.62,Basic,Failed
T0004455,U052938,2026-04-12,1170.45,Premium,Success
T0004456,U052942,2026-03-13,684.6,Basic,Success
T0004457,U052943,2026-04-01,412.31,Pro,Success
T0004458,U052944,2026-02-16,615.62,Pro,Success
T0004459,U052948,2026-01-29,1900.17,Basic,Success
T0004460,U052988,2026-02-07,262.46,Premium,Success
T0004461,U052998,2026-04-07,465.78,Basic,Success
T0004462,U053004,2026-03-26,301.51,Pro,Success
T0004463,U053012,2026-01-22,377.22,Basic,Success
T0004464,U053023,2026-03-05,443.84,Basic,Success
T0004465,U053032,2026-01-19,912.0,Pro,Success
T0004466,U053037,2026-02-18,733.72,Basic,Success
T0004467,U053038,2026-02-02,492.59,Pro,Success
T0004468,U053039,2026-01-28,228.59,Basic,Success
T0004469,U053075,2026-02-19,,Pro,Success
T0004470,U053094,2026-02-21,216.49,Basic,Success
T0004471,U053152,2026-02-12,1008.33,Basic,Success
T0004472,U053153,2026-04-01,742.18,Basic,Success
T0004473,U053160,2026-03-24,1060.34,Basic,Success
T0004474,U053168,2026-02-24,537.55,Basic,Success
T0004475,U053181,2026-03-11,831.84,Pro,Success
T0004476,U053186,2026-03-16,594.71,Basic,Success
T0004477,U053194,2026-02-15,683.67,Basic,Failed
T0004478,U053207,2026-03-29,668.41,Basic,Success
T0004479,U053212,2026-02-09,353.29,Premium,Success
T0004480,U053235,2026-03-05,982.32,Basic,Success
T0004481,U053243,2026-01-27,1073.92,Pro,Success
T0004482,U053249,2026-02-07,838.33,Basic,Success
T0004483,U053255,2026-01-14,368.85,Basic,Success
T0004484,U053284,2026-04-12,688.67,Basic,Success
T0004485,U053287,2026-03-05,878.82,Basic,Success
T0004486,U053303,2026-03-01,613.95,Pro,Success
T0004487,U053318,2026-04-08,372.1,Basic,Success
T0004488,U053320,2026-02-28,412.72,Pro,Success
T0004489,U053337,2026-04-01,762.8,Basic,Success
T0004490,U053355,2026-01-27,1108.2,Basic,Success
T0004491,U053365,2026-03-18,1405.39,Basic,Success
T0004492,U053379,2026-02-05,562.29,Pro,Success
T0004493,U053396,2026-02-01,497.16,Basic,Success
T0004494,U053398,2026-03-03,265.39,Basic,Success
T0004495,U053411,2026-03-20,500.69,Pro,Success
T0004496,U053423,2026-04-05,1125.16,Pro,Success
T0004497,U053473,2026-03-21,910.6,Basic,Success
T0004498,U053503,2026-04-11,284.21,Basic,Success
T0004499,U053542,2026-03-13,644.38,Basic,Success
T0004500,U053551,2026-02-28,308.91,Basic,Success
T0004501,U053578,2026-02-05,119.34,Basic,Success
T0004502,U053590,2026-03-06,678.74,Premium,Success
T0004503,U053604,2026-03-04,182.61,Basic,Success
T0004504,U053623,2026-02-14,176.94,Premium,Success
T0004505,U053630,2026-04-05,321.21,Pro,Success
T0004506,U053635,2026-03-09,185.31,Pro,Success
T0004507,U053653,2026-01-29,176.29,Basic,Success
T0004508,U053662,2026-04-18,465.86,Basic,Success
T0004509,U053674,2026-02-18,586.46,Pro,Success
T0004510,U053675,2026-02-11,815.14,Premium,Success
T0004511,U053687,2026-02-03,468.5,Pro,Success
T0004512,U053693,2026-03-18,150.43,Premium,Success
T0004513,U053715,2026-04-03,982.29,Basic,Success
T0004514,U053721,2026-03-17,523.74,Premium,Success
T0004515,U053725,2026-03-26,276.29,Basic,Success
T0004516,U053726,2026-03-28,474.24,Basic,Success
T0004517,U053745,2026-03-03,362.55,Premium,Success
T0004518,U053750,2026-02-18,1034.84,Basic,Success
T0004519,U053771,2026-02-21,1011.11,Basic,Success
T0004520,U053792,2026-03-07,218.91,Pro,Success
T0004521,U053798,2026-01-23,605.06,Pro,Success
T0004522,U053815,2026-02-05,778.41,Basic,Failed
T0004523,U053816,2026-03-23,702.66,Premium,Success
T0004524,U053817,2026-02-20,1239.4,Basic,Success
T0004525,U053818,2026-02-08,568.81,Pro,Success
T0004526,U053824,2026-03-24,262.26,Pro,Success
T0004527,U053825,2026-04-11,800.57,Pro,Success
T0004528,U053829,2026-02-10,702.8,Basic,Success
T0004529,U053835,2026-04-18,1596.0,Basic,Success
T0004530,U053861,2026-03-03,564.78,Pro,Success
T0004531,U053869,2026-02-15,472.12,Basic,Success
T0004532,U053874,2026-02-26,1336.8,Pro,Success
T0004533,U053895,2026-02-04,849.89,Basic,Success
T0004534,U053905,2026-02-19,857.82,Pro,Success
T0004535,U053915,2026-03-25,357.04,Pro,Success
T0004536,U053932,2026-02-24,677.82,Basic,Success
T0004537,U053951,2026-01-15,538.96,Basic,Success
T0004538,U053962,2026-02-19,359.64,Pro,Failed
T0004539,U053981,2026-03-30,1589.31,Pro,Success
T0004540,U053982,2026-03-29,213.45,Pro,Success
T0004541,U053985,2026-03-26,268.2,Pro,Success
T0004542,U054018,2026-03-11,332.69,Basic,Success
T0004543,U054028,2026-04-13,1186.4,Basic,Success
T0004544,U054055,2026-03-22,488.68,Basic,Success
T0004545,U054059,2026-03-13,802.56,Pro,Success
T0004546,U054071,2026-02-06,955.29,Pro,Success
T0004547,U054088,2026-02-14,719.47,Premium,Success
T0004548,U054101,2026-04-03,293.8,Basic,Success
T0004549,U054108,2026-01-13,1201.19,Basic,Success
T0004550,U054113,2026-03-03,1428.8,Basic,Success
T0004551,U054117,2026-03-04,597.55,Pro,Success
T0004552,U054132,2026-03-20,1184.73,Basic,Success
T0004553,U054140,2026-02-09,352.39,Basic,Success
T0004554,U054162,2026-03-07,637.58,Basic,Success
T0004555,U054198,2026-02-21,239.04,Basic,Success
T0004556,U054201,2026-04-04,941.49,Pro,Success
T0004557,U054210,2026-02-02,1406.14,Pro,Success
T0004558,U054211,2026-03-16,305.23,Pro,Success
T0004559,U054257,2026-02-19,454.17,Basic,Success
T0004560,U054260,2026-03-09,496.9,Basic,Success
T0004561,U054262,2026-03-14,252.71,Basic,Success
T0004562,U054269,2026-03-07,1557.46,Basic,Success
T0004563,U054279,2026-04-12,228.1,Pro,Success
T0004564,U054280,2026-03-17,1132.81,Pro,Success
T0004565,U054289,2026-02-05,307.48,Premium,Success
T0004566,U054310,2026-04-14,917.62,Basic,Success
T0004567,U054333,2026-01-20,242.28,Basic,Success
T0004568,U054341,2026-04-13,642.47,Premium,Success
T0004569,U054349,2026-03-28,1046.75,Basic,Success
T0004570,U054370,2026-01-11,710.29,Basic,Success
T0004571,U054392,2026-02-26,796.53,Premium,Success
T0004572,U054393,2026-01-31,702.18,Basic,Success
T0004573,U054398,2026-03-26,993.97,Pro,Success
T0004574,U054399,2026-03-16,437.33,Premium,Success
T0004575,U054400,2026-03-09,707.42,Basic,Success
T0004576,U054426,2026-02-08,831.91,Basic,Success
T0004577,U054445,2026-01-18,410.29,Basic,Success
T0004578,U054447,2026-03-28,1181.9,Premium,Success
T0004579,U054455,2026-03-31,322.58,Pro,Success
T0004580,U054464,2026-03-29,433.39,Premium,Success
T0004581,U054494,2026-01-28,272.65,Basic,Success
T0004582,U054501,2026-01-29,550.54,Basic,Success
T0004583,U054528,2026-02-05,387.51,Premium,Success
T0004584,U054559,2026-03-10,2634.07,Pro,Success
T0004585,U054569,2026-02-01,155.9,Basic,Success
T0004586,U054589,2026-03-11,374.8,Basic,Success
T0004587,U054590,2026-01-18,1508.93,Basic,Success
T0004588,U054595,2026-02-07,279.31,Basic,Success
T0004589,U054596,2026-02-07,999.4,Basic,Success
T0004590,U054608,2026-02-23,426.19,Basic,Success
T0004591,U054609,2026-03-10,199.62,Basic,Success
T0004592,U054619,2026-02-25,412.31,Pro,Success
T0004593,U054625,2026-03-25,263.44,Basic,Success
T0004594,U054688,2026-02-28,1012.34,Premium,Failed
T0004595,U054706,2026-02-28,619.43,Basic,Success
T0004596,U054746,2026-04-11,1018.26,Basic,Success
T0004597,U054749,2026-03-23,671.68,Basic,Success
T0004598,U054762,2026-02-24,546.11,Basic,Success
T0004599,U054769,2026-02-09,569.55,Pro,Success
T0004600,U054777,2026-03-03,640.77,Basic,Success
T0004601,U054783,2026-03-20,741.44,Basic,Success
T0004602,U054785,2026-03-07,838.02,Pro,Success
T0004603,U054797,2026-02-25,150.12,Premium,Success
T0004604,U054826,2026-02-09,636.48,Premium,Success
T0004605,U054827,2026-03-08,80.94,Premium,Success
T0004606,U054867,2026-02-18,422.25,Pro,Success
T0004607,U054888,2026-04-23,702.53,Pro,Success
T0004608,U054889,2026-03-26,372.27,Pro,Success
T0004609,U054890,2026-03-03,1485.84,Pro,Success
T0004610,U054894,2026-02-13,465.51,Basic,Success
T0004611,U054918,2026-04-26,512.71,Basic,Success
T0004612,U054928,2026-03-05,126.19,Pro,Success
T0004613,U054933,2026-03-02,855.28,Pro,Success
T0004614,U054934,2026-03-26,817.8,Basic,Success
T0004615,U054936,2026-03-09,442.83,Basic,Success
T0004616,U054952,2026-02-08,700.0,Pro,Success
T0004617,U054981,2026-03-20,464.36,Basic,Success
T0004618,U054996,2026-03-05,368.98,Pro,Success
T0004619,U055003,2026-04-10,917.23,Pro,Success
T0004620,U055004,2026-03-28,1084.32,Basic,Success
T0004621,U055005,2026-01-06,748.08,Premium,Success
T0004622,U055006,2026-03-07,430.62,Basic,Success
T0004623,U055014,2026-03-16,689.57,Basic,Success
T0004624,U055035,2026-01-20,1226.06,Basic,Success
T0004625,U055038,2026-02-21,438.04,Pro,Success
T0004626,U055042,2026-02-28,696.08,Basic,Success
T0004627,U055059,2026-03-15,146.1,Pro,Success
T0004628,U055061,2026-03-31,482.54,Pro,Success
T0004629,U055062,2026-01-26,1402.81,Basic,Success
T0004630,U055064,2026-01-20,764.37,Premium,Success
T0004631,U055067,2026-01-25,529.65,Premium,Success
T0004632,U055090,2026-03-28,1016.29,Pro,Success
T0004633,U055112,2026-02-23,,Basic,Success
T0004634,U055157,2026-02-17,966.73,Basic,Failed
T0004635,U055165,2026-03-21,457.86,Basic,Success
T0004636,U055176,2026-03-25,460.14,Pro,Success
T0004637,U055179,2026-01-26,387.9,Premium,Success
T0004638,U055186,2026-04-01,633.09,Pro,Success
T0004639,U055192,2026-04-13,520.97,Basic,Success
T0004640,U055210,2026-03-24,291.88,Pro,Success
T0004641,U055233,2026-01-17,311.69,Premium,Success
T0004642,U055240,2026-01-22,1144.81,Basic,Success
T0004643,U055241,2026-04-02,1241.55,Pro,Failed
T0004644,U055242,2026-01-25,1455.71,Pro,Success
T0004645,U055245,2026-01-24,1041.08,Basic,Success
T0004646,U055255,2026-02-24,454.21,Pro,Success
T0004647,U055271,2026-02-20,596.09,Basic,Success
T0004648,U055312,2026-04-03,490.71,Basic,Success
T0004649,U055323,2026-03-10,224.91,Basic,Success
T0004650,U055361,2026-02-25,,Premium,Success
T0004651,U055377,2026-03-17,830.75,Basic,Success
T0004652,U055418,2026-01-26,640.94,Basic,Success
T0004653,U055445,2026-02-18,465.15,Basic,Success
T0004654,U055447,2026-01-22,421.81,Basic,Failed
T0004655,U055453,2026-03-16,347.95,Pro,Success
T0004656,U055461,2026-03-24,578.47,Basic,Success
T0004657,U055466,2026-03-02,1023.18,Pro,Success
T0004658,U055473,2026-03-09,557.1,Premium,Success
T0004659,U055475,2026-03-22,817.25,Basic,Success
T0004660,U055483,2026-01-21,917.68,Basic,Success
T0004661,U055489,2026-02-06,870.2,Premium,Failed
T0004662,U055492,2026-01-15,912.24,Basic,Failed
T0004663,U055508,2026-04-04,1354.16,Pro,Success
T0004664,U055516,2026-04-11,550.96,Premium,Success
T0004665,U055530,2026-02-21,485.02,Pro,Success
T0004666,U055557,2026-01-18,1062.55,Basic,Success
T0004667,U055609,2026-04-10,869.25,Pro,Success
T0004668,U055617,2026-03-05,283.01,Basic,Success
T0004669,U055624,2026-03-20,1068.82,Basic,Success
T0004670,U055625,2026-02-16,1266.31,Pro,Success
T0004671,U055645,2026-04-04,1170.2,Premium,Success
T0004672,U055652,2026-01-09,248.2,Pro,Success
T0004673,U055654,2026-03-11,1076.72,Basic,Success
T0004674,U055659,2026-01-10,1570.51,Basic,Success
T0004675,U055677,2026-02-28,526.29,Basic,Failed
T0004676,U055700,2026-03-28,440.15,Basic,Failed
T0004677,U055714,2026-02-01,1132.2,Basic,Failed
T0004678,U055721,2026-04-04,522.91,Basic,Success
T0004679,U055722,2026-01-23,619.38,Basic,Success
T0004680,U055726,2026-04-16,481.15,Basic,Success
T0004681,U055759,2026-04-15,1099.28,Pro,Success
T0004682,U055771,2026-04-20,560.68,Basic,Success
T0004683,U055805,2026-02-18,823.84,Basic,Success
T0004684,U055813,2026-01-22,521.89,Basic,Success
T0004685,U055832,2026-03-08,859.67,Basic,Success
T0004686,U055845,2026-01-29,694.78,Premium,Success
T0004687,U055846,2026-02-19,582.62,Basic,Success
T0004688,U055865,2026-03-14,912.07,Basic,Failed
T0004689,U055868,2026-03-21,786.17,Pro,Success
T0004690,U055873,2026-02-04,1004.65,Basic,Success
T0004691,U055888,2026-01-29,704.95,Pro,Success
T0004692,U055906,2026-03-27,868.59,Basic,Success
T0004693,U055909,2026-03-13,211.43,Basic,Success
T0004694,U055931,2026-03-17,185.2,Basic,Success
T0004695,U055933,2026-01-15,383.96,Basic,Success
T0004696,U055953,2026-02-21,685.59,Pro,Success
T0004697,U055961,2026-04-16,447.63,Pro,Success
T0004698,U055973,2026-04-13,515.02,Basic,Success
T0004699,U055979,2026-02-03,668.54,Premium,Success
T0004700,U055986,2026-01-17,345.97,Basic,Success
T0004701,U055997,2026-04-02,1216.62,Pro,Success
T0004702,U056025,2026-01-26,540.87,Basic,Success
T0004703,U056038,2026-02-21,105.71,Premium,Success
T0004704,U056054,2026-02-14,1107.09,Pro,Success
T0004705,U056063,2026-04-06,382.19,Pro,Success
T0004706,U056078,2026-03-01,787.69,Premium,Failed
T0004707,U056085,2026-03-31,1172.68,Basic,Success
T0004708,U056101,2026-02-10,1137.64,Pro,Success
T0004709,U056124,2026-02-10,585.12,Basic,Success
T0004710,U056128,2026-01-26,836.19,Basic,Success
T0004711,U056159,2026-04-11,548.15,Basic,Success
T0004712,U056173,2026-03-04,1009.19,Basic,Success
T0004713,U056178,2026-02-04,2225.27,Basic,Success
T0004714,U056179,2026-02-03,212.71,Premium,Success
T0004715,U056214,2026-01-16,485.99,Basic,Success
T0004716,U056233,2026-02-23,366.83,Basic,Success
T0004717,U056265,2026-01-15,361.1,Basic,Success
T0004718,U056266,2026-02-21,945.01,Basic,Success
T0004719,U056274,2026-03-07,476.49,Basic,Success
T0004720,U056313,2026-03-28,670.51,Basic,Success
T0004721,U056322,2026-03-08,405.67,Pro,Success
T0004722,U056330,2026-02-27,1289.26,Basic,Success
T0004723,U056338,2026-03-10,358.46,Basic,Success
T0004724,U056348,2026-02-04,535.08,Pro,Success
T0004725,U056350,2026-02-19,908.03,Pro,Success
T0004726,U056368,2026-04-03,852.31,Basic,Success
T0004727,U056386,2026-04-11,715.33,Premium,Success
T0004728,U056410,2026-02-13,1346.6,Premium,Success
T0004729,U056412,2026-02-03,240.67,Basic,Success
T0004730,U056413,2026-04-14,552.47,Basic,Success
T0004731,U056431,2026-03-19,751.94,Pro,Success
T0004732,U056443,2026-02-14,384.03,Basic,Success
T0004733,U056471,2026-01-25,329.79,Pro,Success
T0004734,U056476,2026-01-24,844.1,Basic,Success
T0004735,U056486,2026-02-13,392.94,Basic,Success
T0004736,U056494,2026-03-20,435.16,Premium,Success
T0004737,U056509,2026-03-14,851.25,Pro,Success
T0004738,U056531,2026-03-05,892.36,Basic,Success
T0004739,U056532,2026-03-12,145.57,Basic,Success
T0004740,U056537,2026-01-26,539.56,Basic,Success
T0004741,U056569,2026-03-24,391.31,Pro,Success
T0004742,U056575,2026-02-24,1052.1,Premium,Success
T0004743,U056590,2026-02-01,1054.48,Basic,Success
T0004744,U056591,2026-02-16,313.5,Pro,Success
T0004745,U056629,2026-03-05,555.67,Basic,Success
T0004746,U056632,2026-01-14,980.4,Basic,Failed
T0004747,U056633,2026-03-09,789.89,Pro,Success
T0004748,U056672,2026-03-26,504.62,Pro,Success
T0004749,U056674,2026-02-18,493.05,Pro,Success
T0004750,U056679,2026-03-17,345.3,Basic,Success
T0004751,U056696,2026-03-22,1088.32,Basic,Success
T0004752,U056699,2026-03-17,645.04,Basic,Success
T0004753,U056711,2026-03-11,123.58,Pro,Success
T0004754,U056716,2026-02-17,274.1,Pro,Success
T0004755,U056720,2026-02-15,218.28,Pro,Success
T0004756,U056726,2026-02-17,235.96,Pro,Success
T0004757,U056753,2026-03-29,1106.82,Pro,Success
T0004758,U056758,2026-02-17,195.12,Premium,Success
T0004759,U056791,2026-01-27,745.33,Pro,Success
T0004760,U056806,2026-02-06,372.19,Basic,Success
T0004761,U056834,2026-02-19,733.71,Premium,Success
T0004762,U056856,2026-01-13,715.16,Pro,Success
T0004763,U056865,2026-02-24,249.98,Pro,Success
T0004764,U056871,2026-04-01,780.54,Basic,Success
T0004765,U056874,2026-02-15,250.08,Pro,Success
T0004766,U056880,2026-01-31,473.28,Basic,Success
T0004767,U056943,2026-03-07,1243.25,Basic,Success
T0004768,U056944,2026-04-26,788.17,Basic,Success
T0004769,U056965,2026-04-20,420.53,Basic,Success
T0004770,U056968,2026-03-15,839.75,Basic,Success
T0004771,U056972,2026-02-22,362.7,Pro,Failed
T0004772,U056981,2026-04-15,610.83,Pro,Failed
T0004773,U056985,2026-02-02,431.38,Basic,Success
T0004774,U056989,2026-02-11,212.0,Pro,Success
T0004775,U056998,2026-01-17,456.26,Basic,Success
T0004776,U057001,2026-02-08,759.37,Basic,Success
T0004777,U057006,2026-03-24,1034.02,Pro,Failed
T0004778,U057008,2026-04-10,253.03,Pro,Success
T0004779,U057038,2026-03-13,163.5,Basic,Success
T0004780,U057053,2026-03-10,571.29,Pro,Success
T0004781,U057077,2026-02-02,1164.88,Basic,Success
T0004782,U057081,2026-04-02,1762.88,Basic,Success
T0004783,U057105,2026-03-08,989.24,Basic,Success
T0004784,U057106,2026-04-20,430.41,Basic,Success
T0004785,U057117,2026-01-23,183.34,Basic,Success
T0004786,U057131,2026-03-10,397.54,Basic,Success
T0004787,U057133,2026-03-08,165.67,Basic,Success
T0004788,U057137,2026-04-08,482.64,Basic,Success
T0004789,U057161,2026-04-06,1644.48,Basic,Success
T0004790,U057192,2026-03-07,941.51,Pro,Failed
T0004791,U057202,2026-03-28,897.42,Basic,Success
T0004792,U057215,2026-03-10,418.01,Basic,Success
T0004793,U057237,2026-01-20,560.93,Basic,Success
T0004794,U057243,2026-03-02,458.3,Basic,Success
T0004795,U057253,2026-03-02,500.5,Basic,Success
T0004796,U057294,2026-02-09,1985.65,Pro,Success
T0004797,U057305,2026-04-04,433.24,Basic,Success
T0004798,U057307,2026-01-20,1751.12,Basic,Success
T0004799,U057350,2026-03-10,513.16,Premium,Success
T0004800,U057351,2026-02-03,378.51,Pro,Success
T0004801,U057387,2026-04-11,459.43,Basic,Success
T0004802,U057419,2026-03-31,324.38,Pro,Success
T0004803,U057421,2026-03-09,1003.39,Basic,Success
T0004804,U057427,2026-03-26,858.82,Basic,Success
T0004805,U057473,2026-03-04,535.31,Premium,Success
T0004806,U057495,2026-03-06,722.94,Pro,Success
T0004807,U057499,2026-04-04,1110.38,Basic,Success
T0004808,U057507,2026-01-19,239.33,Basic,Success
T0004809,U057540,2026-03-11,844.45,Basic,Success
T0004810,U057553,2026-04-08,615.86,Basic,Success
T0004811,U057558,2026-01-24,832.22,Basic,Success
T0004812,U057559,2026-02-10,763.78,Basic,Success
T0004813,U057570,2026-03-10,962.5,Basic,Failed
T0004814,U057576,2026-03-02,136.29,Basic,Success
T0004815,U057589,2026-03-01,738.09,Premium,Success
T0004816,U057590,2026-04-09,2152.72,Pro,Success
T0004817,U057593,2026-02-13,205.36,Basic,Success
T0004818,U057602,2026-04-03,969.54,Basic,Success
T0004819,U057607,2026-02-21,25.98,Pro,Success
T0004820,U057614,2026-01-29,234.95,Pro,Success
T0004821,U057622,2026-01-23,1530.99,Basic,Success
T0004822,U057625,2026-02-14,336.87,Basic,Success
T0004823,U057638,2026-04-02,1051.76,Pro,Success
T0004824,U057639,2026-04-01,500.28,Basic,Success
T0004825,U057654,2026-03-30,240.32,Pro,Success
T0004826,U057658,2026-02-06,494.6,Basic,Success
T0004827,U057713,2026-01-24,736.38,Pro,Success
T0004828,U057718,2026-02-16,480.47,Basic,Success
T0004829,U057743,2026-02-04,512.08,Basic,Success
T0004830,U057786,2026-02-14,914.73,Basic,Success
T0004831,U057789,2026-01-18,348.6,Pro,Success
T0004832,U057794,2026-01-28,691.41,Basic,Success
T0004833,U057797,2026-03-18,1268.68,Pro,Success
T0004834,U057799,2026-01-12,652.17,Basic,Success
T0004835,U057842,2026-02-12,299.35,Basic,Success
T0004836,U057850,2026-03-04,661.64,Premium,Success
T0004837,U057872,2026-03-18,551.17,Premium,Success
T0004838,U057891,2026-03-19,704.88,Premium,Success
T0004839,U057896,2026-01-22,445.82,Basic,Failed
T0004840,U057908,2026-04-07,164.18,Pro,Success
T0004841,U057940,2026-01-23,424.36,Premium,Success
T0004842,U057957,2026-03-27,434.2,Pro,Success
T0004843,U057967,2026-02-05,1051.65,Basic,Success
T0004844,U057989,2026-02-19,1113.73,Basic,Success
T0004845,U057998,2026-03-19,1556.9,Basic,Success
T0004846,U058009,2026-04-17,1130.41,Basic,Failed
T0004847,U058022,2026-01-24,755.11,Pro,Success
T0004848,U058027,2026-02-08,1062.15,Basic,Success
T0004849,U058038,2026-01-14,827.76,Basic,Success
T0004850,U058048,2026-03-03,581.2,Premium,Success
T0004851,U058052,2026-03-31,1028.91,Basic,Success
T0004852,U058053,2026-04-17,1215.57,Basic,Success
T0004853,U058057,2026-02-09,215.11,Basic,Success
T0004854,U058058,2026-01-06,1114.29,Basic,Success
T0004855,U058082,2026-01-05,491.73,Basic,Success
T0004856,U058094,2026-04-02,676.58,Basic,Failed
T0004857,U058098,2026-02-22,712.73,Pro,Success
T0004858,U058109,2026-02-16,200.23,Basic,Success
T0004859,U058128,2026-03-27,371.02,Premium,Success
T0004860,U058167,2026-02-04,735.66,Pro,Success
T0004861,U058180,2026-01-14,527.17,Pro,Success
T0004862,U058181,2026-03-16,285.95,Pro,Success
T0004863,U058184,2026-02-25,353.11,Premium,Success
T0004864,U058188,2026-03-04,705.44,Pro,Success
T0004865,U058196,2026-02-22,174.68,Pro,Success
T0004866,U058215,2026-03-21,535.89,Premium,Success
T0004867,U058220,2026-02-21,643.22,Pro,Failed
T0004868,U058239,2026-04-11,518.51,Pro,Success
T0004869,U058261,2026-03-15,343.42,Pro,Success
T0004870,U058268,2026-01-30,624.4,Pro,Success
T0004871,U058278,2026-03-01,1201.35,Pro,Success
T0004872,U058279,2026-02-22,469.59,Pro,Success
T0004873,U058300,2026-02-06,226.81,Pro,Success
T0004874,U058322,2026-03-30,255.56,Premium,Success
T0004875,U058346,2026-01-17,798.61,Basic,Success
T0004876,U058354,2026-03-11,798.34,Basic,Success
T0004877,U058377,2026-02-21,498.84,Premium,Success
T0004878,U058393,2026-02-27,624.13,Pro,Success
T0004879,U058402,2026-03-23,736.86,Basic,Success
T0004880,U058423,2026-02-26,493.78,Basic,Success
T0004881,U058439,2026-02-14,1182.75,Basic,Success
T0004882,U058465,2026-04-05,208.41,Premium,Success
T0004883,U058471,2026-03-17,1333.44,Premium,Success
T0004884,U058479,2026-02-24,845.27,Premium,Success
T0004885,U058487,2026-03-13,484.48,Premium,Success
T0004886,U058498,2026-03-12,1310.52,Premium,Success
T0004887,U058505,2026-04-10,510.48,Basic,Success
T0004888,U058507,2026-03-11,581.3,Basic,Success
T0004889,U058536,2026-03-01,319.57,Pro,Success
T0004890,U058553,2026-02-01,478.37,Basic,Success
T0004891,U058561,2026-02-20,412.77,Basic,Failed
T0004892,U058613,2026-02-02,750.38,Pro,Success
T0004893,U058616,2026-03-07,1094.78,Basic,Success
T0004894,U058637,2026-02-18,383.31,Pro,Success
T0004895,U058652,2026-02-19,563.82,Pro,Success
T0004896,U058654,2026-01-26,1102.55,Pro,Success
T0004897,U058661,2026-04-07,934.32,Basic,Success
T0004898,U058662,2026-01-31,2361.68,Basic,Success
T0004899,U058690,2026-04-14,858.65,Basic,Success
T0004900,U058706,2026-03-07,330.51,Basic,Success
T0004901,U058721,2026-02-05,516.35,Pro,Success
T0004902,U058738,2026-03-16,321.88,Basic,Success
T0004903,U058745,2026-02-18,554.53,Basic,Success
T0004904,U058784,2026-02-02,259.32,Basic,Success
T0004905,U058793,2026-04-15,1314.87,Pro,Success
T0004906,U058814,2026-03-28,669.45,Premium,Success
T0004907,U058826,2026-01-26,1195.83,Basic,Success
T0004908,U058829,2026-03-31,671.14,Basic,Success
T0004909,U058845,2026-02-28,838.6,Pro,Success
T0004910,U058851,2026-02-21,162.38,Basic,Success
T0004911,U058863,2026-03-17,255.77,Pro,Success
T0004912,U058897,2026-02-10,250.87,Premium,Success
T0004913,U058906,2026-03-16,595.89,Pro,Success
T0004914,U058917,2026-01-22,667.59,Pro,Success
T0004915,U058919,2026-03-30,528.83,Pro,Success
T0004916,U058954,2026-01-21,608.71,Pro,Success
T0004917,U058958,2026-01-31,1369.61,Basic,Success
T0004918,U058975,2026-04-01,189.01,Pro,Success
T0004919,U058979,2026-03-10,229.34,Basic,Success
T0004920,U058985,2026-01-29,310.54,Premium,Success
T0004921,U058996,2026-01-09,270.36,Pro,Failed
T0004922,U059001,2026-01-30,605.76,Pro,Success
T0004923,U059004,2026-04-01,887.11,Basic,Failed
T0004924,U059021,2026-03-16,287.12,Pro,Success
T0004925,U059022,2026-04-02,660.42,Pro,Success
T0004926,U059023,2026-01-30,461.23,Basic,Success
T0004927,U059027,2026-03-22,712.54,Pro,Success
T0004928,U059029,2026-02-14,1589.74,Premium,Success
T0004929,U059035,2026-02-13,1196.42,Premium,Failed
T0004930,U059084,2026-03-05,436.66,Basic,Success
T0004931,U059090,2026-01-21,521.03,Basic,Success
T0004932,U059115,2026-02-15,747.64,Pro,Failed
T0004933,U059129,2026-04-15,557.3,Basic,Failed
T0004934,U059137,2026-03-12,55.67,Premium,Success
T0004935,U059148,2026-02-01,175.97,Basic,Success
T0004936,U059163,2026-02-11,482.44,Basic,Success
T0004937,U059164,2026-04-29,317.91,Basic,Success
T0004938,U059166,2026-01-26,161.03,Pro,Success
T0004939,U059172,2026-04-09,823.39,Basic,Success
T0004940,U059186,2026-02-28,604.67,Basic,Success
T0004941,U059219,2026-03-15,1588.51,Basic,Success
T0004942,U059239,2026-04-24,1108.66,Pro,Success
T0004943,U059267,2026-01-22,864.2,Basic,Success
T0004944,U059268,2026-01-18,879.13,Basic,Success
T0004945,U059270,2026-02-25,1081.51,Pro,Success
T0004946,U059279,2026-04-26,541.58,Pro,Success
T0004947,U059286,2026-01-27,842.8,Basic,Success
T0004948,U059300,2026-03-20,622.5,Basic,Success
T0004949,U059312,2026-04-04,646.84,Premium,Success
T0004950,U059315,2026-02-23,553.61,Basic,Success
T0004951,U059340,2026-02-13,309.32,Basic,Success
T0004952,U059348,2026-01-30,798.71,Pro,Success
T0004953,U059363,2026-03-26,519.83,Basic,Success
T0004954,U059399,2026-02-06,197.65,Pro,Success
T0004955,U059417,2026-01-25,365.7,Pro,Success
T0004956,U059433,2026-02-03,1254.72,Premium,Success
T0004957,U059438,2026-03-22,803.36,Basic,Success
T0004958,U059452,2026-02-08,580.86,Pro,Success
T0004959,U059456,2026-02-21,820.1,Basic,Success
T0004960,U059459,2026-01-26,515.97,Basic,Success
T0004961,U059489,2026-03-09,665.23,Premium,Success
T0004962,U059507,2026-03-16,480.73,Basic,Success
T0004963,U059525,2026-04-11,461.58,Basic,Success
T0004964,U059539,2026-03-11,282.83,Pro,Success
T0004965,U059543,2026-04-16,615.68,Basic,Success
T0004966,U059548,2026-01-24,753.77,Basic,Success
T0004967,U059556,2026-03-14,327.9,Basic,Failed
T0004968,U059563,2026-01-12,403.43,Premium,Success
T0004969,U059579,2026-04-11,110.38,Pro,Success
T0004970,U059580,2026-03-01,420.39,Premium,Failed
T0004971,U059581,2026-03-29,517.95,Basic,Success
T0004972,U059601,2026-03-21,1128.02,Premium,Success
T0004973,U059606,2026-04-01,1555.98,Pro,Success
T0004974,U059617,2026-03-29,689.34,Basic,Success
T0004975,U059632,2026-03-24,289.14,Premium,Failed
T0004976,U059633,2026-04-17,1166.14,Basic,Success
T0004977,U059637,2026-02-06,358.82,Premium,Success
T0004978,U059649,2026-04-16,772.9,Pro,Success
T0004979,U059661,2026-03-13,691.21,Premium,Success
T0004980,U059662,2026-04-10,433.29,Premium,Success
T0004981,U059668,2026-03-14,1195.2,Basic,Success
T0004982,U059678,2026-01-12,1267.77,Basic,Success
T0004983,U059685,2026-02-11,135.9,Basic,Failed
T0004984,U059688,2026-03-20,992.58,Pro,Success
T0004985,U059706,2026-01-26,630.88,Basic,Success
T0004986,U059756,2026-02-21,695.34,Basic,Success
T0004987,U059774,2026-03-13,745.36,Premium,Success
T0004988,U059776,2026-03-11,482.39,Basic,Success
T0004989,U059781,2026-03-28,88.91,Premium,Success
T0004990,U059806,2026-03-01,262.39,Pro,Success
T0004991,U059824,2026-02-12,551.88,Basic,Success
T0004992,U059825,2026-02-15,415.0,Premium,Success
T0004993,U059846,2026-02-19,371.39,Premium,Success
T0004994,U059892,2026-04-10,856.96,Basic,Success
T0004995,U059900,2026-02-27,1377.15,Basic,Success
T0004996,U059901,2026-04-21,550.65,Pro,Success
T0004997,U059948,2026-03-13,460.58,Basic,Success
T0004998,U059968,2026-04-03,820.16,Premium,Success
T0004999,U059990,2026-02-16,273.48,Premium,Success
T0005000,U059999,2026-04-07,1325.74,Premium,Success
T0005001,U060009,2026-03-19,256.93,Basic,Success
T0005002,U060016,2026-03-15,221.62,Pro,Success
T0005003,U060033,2026-01-19,396.39,Basic,Success
T0005004,U060043,2026-02-24,196.0,Pro,Success
T0005005,U060062,2026-03-18,486.56,Basic,Success
T0005006,U060071,2026-03-25,367.66,Pro,Success
T0005007,U060085,2026-03-31,937.98,Premium,Success
T0005008,U060093,2026-02-18,1014.66,Premium,Success
T0005009,U060103,2026-04-09,803.09,Pro,Success
T0005010,U060115,2026-03-21,281.6,Pro,Failed
T0005011,U060140,2026-03-16,1370.68,Basic,Success
T0005012,U060161,2026-02-19,542.7,Premium,Failed
T0005013,U060176,2026-03-18,802.84,Premium,Success
T0005014,U060182,2026-03-15,606.87,Pro,Success
T0005015,U060186,2026-04-22,955.55,Basic,Success
T0005016,U060205,2026-01-11,1082.32,Basic,Success
T0005017,U060220,2026-01-13,1042.92,Premium,Success
T0005018,U060224,2026-03-14,386.38,Basic,Success
T0005019,U060237,2026-04-13,727.07,Basic,Success
T0005020,U060239,2026-02-11,910.4,Basic,Success
T0005021,U060241,2026-02-23,1661.07,Basic,Success
T0005022,U060243,2026-04-24,246.36,Basic,Success
T0005023,U060252,2026-04-01,658.69,Basic,Success
T0005024,U060263,2026-02-26,895.83,Basic,Success
T0005025,U060267,2026-02-05,366.29,Basic,Success
T0005026,U060302,2026-04-03,1571.34,Basic,Success
T0005027,U060334,2026-03-17,1075.71,Pro,Success
T0005028,U060349,2026-03-21,419.84,Basic,Success
T0005029,U060372,2026-03-21,913.14,Basic,Success
T0005030,U060378,2026-03-23,301.74,Basic,Success
T0005031,U060392,2026-03-25,177.98,Premium,Failed
T0005032,U060400,2026-02-17,884.44,Premium,Success
T0005033,U060418,2026-02-09,694.94,Basic,Success
T0005034,U060426,2026-02-20,502.85,Pro,Success
T0005035,U060431,2026-01-11,146.75,Basic,Success
T0005036,U060457,2026-02-01,1425.47,Premium,Success
T0005037,U060474,2026-02-01,706.86,Basic,Success
T0005038,U060481,2026-03-31,115.7,Pro,Success
T0005039,U060482,2026-03-30,1020.22,Premium,Success
T0005040,U060504,2026-04-08,225.4,Pro,Success
T0005041,U060515,2026-02-04,311.35,Basic,Success
T0005042,U060526,2026-04-12,1373.03,Basic,Success
T0005043,U060529,2026-01-30,597.72,Pro,Success
T0005044,U060531,2026-02-07,1602.07,Basic,Success
T0005045,U060538,2026-01-13,553.32,Basic,Success
T0005046,U060554,2026-03-19,981.52,Pro,Success
T0005047,U060559,2026-03-19,525.44,Basic,Failed
T0005048,U060569,2026-04-11,122.22,Pro,Success
T0005049,U060571,2026-01-28,192.7,Basic,Success
T0005050,U060585,2026-04-23,163.78,Basic,Success
T0005051,U060595,2026-01-18,394.76,Basic,Success
T0005052,U060602,2026-02-08,876.95,Pro,Success
T0005053,U060605,2026-02-24,270.68,Pro,Success
T0005054,U060606,2026-04-18,677.13,Pro,Success
T0005055,U060615,2026-02-27,1105.37,Basic,Success
T0005056,U060619,2026-03-16,243.87,Pro,Success
T0005057,U060621,2026-03-13,658.25,Basic,Success
T0005058,U060629,2026-02-28,643.96,Basic,Success
T0005059,U060640,2026-02-14,956.48,Basic,Success
T0005060,U060690,2026-02-19,1911.11,Basic,Success
T0005061,U060701,2026-03-31,147.54,Basic,Success
T0005062,U060707,2026-02-13,740.59,Basic,Success
T0005063,U060710,2026-02-13,802.31,Basic,Success
T0005064,U060726,2026-02-10,634.12,Pro,Success
T0005065,U060749,2026-04-29,428.78,Basic,Success
T0005066,U060757,2026-01-17,817.67,Basic,Success
T0005067,U060774,2026-03-01,586.25,Basic,Success
T0005068,U060777,2026-03-31,1885.82,Basic,Success
T0005069,U060779,2026-02-18,1267.61,Pro,Success
T0005070,U060787,2026-03-20,680.22,Pro,Success
T0005071,U060792,2026-04-09,1590.85,Basic,Success
T0005072,U060796,2026-03-04,591.2,Basic,Success
T0005073,U060853,2026-04-13,432.12,Premium,Success
T0005074,U060860,2026-01-08,919.48,Pro,Success
T0005075,U060861,2026-02-03,546.94,Pro,Success
T0005076,U060878,2026-02-18,542.66,Basic,Success
T0005077,U060902,2026-02-12,556.8,Basic,Success
T0005078,U060905,2026-01-28,590.03,Basic,Success
T0005079,U060924,2026-03-09,390.28,Basic,Success
T0005080,U060945,2026-03-21,269.88,Premium,Success
T0005081,U060952,2026-04-06,1208.49,Basic,Success
T0005082,U060954,2026-03-04,174.12,Basic,Success
T0005083,U060981,2026-03-08,483.6,Basic,Success
T0005084,U060983,2026-01-24,494.27,Basic,Success
T0005085,U060995,2026-03-06,890.57,Premium,Success
T0005086,U061015,2026-03-22,755.51,Basic,Failed
T0005087,U061018,2026-01-26,239.75,Basic,Success
T0005088,U061019,2026-02-21,535.71,Pro,Success
T0005089,U061024,2026-01-18,823.96,Pro,Success
T0005090,U061026,2026-02-03,915.92,Pro,Success
T0005091,U061028,2026-02-13,639.89,Basic,Success
T0005092,U061034,2026-02-05,405.39,Basic,Success
T0005093,U061056,2026-03-29,319.56,Premium,Success
T0005094,U061084,2026-03-12,638.3,Basic,Success
T0005095,U061092,2026-03-02,192.55,Pro,Success
T0005096,U061109,2026-02-13,159.17,Pro,Success
T0005097,U061110,2026-02-03,672.0,Pro,Success
T0005098,U061122,2026-02-04,989.78,Premium,Success
T0005099,U061125,2026-04-17,783.61,Basic,Failed
T0005100,U061137,2026-03-25,1513.96,Premium,Success
T0005101,U061142,2026-04-16,459.44,Premium,Success
T0005102,U061190,2026-03-30,491.62,Basic,Success
T0005103,U061218,2026-03-27,564.93,Pro,Success
T0005104,U061227,2026-03-30,911.24,Premium,Success
T0005105,U061230,2026-01-24,155.66,Basic,Success
T0005106,U061246,2026-02-05,645.74,Premium,Success
T0005107,U061287,2026-02-14,393.89,Basic,Success
T0005108,U061292,2026-03-02,363.77,Basic,Success
T0005109,U061294,2026-01-12,815.45,Basic,Success
T0005110,U061304,2026-01-11,656.68,Pro,Success
T0005111,U061316,2026-04-09,546.13,Premium,Success
T0005112,U061326,2026-01-09,481.75,Pro,Success
T0005113,U061351,2026-01-25,578.69,Pro,Success
T0005114,U061364,2026-01-31,430.67,Pro,Success
T0005115,U061369,2026-03-06,561.79,Basic,Success
T0005116,U061372,2026-02-13,954.47,Basic,Success
T0005117,U061374,2026-03-26,1365.84,Basic,Success
T0005118,U061377,2026-01-30,390.0,Basic,Success
T0005119,U061378,2026-01-24,329.87,Premium,Success
T0005120,U061389,2026-04-01,667.08,Premium,Success
T0005121,U061391,2026-03-29,365.75,Premium,Success
T0005122,U061394,2026-04-04,518.43,Basic,Success
T0005123,U061401,2026-04-04,826.32,Basic,Success
T0005124,U061409,2026-03-25,636.15,Premium,Success
T0005125,U061435,2026-02-01,319.7,Pro,Success
T0005126,U061443,2026-03-09,549.31,Basic,Success
T0005127,U061444,2026-02-23,980.34,Basic,Success
T0005128,U061451,2026-02-02,246.25,Pro,Success
T0005129,U061461,2026-03-10,361.25,Basic,Success
T0005130,U061498,2026-04-03,79.18,Basic,Success
T0005131,U061503,2026-02-10,754.57,Basic,Success
T0005132,U061505,2026-04-21,194.12,Premium,Success
T0005133,U061526,2026-02-22,705.87,Basic,Success
T0005134,U061546,2026-01-17,1160.35,Premium,Failed
T0005135,U061558,2026-04-22,1246.38,Pro,Success
T0005136,U061561,2026-03-19,327.21,Pro,Success
T0005137,U061564,2026-03-30,1183.41,Premium,Failed
T0005138,U061565,2026-02-24,1480.19,Basic,Success
T0005139,U061566,2026-03-21,286.86,Pro,Success
T0005140,U061572,2026-04-14,538.48,Premium,Success
T0005141,U061578,2026-01-27,117.53,Basic,Success
T0005142,U061592,2026-04-17,681.96,Basic,Success
T0005143,U061596,2026-02-16,791.64,Premium,Success
T0005144,U061607,2026-03-12,738.91,Basic,Success
T0005145,U061625,2026-02-19,703.18,Pro,Success
T0005146,U061633,2026-03-16,995.85,Pro,Success
T0005147,U061634,2026-02-18,259.4,Pro,Success
T0005148,U061636,2026-04-14,734.81,Premium,Success
T0005149,U061650,2026-02-13,673.69,Basic,Success
T0005150,U061669,2026-02-14,697.29,Premium,Success
T0005151,U061684,2026-04-23,1129.53,Premium,Success
T0005152,U061709,2026-03-01,887.17,Premium,Success
T0005153,U061712,2026-04-12,407.69,Basic,Success
T0005154,U061715,2026-01-28,760.32,Basic,Success
T0005155,U061723,2026-01-20,912.66,Premium,Success
T0005156,U061730,2026-02-21,1656.11,Basic,Success
T0005157,U061734,2026-02-20,409.65,Basic,Success
T0005158,U061772,2026-03-08,495.76,Premium,Success
T0005159,U061797,2026-04-01,816.54,Basic,Success
T0005160,U061798,2026-02-28,792.51,Basic,Success
T0005161,U061828,2026-03-10,411.22,Basic,Success
T0005162,U061829,2026-01-28,578.0,Basic,Success
T0005163,U061832,2026-02-27,317.68,Premium,Success
T0005164,U061837,2026-01-10,603.88,Basic,Success
T0005165,U061843,2026-03-24,227.46,Basic,Success
T0005166,U061856,2026-02-25,334.9,Basic,Success
T0005167,U061867,2026-03-13,880.6,Basic,Success
T0005168,U061868,2026-03-19,183.38,Pro,Success
T0005169,U061869,2026-04-13,746.97,Basic,Success
T0005170,U061888,2026-02-24,331.47,Basic,Success
T0005171,U061907,2026-01-04,599.56,Pro,Success
T0005172,U061909,2026-03-09,860.67,Basic,Success
T0005173,U061910,2026-02-04,561.36,Pro,Success
T0005174,U061921,2026-02-01,1051.25,Basic,Success
T0005175,U061938,2026-03-10,686.38,Premium,Success
T0005176,U061955,2026-04-08,562.49,Pro,Success
T0005177,U061960,2026-04-09,538.27,Premium,Success
T0005178,U061969,2026-02-10,264.08,Basic,Success
T0005179,U061986,2026-04-18,792.7,Basic,Success
T0005180,U061996,2026-04-05,297.13,Basic,Success
T0005181,U062012,2026-03-22,934.57,Basic,Success
T0005182,U062015,2026-01-25,521.08,Pro,Success
T0005183,U062033,2026-03-16,757.55,Basic,Success
T0005184,U062047,2026-04-01,936.04,Basic,Success
T0005185,U062076,2026-02-09,1057.18,Premium,Failed
T0005186,U062080,2026-03-27,1086.93,Pro,Success
T0005187,U062099,2026-04-04,423.7,Basic,Success
T0005188,U062144,2026-03-28,795.0,Basic,Success
T0005189,U062167,2026-03-23,347.84,Premium,Success
T0005190,U062168,2026-02-17,420.03,Pro,Success
T0005191,U062173,2026-03-04,667.87,Premium,Success
T0005192,U062185,2026-02-01,317.94,Pro,Success
T0005193,U062208,2026-02-04,1228.68,Pro,Success
T0005194,U062210,2026-02-21,662.29,Premium,Success
T0005195,U062234,2026-03-02,,Premium,Success
T0005196,U062246,2026-03-14,1144.38,Basic,Success
T0005197,U062272,2026-04-14,972.64,Premium,Success
T0005198,U062273,2026-02-27,805.81,Basic,Success
T0005199,U062287,2026-03-14,622.74,Basic,Success
T0005200,U062291,2026-01-18,391.39,Basic,Success
T0005201,U062293,2026-03-20,339.84,Basic,Success
T0005202,U062295,2026-02-03,224.08,Basic,Success
T0005203,U062332,2026-03-22,1000.84,Basic,Success
T0005204,U062380,2026-03-29,87.76,Premium,Success
T0005205,U062385,2026-02-11,722.1,Basic,Success
T0005206,U062395,2026-02-04,230.81,Pro,Success
T0005207,U062420,2026-03-15,402.95,Premium,Success
T0005208,U062428,2026-04-05,585.53,Basic,Success
T0005209,U062434,2026-03-14,1024.72,Pro,Success
T0005210,U062436,2026-02-17,275.05,Basic,Success
T0005211,U062453,2026-04-19,411.43,Basic,Success
T0005212,U062470,2026-03-23,645.58,Pro,Success
T0005213,U062473,2026-03-11,359.07,Basic,Success
T0005214,U062487,2026-03-24,1247.05,Basic,Success
T0005215,U062490,2026-03-12,515.19,Basic,Success
T0005216,U062500,2026-01-18,136.82,Premium,Success
T0005217,U062505,2026-04-28,1194.13,Pro,Success
T0005218,U062532,2026-03-07,230.43,Premium,Success
T0005219,U062543,2026-03-25,97.31,Basic,Success
T0005220,U062558,2026-01-19,145.56,Premium,Success
T0005221,U062565,2026-01-26,424.88,Basic,Success
T0005222,U062608,2026-02-12,653.78,Pro,Success
T0005223,U062615,2026-03-10,210.71,Basic,Success
T0005224,U062618,2026-03-02,320.67,Basic,Success
T0005225,U062635,2026-03-11,984.07,Basic,Success
T0005226,U062648,2026-03-06,849.54,Basic,Success
T0005227,U062660,2026-02-17,644.45,Pro,Success
T0005228,U062688,2026-04-17,1093.07,Basic,Success
T0005229,U062705,2026-03-13,1183.56,Pro,Success
T0005230,U062711,2026-02-11,454.17,Basic,Success
T0005231,U062716,2026-03-26,539.56,Basic,Success
T0005232,U062722,2026-01-24,800.28,Basic,Success
T0005233,U062723,2026-03-08,489.52,Basic,Success
T0005234,U062728,2026-01-28,673.02,Pro,Failed
T0005235,U062755,2026-03-26,1250.65,Pro,Success
T0005236,U062764,2026-02-19,364.32,Basic,Failed
T0005237,U062793,2026-02-09,320.71,Basic,Success
T0005238,U062798,2026-03-16,288.18,Basic,Success
T0005239,U062803,2026-02-05,577.52,Pro,Success
T0005240,U062817,2026-02-11,492.78,Basic,Success
T0005241,U062820,2026-04-07,1500.33,Premium,Success
T0005242,U062830,2026-04-12,330.97,Pro,Success
T0005243,U062842,2026-04-04,1239.2,Premium,Success
T0005244,U062868,2026-02-21,811.93,Basic,Success
T0005245,U062869,2026-04-16,505.08,Basic,Success
T0005246,U062878,2026-03-24,1190.11,Basic,Success
T0005247,U062881,2026-03-22,823.58,Basic,Success
T0005248,U062907,2026-03-09,161.53,Basic,Success
T0005249,U062925,2026-02-07,536.37,Pro,Success
T0005250,U062947,2026-02-04,759.16,Pro,Success
T0005251,U062954,2026-03-01,1450.49,Basic,Failed
T0005252,U062971,2026-02-03,892.38,Basic,Failed
T0005253,U062981,2026-01-19,417.92,Pro,Success
T0005254,U063044,2026-03-02,1004.28,Pro,Success
T0005255,U063078,2026-02-06,122.59,Premium,Success
T0005256,U063099,2026-03-09,761.42,Basic,Success
T0005257,U063101,2026-02-13,662.13,Basic,Success
T0005258,U063114,2026-01-28,,Pro,Success
T0005259,U063163,2026-03-26,1542.9,Pro,Success
T0005260,U063170,2026-01-21,1443.99,Pro,Success
T0005261,U063194,2026-01-17,815.17,Pro,Success
T0005262,U063203,2026-04-04,399.07,Basic,Success
T0005263,U063211,2026-01-30,745.95,Basic,Success
T0005264,U063236,2026-04-07,681.81,Pro,Success
T0005265,U063269,2026-02-27,1857.27,Pro,Success
T0005266,U063276,2026-01-26,940.76,Pro,Failed
T0005267,U063277,2026-02-16,542.89,Pro,Success
T0005268,U063295,2026-02-20,734.23,Basic,Success
T0005269,U063312,2026-03-19,382.71,Basic,Success
T0005270,U063328,2026-04-01,428.19,Pro,Success
T0005271,U063341,2026-03-19,1025.73,Basic,Success
T0005272,U063344,2026-04-20,1351.81,Premium,Success
T0005273,U063346,2026-03-21,274.27,Pro,Failed
T0005274,U063363,2026-03-13,622.55,Basic,Success
T0005275,U063373,2026-04-13,156.39,Pro,Success
T0005276,U063375,2026-01-26,652.81,Pro,Failed
T0005277,U063377,2026-03-05,404.64,Basic,Success
T0005278,U063384,2026-03-23,638.82,Premium,Failed
T0005279,U063391,2026-03-17,652.67,Pro,Success
T0005280,U063393,2026-03-10,1759.34,Basic,Success
T0005281,U063426,2026-04-13,719.86,Pro,Success
T0005282,U063446,2026-04-02,1550.66,Basic,Success
T0005283,U063486,2026-02-15,352.44,Basic,Success
T0005284,U063501,2026-01-26,727.68,Basic,Success
T0005285,U063506,2026-01-17,783.11,Basic,Failed
T0005286,U063521,2026-04-25,977.36,Basic,Success
T0005287,U063525,2026-04-14,919.91,Basic,Success
T0005288,U063528,2026-03-09,515.86,Pro,Success
T0005289,U063535,2026-03-24,1626.07,Basic,Success
T0005290,U063536,2026-01-31,1327.92,Premium,Success
T0005291,U063541,2026-01-30,222.71,Pro,Success
T0005292,U063576,2026-01-12,678.26,Pro,Success
T0005293,U063594,2026-03-17,925.47,Basic,Success
T0005294,U063601,2026-04-08,714.19,Basic,Success
T0005295,U063668,2026-02-03,1201.52,Pro,Success
T0005296,U063672,2026-03-15,477.89,Pro,Success
T0005297,U063682,2026-03-19,357.58,Pro,Success
T0005298,U063698,2026-04-03,239.12,Premium,Success
T0005299,U063707,2026-02-24,997.12,Premium,Success
T0005300,U063715,2026-01-16,275.76,Pro,Success
T0005301,U063734,2026-03-13,699.66,Basic,Success
T0005302,U063738,2026-02-27,712.42,Basic,Success
T0005303,U063750,2026-03-30,587.56,Basic,Success
T0005304,U063753,2026-02-27,1319.41,Basic,Success
T0005305,U063758,2026-03-26,571.15,Pro,Success
T0005306,U063764,2026-01-30,1284.88,Basic,Success
T0005307,U063767,2026-03-11,697.44,Basic,Success
T0005308,U063771,2026-03-12,595.83,Premium,Success
T0005309,U063777,2026-03-18,144.54,Basic,Success
T0005310,U063792,2026-02-17,333.79,Basic,Success
T0005311,U063797,2026-04-02,923.93,Pro,Success
T0005312,U063849,2026-01-21,545.53,Basic,Success
T0005313,U063859,2026-04-08,569.51,Basic,Success
T0005314,U063873,2026-03-12,697.33,Basic,Success
T0005315,U063911,2026-04-18,771.9,Pro,Success
T0005316,U063915,2026-04-01,853.47,Premium,Success
T0005317,U063919,2026-02-19,1178.02,Pro,Success
T0005318,U063920,2026-04-07,320.67,Basic,Success
T0005319,U063927,2026-02-18,734.98,Pro,Success
T0005320,U063951,2026-04-15,383.18,Basic,Success
T0005321,U063955,2026-03-22,679.22,Basic,Success
T0005322,U063968,2026-03-01,814.08,Basic,Success
T0005323,U063984,2026-03-20,521.94,Pro,Success
T0005324,U063987,2026-04-08,595.72,Basic,Success
T0005325,U063994,2026-01-29,227.96,Premium,Success
T0005326,U064003,2026-01-30,632.11,Pro,Success
T0005327,U064012,2026-03-12,2062.99,Pro,Success
T0005328,U064023,2026-03-29,242.75,Pro,Success
T0005329,U064024,2026-04-13,636.6,Pro,Success
T0005330,U064032,2026-04-08,794.53,Pro,Success
T0005331,U064052,2026-03-13,1188.56,Basic,Success
T0005332,U064054,2026-02-26,,Basic,Success
T0005333,U064058,2026-01-29,200.91,Basic,Success
T0005334,U064075,2026-03-11,339.88,Basic,Success
T0005335,U064076,2026-03-13,787.24,Premium,Success
T0005336,U064086,2026-03-27,520.2,Basic,Success
T0005337,U064088,2026-03-27,425.79,Premium,Success
T0005338,U064102,2026-02-21,527.24,Pro,Failed
T0005339,U064107,2026-03-07,662.56,Basic,Success
T0005340,U064114,2026-02-06,1646.83,Basic,Success
T0005341,U064116,2026-03-28,622.66,Basic,Failed
T0005342,U064131,2026-02-05,762.83,Pro,Success
T0005343,U064150,2026-04-11,830.15,Pro,Success
T0005344,U064151,2026-04-01,769.36,Basic,Success
T0005345,U064157,2026-02-12,1112.76,Pro,Success
T0005346,U064171,2026-03-28,488.9,Basic,Success
T0005347,U064187,2026-02-14,585.38,Pro,Success
T0005348,U064192,2026-03-28,1228.59,Pro,Success
T0005349,U064201,2026-03-01,432.07,Pro,Success
T0005350,U064208,2026-01-20,477.5,Pro,Success
T0005351,U064216,2026-02-11,250.97,Basic,Success
T0005352,U064231,2026-04-04,1309.5,Basic,Success
T0005353,U064237,2026-04-12,1942.28,Basic,Success
T0005354,U064247,2026-02-06,552.37,Pro,Success
T0005355,U064248,2026-02-23,294.77,Basic,Success
T0005356,U064254,2026-04-15,1053.53,Basic,Success
T0005357,U064269,2026-01-15,1328.31,Basic,Success
T0005358,U064274,2026-02-08,646.93,Basic,Success
T0005359,U064286,2026-02-02,288.47,Basic,Success
T0005360,U064287,2026-01-29,725.2,Premium,Success
T0005361,U064324,2026-04-26,505.46,Pro,Success
T0005362,U064327,2026-02-06,288.8,Premium,Success
T0005363,U064342,2026-02-11,986.54,Basic,Success
T0005364,U064343,2026-03-27,488.99,Basic,Failed
T0005365,U064370,2026-02-04,547.56,Basic,Success
T0005366,U064379,2026-01-25,926.58,Pro,Success
T0005367,U064387,2026-04-02,227.12,Pro,Success
T0005368,U064388,2026-01-24,360.76,Premium,Success
T0005369,U064411,2026-04-03,248.82,Premium,Success
T0005370,U064425,2026-04-18,331.94,Pro,Success
T0005371,U064436,2026-02-17,1223.46,Basic,Success
T0005372,U064445,2026-03-16,428.7,Pro,Success
T0005373,U064448,2026-01-28,639.66,Basic,Success
T0005374,U064463,2026-03-24,1379.68,Basic,Success
T0005375,U064467,2026-03-12,151.72,Basic,Success
T0005376,U064473,2026-04-19,112.43,Pro,Success
T0005377,U064481,2026-02-13,210.17,Pro,Success
T0005378,U064503,2026-04-18,528.27,Basic,Success
T0005379,U064516,2026-03-22,428.7,Premium,Failed
T0005380,U064549,2026-04-12,205.45,Basic,Success
T0005381,U064552,2026-03-30,530.02,Basic,Success
T0005382,U064576,2026-03-21,380.56,Pro,Success
T0005383,U064611,2026-01-22,441.0,Basic,Success
T0005384,U064622,2026-02-20,269.42,Pro,Success
T0005385,U064641,2026-03-05,394.95,Premium,Success
T0005386,U064643,2026-03-31,453.73,Basic,Success
T0005387,U064657,2026-02-08,344.34,Premium,Success
T0005388,U064668,2026-04-03,365.13,Pro,Success
T0005389,U064677,2026-01-18,335.72,Pro,Success
T0005390,U064691,2026-02-17,878.09,Basic,Success
T0005391,U064699,2026-04-28,365.84,Pro,Success
T0005392,U064725,2026-03-06,394.89,Premium,Success
T0005393,U064751,2026-02-10,608.1,Pro,Success
T0005394,U064756,2026-02-15,245.76,Basic,Success
T0005395,U064768,2026-03-09,275.2,Pro,Success
T0005396,U064776,2026-02-10,451.78,Premium,Success
T0005397,U064784,2026-04-01,900.48,Basic,Success
T0005398,U064791,2026-02-17,165.37,Basic,Success
T0005399,U064802,2026-03-06,714.54,Basic,Failed
T0005400,U064804,2026-02-28,603.24,Basic,Success
T0005401,U064813,2026-01-23,718.43,Basic,Success
T0005402,U064818,2026-03-05,206.72,Premium,Success
T0005403,U064839,2026-01-15,1156.99,Pro,Success
T0005404,U064854,2026-03-16,519.69,Basic,Success
T0005405,U064866,2026-02-17,315.98,Basic,Success
T0005406,U064877,2026-02-01,187.17,Basic,Success
T0005407,U064927,2026-02-20,482.87,Basic,Success
T0005408,U064932,2026-04-16,374.35,Basic,Failed
T0005409,U064953,2026-02-16,149.27,Pro,Success
T0005410,U064958,2026-02-08,290.24,Premium,Success
T0005411,U064971,2026-04-03,1206.82,Pro,Failed
T0005412,U064972,2026-01-21,840.44,Basic,Success
T0005413,U064978,2026-02-14,935.7,Pro,Success
T0005414,U064992,2026-04-01,467.88,Basic,Success
T0005415,U065000,2026-03-03,178.66,Pro,Success
T0005416,U065015,2026-04-27,1184.97,Premium,Success
T0005417,U065020,2026-04-11,780.08,Pro,Success
T0005418,U065052,2026-02-08,860.02,Basic,Success
T0005419,U065054,2026-04-05,580.47,Pro,Success
T0005420,U065060,2026-02-02,378.26,Premium,Success
T0005421,U065061,2026-02-24,647.27,Basic,Success
T0005422,U065066,2026-02-06,1239.77,Basic,Success
T0005423,U065080,2026-03-16,404.03,Premium,Success
T0005424,U065085,2026-03-31,1043.49,Basic,Success
T0005425,U065093,2026-03-28,504.75,Basic,Success
T0005426,U065107,2026-04-01,1235.05,Pro,Failed
T0005427,U065118,2026-04-04,388.66,Basic,Success
T0005428,U065129,2026-04-18,589.54,Basic,Success
T0005429,U065130,2026-03-07,198.06,Basic,Success
T0005430,U065134,2026-01-30,392.42,Basic,Success
T0005431,U065146,2026-03-12,455.83,Premium,Success
T0005432,U065175,2026-03-28,259.02,Basic,Success
T0005433,U065182,2026-04-11,2001.66,Pro,Success
T0005434,U065192,2026-03-25,1261.5,Pro,Success
T0005435,U065212,2026-04-15,1052.44,Basic,Success
T0005436,U065221,2026-03-20,1450.04,Pro,Success
T0005437,U065249,2026-01-29,796.43,Pro,Success
T0005438,U065259,2026-04-03,594.75,Basic,Success
T0005439,U065260,2026-01-30,1077.65,Pro,Success
T0005440,U065267,2026-03-26,1241.8,Premium,Success
T0005441,U065269,2026-03-05,339.0,Pro,Success
T0005442,U065305,2026-02-20,313.98,Pro,Success
T0005443,U065308,2026-01-26,406.19,Basic,Success
T0005444,U065338,2026-01-29,1264.75,Pro,Success
T0005445,U065341,2026-04-06,174.62,Pro,Success
T0005446,U065368,2026-04-09,205.94,Basic,Success
T0005447,U065375,2026-04-11,1207.68,Basic,Success
T0005448,U065376,2026-02-01,589.11,Basic,Success
T0005449,U065392,2026-01-16,543.37,Basic,Success
T0005450,U065399,2026-02-26,883.23,Basic,Success
T0005451,U065422,2026-02-06,842.13,Basic,Success
T0005452,U065456,2026-02-18,497.79,Premium,Success
T0005453,U065470,2026-04-26,328.62,Basic,Success
T0005454,U065504,2026-04-02,328.86,Basic,Success
T0005455,U065519,2026-01-06,582.56,Basic,Success
T0005456,U065520,2026-02-13,405.98,Basic,Failed
T0005457,U065538,2026-01-22,411.98,Premium,Success
T0005458,U065569,2026-01-20,454.07,Premium,Success
T0005459,U065575,2026-04-06,230.32,Basic,Success
T0005460,U065586,2026-03-25,572.01,Pro,Success
T0005461,U065588,2026-03-22,343.81,Pro,Success
T0005462,U065594,2026-03-29,817.79,Basic,Success
T0005463,U065598,2026-03-20,441.56,Basic,Failed
T0005464,U065615,2026-02-17,525.36,Pro,Success
T0005465,U065641,2026-04-12,1931.21,Basic,Success
T0005466,U065648,2026-02-28,1194.23,Pro,Success
T0005467,U065653,2026-02-20,189.45,Pro,Success
T0005468,U065657,2026-04-13,1213.42,Premium,Success
T0005469,U065660,2026-01-25,916.71,Basic,Success
T0005470,U065670,2026-04-08,681.37,Basic,Success
T0005471,U065678,2026-02-19,569.31,Premium,Success
T0005472,U065688,2026-01-16,1112.35,Premium,Success
T0005473,U065689,2026-02-07,1477.02,Basic,Success
T0005474,U065691,2026-01-07,439.53,Premium,Success
T0005475,U065693,2026-03-17,343.74,Pro,Failed
T0005476,U065697,2026-02-03,538.38,Basic,Success
T0005477,U065706,2026-03-27,1041.42,Basic,Success
T0005478,U065728,2026-02-04,757.96,Pro,Success
T0005479,U065729,2026-02-18,418.17,Pro,Success
T0005480,U065733,2026-03-12,891.53,Pro,Success
T0005481,U065738,2026-01-19,1273.07,Premium,Success
T0005482,U065776,2026-03-07,671.33,Pro,Success
T0005483,U065804,2026-03-27,109.2,Basic,Success
T0005484,U065805,2026-03-10,236.98,Pro,Success
T0005485,U065814,2026-01-06,1253.03,Basic,Success
T0005486,U065827,2026-02-24,514.24,Pro,Success
T0005487,U065860,2026-04-02,190.14,Pro,Failed
T0005488,U065861,2026-02-09,1063.81,Basic,Success
T0005489,U065870,2026-03-18,527.22,Basic,Success
T0005490,U065875,2026-03-21,356.73,Premium,Success
T0005491,U065876,2026-03-17,1048.12,Basic,Success
T0005492,U065901,2026-03-18,713.07,Pro,Failed
T0005493,U065922,2026-04-12,298.5,Pro,Success
T0005494,U065940,2026-03-08,177.48,Premium,Success
T0005495,U065962,2026-03-07,325.85,Basic,Success
T0005496,U065971,2026-02-08,419.17,Basic,Success
T0005497,U065974,2026-03-09,680.14,Premium,Success
T0005498,U065989,2026-01-30,394.72,Basic,Success
T0005499,U066000,2026-02-06,875.18,Basic,Success
T0005500,U066001,2026-03-06,1033.68,Basic,Success
T0005501,U066021,2026-04-08,862.97,Basic,Success
T0005502,U066027,2026-02-15,531.82,Basic,Failed
T0005503,U066034,2026-02-16,1117.31,Basic,Success
T0005504,U066046,2026-01-15,790.99,Basic,Success
T0005505,U066061,2026-02-19,768.92,Basic,Success
T0005506,U066069,2026-01-20,380.25,Basic,Success
T0005507,U066070,2026-02-21,543.08,Pro,Success
T0005508,U066074,2026-04-19,697.72,Premium,Success
T0005509,U066080,2026-03-27,969.76,Pro,Success
T0005510,U066094,2026-04-09,757.16,Basic,Failed
T0005511,U066117,2026-03-02,599.29,Basic,Success
T0005512,U066120,2026-02-11,1075.31,Pro,Success
T0005513,U066137,2026-03-04,647.27,Basic,Success
T0005514,U066152,2026-01-13,1096.23,Basic,Success
T0005515,U066172,2026-04-04,534.31,Basic,Success
T0005516,U066175,2026-04-08,1168.48,Pro,Success
T0005517,U066176,2026-03-16,2443.7,Basic,Success
T0005518,U066191,2026-02-11,498.53,Basic,Success
T0005519,U066194,2026-04-16,650.36,Basic,Success
T0005520,U066195,2026-02-18,646.29,Basic,Success
T0005521,U066226,2026-02-06,428.33,Pro,Success
T0005522,U066230,2026-02-07,433.07,Basic,Success
T0005523,U066235,2026-04-06,1314.21,Pro,Success
T0005524,U066249,2026-03-25,575.79,Basic,Success
T0005525,U066264,2026-02-08,234.43,Pro,Success
T0005526,U066268,2026-03-29,992.39,Basic,Success
T0005527,U066280,2026-03-29,419.41,Basic,Success
T0005528,U066287,2026-03-06,1406.71,Basic,Success
T0005529,U066304,2026-04-02,726.72,Basic,Success
T0005530,U066309,2026-02-02,677.06,Basic,Success
T0005531,U066321,2026-01-25,564.69,Pro,Success
T0005532,U066324,2026-04-07,482.84,Basic,Failed
T0005533,U066327,2026-01-26,212.54,Basic,Success
T0005534,U066331,2026-03-03,250.45,Basic,Success
T0005535,U066332,2026-03-24,1043.01,Pro,Failed
T0005536,U066337,2026-01-13,1562.61,Basic,Success
T0005537,U066349,2026-03-03,275.86,Basic,Success
T0005538,U066365,2026-04-12,251.5,Pro,Success
T0005539,U066370,2026-02-05,157.27,Basic,Success
T0005540,U066371,2026-01-31,465.75,Basic,Success
T0005541,U066373,2026-02-04,1377.52,Pro,Success
T0005542,U066393,2026-02-16,1062.13,Basic,Success
T0005543,U066397,2026-04-13,345.86,Premium,Success
T0005544,U066408,2026-03-02,244.98,Basic,Success
T0005545,U066422,2026-03-12,368.32,Basic,Success
T0005546,U066450,2026-04-04,360.02,Pro,Success
T0005547,U066452,2026-02-01,301.64,Basic,Success
T0005548,U066464,2026-01-28,1195.14,Basic,Success
T0005549,U066468,2026-01-29,292.26,Basic,Success
T0005550,U066469,2026-04-19,324.5,Pro,Failed
T0005551,U066471,2026-03-10,527.4,Basic,Success
T0005552,U066472,2026-03-24,579.87,Pro,Success
T0005553,U066498,2026-01-23,397.21,Basic,Success
T0005554,U066499,2026-04-01,509.3,Basic,Success
T0005555,U066506,2026-04-10,632.29,Basic,Success
T0005556,U066507,2026-02-22,475.52,Pro,Success
T0005557,U066548,2026-01-28,491.55,Basic,Success
T0005558,U066592,2026-03-03,443.07,Premium,Success
T0005559,U066612,2026-04-04,435.51,Basic,Success
T0005560,U066626,2026-02-13,1323.52,Pro,Success
T0005561,U066644,2026-03-22,470.4,Premium,Success
T0005562,U066667,2026-02-05,127.53,Basic,Success
T0005563,U066685,2026-01-26,1540.28,Basic,Success
T0005564,U066689,2026-01-17,963.64,Basic,Success
T0005565,U066693,2026-04-03,897.75,Basic,Success
T0005566,U066700,2026-03-07,284.01,Pro,Success
T0005567,U066705,2026-01-27,224.04,Pro,Success
T0005568,U066711,2026-03-09,1511.37,Pro,Success
T0005569,U066720,2026-03-17,1202.55,Basic,Success
T0005570,U066746,2026-04-17,338.06,Basic,Success
T0005571,U066751,2026-03-30,905.98,Pro,Success
T0005572,U066763,2026-04-09,230.32,Pro,Success
T0005573,U066778,2026-02-10,1151.87,Basic,Success
T0005574,U066780,2026-01-28,1441.86,Basic,Success
T0005575,U066802,2026-02-03,641.57,Basic,Success
T0005576,U066809,2026-02-25,298.18,Basic,Success
T0005577,U066820,2026-02-06,1383.22,Basic,Success
T0005578,U066825,2026-04-05,492.2,Pro,Success
T0005579,U066841,2026-01-28,499.23,Pro,Success
T0005580,U066848,2026-02-06,702.01,Basic,Success
T0005581,U066865,2026-02-23,363.1,Pro,Success
T0005582,U066915,2026-03-12,1174.16,Basic,Success
T0005583,U066916,2026-02-26,854.64,Basic,Success
T0005584,U066923,2026-03-29,749.39,Premium,Success
T0005585,U066925,2026-02-08,278.02,Premium,Success
T0005586,U066932,2026-02-07,320.04,Basic,Success
T0005587,U066939,2026-03-18,455.63,Basic,Success
T0005588,U066965,2026-03-29,699.85,Basic,Success
T0005589,U066969,2026-03-03,698.99,Pro,Failed
T0005590,U067010,2026-01-18,1095.42,Pro,Success
T0005591,U067015,2026-03-18,,Pro,Success
T0005592,U067038,2026-03-10,237.46,Pro,Failed
T0005593,U067039,2026-02-15,198.44,Basic,Success
T0005594,U067055,2026-02-16,732.84,Basic,Success
T0005595,U067058,2026-03-06,1066.45,Basic,Success
T0005596,U067059,2026-02-21,330.49,Basic,Success
T0005597,U067067,2026-01-12,997.04,Premium,Success
T0005598,U067087,2026-03-09,267.41,Pro,Success
T0005599,U067109,2026-02-09,649.18,Basic,Success
T0005600,U067128,2026-03-28,236.64,Basic,Success
T0005601,U067150,2026-01-17,979.97,Basic,Success
T0005602,U067153,2026-03-05,493.79,Basic,Success
T0005603,U067155,2026-03-01,330.02,Basic,Success
T0005604,U067159,2026-03-13,648.9,Basic,Success
T0005605,U067163,2026-02-13,191.55,Basic,Success
T0005606,U067174,2026-04-07,771.35,Pro,Success
T0005607,U067182,2026-03-31,688.42,Basic,Success
T0005608,U067183,2026-04-07,618.53,Basic,Failed
T0005609,U067190,2026-02-15,200.64,Basic,Success
T0005610,U067193,2026-01-24,592.82,Pro,Success
T0005611,U067208,2026-04-18,325.57,Basic,Success
T0005612,U067227,2026-02-07,951.13,Premium,Success
T0005613,U067243,2026-03-15,944.22,Basic,Success
T0005614,U067255,2026-04-09,283.64,Pro,Success
T0005615,U067270,2026-02-17,509.08,Basic,Success
T0005616,U067278,2026-04-04,1239.22,Basic,Failed
T0005617,U067293,2026-02-27,563.52,Premium,Success
T0005618,U067329,2026-02-26,585.04,Premium,Success
T0005619,U067336,2026-02-21,364.57,Premium,Success
T0005620,U067338,2026-02-07,403.16,Basic,Success
T0005621,U067419,2026-03-13,686.74,Pro,Success
T0005622,U067433,2026-02-08,1293.0,Basic,Success
T0005623,U067445,2026-03-22,765.69,Basic,Success
T0005624,U067451,2026-04-01,178.8,Basic,Success
T0005625,U067456,2026-03-16,650.02,Basic,Failed
T0005626,U067462,2026-02-03,601.55,Premium,Success
T0005627,U067502,2026-01-26,747.16,Pro,Success
T0005628,U067519,2026-03-16,498.1,Basic,Success
T0005629,U067521,2026-01-08,899.9,Pro,Success
T0005630,U067525,2026-02-13,603.94,Pro,Success
T0005631,U067537,2026-02-13,882.61,Pro,Success
T0005632,U067539,2026-02-08,934.58,Basic,Success
T0005633,U067556,2026-01-30,433.2,Basic,Success
T0005634,U067578,2026-04-02,114.59,Pro,Success
T0005635,U067580,2026-02-18,777.08,Premium,Success
T0005636,U067585,2026-04-06,706.9,Pro,Success
T0005637,U067587,2026-03-25,421.81,Basic,Success
T0005638,U067595,2026-03-25,904.28,Basic,Success
T0005639,U067627,2026-02-03,970.86,Basic,Success
T0005640,U067656,2026-04-14,278.51,Pro,Failed
T0005641,U067670,2026-02-11,303.68,Basic,Success
T0005642,U067674,2026-02-04,1489.27,Pro,Success
T0005643,U067704,2026-04-10,283.6,Pro,Success
T0005644,U067715,2026-03-19,1208.73,Basic,Success
T0005645,U067726,2026-02-02,713.32,Basic,Success
T0005646,U067743,2026-04-02,423.74,Pro,Success
T0005647,U067750,2026-01-20,435.66,Basic,Failed
T0005648,U067752,2026-04-04,493.49,Premium,Success
T0005649,U067772,2026-04-14,773.29,Basic,Success
T0005650,U067788,2026-03-16,717.72,Basic,Success
T0005651,U067799,2026-01-14,329.06,Basic,Success
T0005652,U067802,2026-02-25,352.78,Basic,Success
T0005653,U067815,2026-01-26,457.4,Basic,Success
T0005654,U067866,2026-04-20,846.52,Basic,Success
T0005655,U067878,2026-02-13,201.6,Premium,Success
T0005656,U067881,2026-04-06,408.27,Basic,Success
T0005657,U067888,2026-03-04,526.22,Basic,Success
T0005658,U067909,2026-03-13,175.0,Basic,Success
T0005659,U067925,2026-03-15,530.15,Pro,Success
T0005660,U067930,2026-03-12,452.76,Basic,Success
T0005661,U067948,2026-03-04,889.84,Basic,Success
T0005662,U067958,2026-02-23,827.01,Premium,Success
T0005663,U067984,2026-03-03,487.68,Basic,Success
T0005664,U067991,2026-04-12,578.04,Premium,Success
T0005665,U067992,2026-03-02,647.72,Premium,Success
T0005666,U067994,2026-02-22,1097.24,Pro,Success
T0005667,U067996,2026-04-10,666.97,Basic,Success
T0005668,U068010,2026-02-20,1013.91,Pro,Failed
T0005669,U068012,2026-04-09,99.71,Basic,Success
T0005670,U068026,2026-03-19,1128.96,Pro,Failed
T0005671,U068030,2026-02-21,286.79,Pro,Success
T0005672,U068031,2026-03-06,286.16,Basic,Success
T0005673,U068032,2026-02-06,352.05,Premium,Success
T0005674,U068036,2026-04-16,405.75,Pro,Success
T0005675,U068037,2026-03-09,1551.98,Premium,Success
T0005676,U068040,2026-01-31,395.02,Basic,Success
T0005677,U068056,2026-03-25,1044.3,Pro,Success
T0005678,U068066,2026-03-25,1071.14,Premium,Success
T0005679,U068068,2026-03-22,413.58,Basic,Success
T0005680,U068073,2026-02-09,963.74,Basic,Success
T0005681,U068094,2026-02-23,871.41,Pro,Success
T0005682,U068095,2026-04-07,188.49,Basic,Success
T0005683,U068102,2026-01-30,1586.82,Pro,Failed
T0005684,U068103,2026-02-06,925.33,Pro,Success
T0005685,U068122,2026-03-31,734.09,Pro,Success
T0005686,U068132,2026-02-22,478.93,Premium,Success
T0005687,U068170,2026-03-06,1571.62,Basic,Success
T0005688,U068189,2026-04-05,376.78,Premium,Success
T0005689,U068218,2026-04-11,299.15,Premium,Success
T0005690,U068227,2026-03-25,768.43,Premium,Success
T0005691,U068239,2026-02-08,244.64,Pro,Success
T0005692,U068245,2026-04-11,241.06,Pro,Success
T0005693,U068268,2026-03-12,1643.96,Basic,Success
T0005694,U068273,2026-03-13,1002.98,Premium,Success
T0005695,U068281,2026-03-22,504.09,Pro,Failed
T0005696,U068298,2026-01-28,291.29,Pro,Success
T0005697,U068317,2026-04-10,549.81,Basic,Success
T0005698,U068348,2026-04-17,710.97,Pro,Success
T0005699,U068355,2026-02-08,482.84,Premium,Success
T0005700,U068383,2026-03-22,269.2,Premium,Success
T0005701,U068389,2026-02-10,725.84,Basic,Success
T0005702,U068394,2026-02-12,260.54,Basic,Success
T0005703,U068401,2026-04-05,819.8,Basic,Success
T0005704,U068408,2026-03-30,1195.11,Pro,Success
T0005705,U068425,2026-04-08,1184.91,Pro,Success
T0005706,U068427,2026-03-01,655.83,Pro,Success
T0005707,U068439,2026-02-16,311.52,Basic,Success
T0005708,U068455,2026-04-13,663.3,Basic,Success
T0005709,U068456,2026-02-03,247.1,Basic,Success
T0005710,U068467,2026-02-06,629.72,Pro,Success
T0005711,U068472,2026-03-31,321.86,Premium,Success
T0005712,U068484,2026-02-26,540.06,Pro,Success
T0005713,U068493,2026-04-04,907.47,Pro,Success
T0005714,U068494,2026-03-12,221.01,Basic,Success
T0005715,U068506,2026-01-06,553.84,Basic,Success
T0005716,U068524,2026-02-24,575.19,Premium,Success
T0005717,U068544,2026-01-30,283.92,Pro,Failed
T0005718,U068547,2026-02-13,488.37,Premium,Success
T0005719,U068560,2026-04-11,678.97,Pro,Success
T0005720,U068562,2026-03-12,738.49,Pro,Success
T0005721,U068613,2026-03-18,540.64,Premium,Success
T0005722,U068615,2026-01-23,876.71,Basic,Success
T0005723,U068668,2026-01-30,1202.45,Basic,Success
T0005724,U068671,2026-03-07,836.71,Premium,Success
T0005725,U068676,2026-02-08,198.77,Pro,Success
T0005726,U068687,2026-01-26,727.51,Premium,Success
T0005727,U068702,2026-03-08,1241.34,Basic,Success
T0005728,U068705,2026-04-14,403.31,Basic,Success
T0005729,U068712,2026-03-04,277.43,Premium,Success
T0005730,U068724,2026-02-14,1420.32,Pro,Success
T0005731,U068736,2026-02-25,589.78,Premium,Success
T0005732,U068738,2026-03-27,621.78,Basic,Success
T0005733,U068752,2026-04-18,914.57,Premium,Success
T0005734,U068761,2026-01-24,222.88,Basic,Success
T0005735,U068789,2026-04-05,835.22,Basic,Success
T0005736,U068790,2026-02-01,528.01,Basic,Success
T0005737,U068795,2026-03-17,180.75,Basic,Success
T0005738,U068797,2026-03-18,409.35,Pro,Success
T0005739,U068807,2026-03-09,470.72,Basic,Success
T0005740,U068813,2026-03-22,1256.47,Premium,Success
T0005741,U068814,2026-03-07,171.53,Premium,Success
T0005742,U068816,2026-03-22,694.49,Pro,Success
T0005743,U068820,2026-02-01,1798.13,Premium,Success
T0005744,U068827,2026-03-03,475.68,Pro,Success
T0005745,U068833,2026-02-10,482.35,Pro,Success
T0005746,U068846,2026-04-03,1326.23,Basic,Success
T0005747,U068860,2026-04-18,1187.28,Basic,Failed
T0005748,U068868,2026-01-28,1103.7,Basic,Success
T0005749,U068869,2026-03-24,576.4,Basic,Success
T0005750,U068877,2026-03-14,987.79,Basic,Success
T0005751,U068886,2026-03-27,430.07,Basic,Success
T0005752,U068888,2026-02-21,864.51,Basic,Success
T0005753,U068895,2026-03-25,161.56,Basic,Success
T0005754,U068897,2026-04-01,427.37,Basic,Success
T0005755,U068911,2026-03-27,1133.7,Basic,Success
T0005756,U068916,2026-04-24,1464.25,Basic,Failed
T0005757,U068931,2026-04-03,775.05,Pro,Success
T0005758,U068945,2026-03-20,151.23,Basic,Success
T0005759,U068969,2026-01-19,438.92,Basic,Success
T0005760,U068975,2026-02-23,684.97,Premium,Success
T0005761,U068977,2026-03-12,1369.99,Basic,Success
T0005762,U068981,2026-03-18,363.07,Basic,Success
T0005763,U068990,2026-03-27,699.31,Pro,Success
T0005764,U069006,2026-03-16,434.4,Basic,Success
T0005765,U069021,2026-02-01,813.45,Basic,Success
T0005766,U069026,2026-02-02,405.07,Basic,Success
T0005767,U069031,2026-01-31,325.27,Pro,Success
T0005768,U069040,2026-01-31,238.25,Basic,Success
T0005769,U069051,2026-01-25,565.95,Pro,Success
T0005770,U069054,2026-03-02,579.63,Basic,Success
T0005771,U069055,2026-01-22,905.66,Pro,Success
T0005772,U069061,2026-03-14,697.4,Pro,Success
T0005773,U069094,2026-01-30,536.06,Basic,Success
T0005774,U069099,2026-03-04,557.89,Basic,Success
T0005775,U069114,2026-01-12,323.36,Premium,Success
T0005776,U069135,2026-03-30,647.45,Basic,Success
T0005777,U069146,2026-03-03,215.35,Basic,Success
T0005778,U069151,2026-04-11,201.7,Basic,Success
T0005779,U069154,2026-03-29,298.34,Basic,Success
T0005780,U069183,2026-02-19,287.97,Pro,Success
T0005781,U069186,2026-03-18,1141.55,Pro,Success
T0005782,U069212,2026-03-31,805.85,Basic,Success
T0005783,U069222,2026-02-02,294.55,Pro,Success
T0005784,U069227,2026-01-10,692.88,Pro,Success
T0005785,U069228,2026-02-24,502.19,Basic,Success
T0005786,U069230,2026-03-25,906.32,Premium,Success
T0005787,U069293,2026-03-27,455.0,Basic,Success
T0005788,U069294,2026-03-10,690.56,Basic,Success
T0005789,U069313,2026-02-18,1057.93,Pro,Success
T0005790,U069316,2026-04-25,483.64,Premium,Success
T0005791,U069342,2026-02-21,1173.98,Basic,Success
T0005792,U069356,2026-03-11,464.76,Pro,Success
T0005793,U069386,2026-02-09,521.2,Basic,Success
T0005794,U069398,2026-04-05,1110.57,Premium,Success
T0005795,U069402,2026-01-16,240.78,Basic,Success
T0005796,U069407,2026-02-08,613.78,Pro,Success
T0005797,U069415,2026-01-09,508.13,Pro,Success
T0005798,U069426,2026-01-26,1243.06,Basic,Success
T0005799,U069439,2026-04-13,805.05,Basic,Success
T0005800,U069448,2026-03-12,464.88,Pro,Success
T0005801,U069449,2026-02-18,2522.82,Pro,Success
T0005802,U069454,2026-01-31,980.51,Pro,Success
T0005803,U069457,2026-01-13,386.07,Basic,Success
T0005804,U069458,2026-02-24,616.6,Pro,Success
T0005805,U069466,2026-04-04,533.69,Basic,Failed
T0005806,U069467,2026-01-23,617.82,Pro,Success
T0005807,U069481,2026-03-22,541.73,Pro,Success
T0005808,U069482,2026-04-20,784.98,Basic,Success
T0005809,U069510,2026-04-26,1898.93,Pro,Success
T0005810,U069530,2026-02-16,960.51,Premium,Success
T0005811,U069535,2026-02-22,323.73,Basic,Success
T0005812,U069541,2026-03-31,798.87,Basic,Success
T0005813,U069562,2026-01-26,508.13,Basic,Success
T0005814,U069568,2026-03-28,891.26,Premium,Success
T0005815,U069589,2026-03-16,239.09,Pro,Success
T0005816,U069609,2026-01-16,344.41,Basic,Success
T0005817,U069656,2026-02-12,643.36,Basic,Success
T0005818,U069659,2026-03-15,453.78,Basic,Success
T0005819,U069666,2026-03-18,510.74,Basic,Success
T0005820,U069673,2026-01-13,534.23,Basic,Success
T0005821,U069693,2026-02-01,1384.52,Basic,Success
T0005822,U069697,2026-01-24,1122.07,Premium,Success
T0005823,U069718,2026-02-03,907.01,Premium,Success
T0005824,U069719,2026-03-29,524.46,Pro,Success
T0005825,U069721,2026-01-28,783.82,Basic,Failed
T0005826,U069726,2026-03-07,200.37,Pro,Success
T0005827,U069734,2026-02-10,607.55,Premium,Success
T0005828,U069735,2026-02-04,523.42,Pro,Success
T0005829,U069742,2026-04-27,125.21,Pro,Success
T0005830,U069753,2026-02-05,837.13,Basic,Success
T0005831,U069760,2026-02-24,160.94,Pro,Success
T0005832,U069782,2026-01-29,643.92,Basic,Success
T0005833,U069798,2026-02-10,615.26,Pro,Failed
T0005834,U069824,2026-03-09,582.01,Basic,Success
T0005835,U069826,2026-02-10,329.55,Basic,Success
T0005836,U069828,2026-04-20,276.73,Premium,Success
T0005837,U069838,2026-02-05,174.14,Basic,Success
T0005838,U069842,2026-02-18,1271.68,Basic,Failed
T0005839,U069873,2026-04-01,235.66,Premium,Success
T0005840,U069878,2026-02-28,88.76,Basic,Success
T0005841,U069884,2026-02-18,245.99,Premium,Success
T0005842,U069891,2026-02-04,238.1,Premium,Success
T0005843,U069912,2026-03-31,384.75,Pro,Success
T0005844,U069917,2026-02-04,481.46,Pro,Success
T0005845,U069927,2026-01-20,395.48,Basic,Success
T0005846,U069935,2026-03-17,204.87,Premium,Success
T0005847,U069947,2026-02-20,664.41,Basic,Success
T0005848,U069952,2026-03-28,967.1,Pro,Success
T0005849,U069987,2026-03-25,600.65,Pro,Success
T0005850,U069988,2026-03-15,1075.76,Basic,Success
T0005851,U069991,2026-02-05,621.42,Basic,Success
T0005852,U070004,2026-02-11,982.07,Basic,Success
T0005853,U070005,2026-01-29,488.26,Basic,Success
T0005854,U070011,2026-03-13,289.76,Pro,Success
T0005855,U070022,2026-02-03,1076.0,Basic,Success
T0005856,U070040,2026-03-28,627.06,Pro,Success
T0005857,U070051,2026-03-22,480.1,Basic,Success
T0005858,U070060,2026-01-28,690.01,Pro,Success
T0005859,U070061,2026-02-18,342.93,Premium,Success
T0005860,U070064,2026-03-19,307.85,Basic,Success
T0005861,U070077,2026-01-16,598.18,Basic,Success
T0005862,U070096,2026-01-30,520.32,Basic,Success
T0005863,U070112,2026-03-07,452.58,Basic,Success
T0005864,U070121,2026-01-28,476.19,Basic,Success
T0005865,U070129,2026-04-03,1252.63,Pro,Success
T0005866,U070130,2026-03-16,402.71,Pro,Success
T0005867,U070132,2026-03-11,443.44,Premium,Success
T0005868,U070133,2026-03-17,371.34,Pro,Success
T0005869,U070196,2026-03-26,235.58,Pro,Success
T0005870,U070198,2026-02-10,919.03,Pro,Success
T0005871,U070200,2026-02-06,934.15,Basic,Success
T0005872,U070211,2026-02-11,564.88,Basic,Success
T0005873,U070241,2026-04-11,185.62,Premium,Success
T0005874,U070262,2026-03-27,762.57,Pro,Success
T0005875,U070269,2026-03-25,604.17,Basic,Success
T0005876,U070277,2026-02-14,548.8,Pro,Success
T0005877,U070296,2026-02-27,1373.59,Pro,Failed
T0005878,U070299,2026-02-11,606.58,Basic,Success
T0005879,U070329,2026-04-15,605.49,Basic,Success
T0005880,U070331,2026-03-07,227.1,Pro,Success
T0005881,U070340,2026-03-12,732.99,Pro,Success
T0005882,U070341,2026-04-27,373.95,Pro,Success
T0005883,U070349,2026-04-20,348.34,Basic,Failed
T0005884,U070355,2026-03-09,827.08,Basic,Success
T0005885,U070368,2026-04-26,1186.42,Basic,Success
T0005886,U070369,2026-02-16,270.48,Premium,Success
T0005887,U070394,2026-03-04,242.63,Premium,Success
T0005888,U070396,2026-02-27,732.14,Basic,Success
T0005889,U070422,2026-03-21,187.43,Pro,Success
T0005890,U070451,2026-03-18,1009.56,Basic,Success
T0005891,U070462,2026-02-14,918.85,Basic,Success
T0005892,U070471,2026-03-16,312.19,Pro,Success
T0005893,U070496,2026-01-23,504.22,Pro,Failed
T0005894,U070555,2026-01-30,253.85,Pro,Success
T0005895,U070571,2026-01-23,450.14,Pro,Success
T0005896,U070573,2026-03-03,850.48,Basic,Success
T0005897,U070576,2026-04-16,404.69,Basic,Success
T0005898,U070597,2026-03-27,313.95,Basic,Success
T0005899,U070599,2026-04-02,1051.31,Basic,Success
T0005900,U070606,2026-01-25,487.2,Pro,Success
T0005901,U070624,2026-02-09,189.26,Pro,Success
T0005902,U070625,2026-03-11,426.73,Pro,Success
T0005903,U070637,2026-03-03,287.77,Basic,Success
T0005904,U070648,2026-03-01,382.23,Basic,Success
T0005905,U070657,2026-04-22,989.69,Basic,Success
T0005906,U070662,2026-03-28,610.28,Pro,Success
T0005907,U070679,2026-03-22,463.28,Pro,Success
T0005908,U070701,2026-04-07,874.24,Pro,Success
T0005909,U070741,2026-02-14,605.86,Basic,Success
T0005910,U070745,2026-03-26,382.47,Pro,Success
T0005911,U070746,2026-03-07,500.22,Basic,Success
T0005912,U070748,2026-04-20,280.43,Pro,Success
T0005913,U070752,2026-01-14,1007.32,Pro,Success
T0005914,U070769,2026-01-16,1150.78,Basic,Success
T0005915,U070770,2026-03-29,1125.93,Pro,Success
T0005916,U070771,2026-04-15,636.49,Premium,Success
T0005917,U070784,2026-02-18,339.71,Basic,Success
T0005918,U070788,2026-04-23,285.5,Basic,Success
T0005919,U070845,2026-02-27,410.1,Basic,Success
T0005920,U070854,2026-03-31,803.92,Basic,Success
T0005921,U070860,2026-01-28,357.99,Basic,Success
T0005922,U070863,2026-02-15,353.16,Basic,Success
T0005923,U070912,2026-01-28,383.56,Pro,Success
T0005924,U070923,2026-03-05,1067.91,Pro,Success
T0005925,U070961,2026-03-25,1309.91,Basic,Success
T0005926,U070974,2026-04-11,358.72,Pro,Success
T0005927,U070983,2026-02-16,952.13,Pro,Success
T0005928,U070994,2026-04-03,400.69,Pro,Success
T0005929,U071002,2026-03-20,615.02,Pro,Success
T0005930,U071024,2026-03-15,138.44,Basic,Success
T0005931,U071029,2026-04-08,681.34,Basic,Success
T0005932,U071044,2026-02-17,777.33,Basic,Success
T0005933,U071064,2026-04-22,265.01,Basic,Success
T0005934,U071068,2026-04-20,626.29,Basic,Success
T0005935,U071069,2026-02-16,998.27,Pro,Success
T0005936,U071072,2026-02-05,690.14,Basic,Success
T0005937,U071078,2026-02-02,677.66,Basic,Success
T0005938,U071079,2026-03-29,374.16,Pro,Success
T0005939,U071080,2026-02-15,226.95,Basic,Success
T0005940,U071086,2026-04-05,669.88,Basic,Success
T0005941,U071088,2026-01-20,406.6,Basic,Success
T0005942,U071120,2026-02-03,600.01,Pro,Success
T0005943,U071121,2026-02-16,591.68,Basic,Success
T0005944,U071170,2026-02-23,659.88,Basic,Success
T0005945,U071207,2026-03-06,491.41,Basic,Success
T0005946,U071227,2026-02-25,681.23,Basic,Success
T0005947,U071301,2026-01-18,876.37,Basic,Success
T0005948,U071353,2026-02-27,402.01,Basic,Success
T0005949,U071356,2026-03-18,503.79,Pro,Success
T0005950,U071358,2026-02-03,813.71,Basic,Success
T0005951,U071379,2026-01-29,677.59,Pro,Success
T0005952,U071422,2026-03-25,623.05,Basic,Success
T0005953,U071425,2026-03-16,2497.08,Pro,Success
T0005954,U071437,2026-02-13,542.47,Pro,Success
T0005955,U071440,2026-02-12,545.25,Basic,Success
T0005956,U071460,2026-01-05,1005.17,Premium,Success
T0005957,U071463,2026-04-08,305.49,Pro,Success
T0005958,U071466,2026-02-27,538.43,Basic,Success
T0005959,U071470,2026-01-31,665.92,Pro,Success
T0005960,U071483,2026-03-10,903.98,Pro,Success
T0005961,U071493,2026-02-22,291.45,Pro,Success
T0005962,U071507,2026-03-28,766.12,Pro,Success
T0005963,U071508,2026-04-03,821.35,Basic,Success
T0005964,U071511,2026-02-28,515.81,Basic,Success
T0005965,U071522,2026-01-31,234.46,Pro,Success
T0005966,U071532,2026-01-31,95.81,Basic,Success
T0005967,U071545,2026-02-13,552.08,Basic,Success
T0005968,U071551,2026-03-28,526.48,Premium,Success
T0005969,U071553,2026-04-05,445.28,Basic,Success
T0005970,U071584,2026-02-27,997.13,Pro,Success
T0005971,U071596,2026-01-31,1519.25,Pro,Success
T0005972,U071605,2026-04-01,779.08,Pro,Success
T0005973,U071636,2026-03-30,1215.36,Premium,Success
T0005974,U071655,2026-04-08,225.25,Basic,Success
T0005975,U071668,2026-02-08,332.34,Basic,Success
T0005976,U071671,2026-02-14,70.2,Pro,Failed
T0005977,U071681,2026-04-15,1230.89,Basic,Success
T0005978,U071692,2026-03-27,761.69,Pro,Success
T0005979,U071707,2026-03-04,803.78,Premium,Success
T0005980,U071708,2026-02-19,469.39,Premium,Success
T0005981,U071709,2026-04-08,302.61,Basic,Success
T0005982,U071722,2026-03-25,407.57,Premium,Success
T0005983,U071741,2026-03-15,157.75,Premium,Success
T0005984,U071746,2026-01-27,714.25,Pro,Success
T0005985,U071751,2026-03-31,929.6,Pro,Failed
T0005986,U071757,2026-03-27,442.41,Pro,Success
T0005987,U071779,2026-03-31,338.92,Pro,Failed
T0005988,U071785,2026-02-05,482.51,Pro,Success
T0005989,U071815,2026-03-29,743.53,Basic,Failed
T0005990,U071819,2026-03-19,537.6,Basic,Success
T0005991,U071876,2026-01-23,407.24,Basic,Success
T0005992,U071881,2026-03-20,484.99,Basic,Success
T0005993,U071902,2026-04-22,424.11,Basic,Success
T0005994,U071911,2026-03-16,572.15,Basic,Success
T0005995,U071912,2026-04-06,330.32,Pro,Success
T0005996,U071918,2026-03-08,908.55,Basic,Success
T0005997,U071935,2026-04-26,1086.97,Basic,Success
T0005998,U071936,2026-03-26,1071.78,Pro,Success
T0005999,U071941,2026-03-23,343.31,Basic,Failed
T0006000,U071942,2026-01-28,1007.39,Premium,Success
T0006001,U071958,2026-03-13,269.42,Basic,Success
T0006002,U071966,2026-02-19,505.77,Premium,Success
T0006003,U071969,2026-03-21,,Basic,Success
T0006004,U071978,2026-01-11,284.61,Basic,Success
T0006005,U071992,2026-02-19,463.66,Pro,Success
T0006006,U072003,2026-03-06,750.36,Basic,Success
T0006007,U072029,2026-02-07,941.23,Basic,Success
T0006008,U072030,2026-03-04,1048.25,Basic,Success
T0006009,U072043,2026-02-11,384.15,Premium,Success
T0006010,U072065,2026-01-24,824.17,Basic,Success
T0006011,U072073,2026-03-30,1134.31,Premium,Success
T0006012,U072078,2026-04-12,539.88,Pro,Success
T0006013,U072079,2026-04-01,1262.9,Premium,Success
T0006014,U072085,2026-03-11,1303.27,Pro,Success
T0006015,U072098,2026-01-25,67.45,Basic,Success
T0006016,U072100,2026-03-26,274.84,Basic,Success
T0006017,U072104,2026-01-26,2081.77,Basic,Success
T0006018,U072106,2026-03-31,548.47,Basic,Success
T0006019,U072129,2026-03-30,329.63,Pro,Success
T0006020,U072154,2026-03-15,506.83,Pro,Success
T0006021,U072185,2026-01-07,194.03,Basic,Success
T0006022,U072192,2026-02-17,156.27,Basic,Success
T0006023,U072201,2026-03-22,1297.27,Basic,Success
T0006024,U072243,2026-04-02,1369.1,Basic,Success
T0006025,U072244,2026-03-11,717.99,Basic,Success
T0006026,U072278,2026-02-02,1704.46,Basic,Success
T0006027,U072284,2026-03-19,690.73,Basic,Success
T0006028,U072289,2026-02-01,661.8,Premium,Success
T0006029,U072347,2026-01-09,348.74,Pro,Success
T0006030,U072360,2026-02-10,534.74,Basic,Success
T0006031,U072377,2026-03-09,2558.99,Basic,Success
T0006032,U072397,2026-02-16,475.56,Pro,Success
T0006033,U072413,2026-03-14,376.63,Basic,Success
T0006034,U072416,2026-02-14,1177.2,Basic,Success
T0006035,U072418,2026-04-10,442.81,Premium,Success
T0006036,U072419,2026-03-05,274.47,Pro,Success
T0006037,U072425,2026-03-02,293.88,Premium,Success
T0006038,U072434,2026-03-11,378.69,Pro,Success
T0006039,U072455,2026-03-23,500.76,Pro,Success
T0006040,U072457,2026-03-12,305.94,Basic,Success
T0006041,U072480,2026-01-25,2056.96,Basic,Success
T0006042,U072485,2026-04-15,500.69,Basic,Success
T0006043,U072527,2026-02-27,554.36,Basic,Success
T0006044,U072529,2026-02-20,1271.09,Basic,Failed
T0006045,U072544,2026-04-07,1338.61,Basic,Success
T0006046,U072550,2026-03-31,931.39,Basic,Success
T0006047,U072565,2026-03-20,578.18,Pro,Success
T0006048,U072566,2026-03-01,789.41,Basic,Success
T0006049,U072570,2026-04-05,536.7,Pro,Success
T0006050,U072577,2026-01-24,848.32,Basic,Success
T0006051,U072582,2026-04-10,987.76,Basic,Success
T0006052,U072607,2026-02-04,153.22,Basic,Success
T0006053,U072655,2026-04-14,390.99,Premium,Success
T0006054,U072672,2026-01-19,530.8,Pro,Success
T0006055,U072695,2026-04-11,764.48,Pro,Success
T0006056,U072701,2026-03-17,847.93,Basic,Success
T0006057,U072706,2026-04-02,1064.77,Pro,Failed
T0006058,U072707,2026-02-05,173.06,Basic,Success
T0006059,U072722,2026-03-23,1132.28,Basic,Success
T0006060,U072734,2026-02-09,446.99,Basic,Success
T0006061,U072774,2026-02-10,1624.05,Basic,Success
T0006062,U072776,2026-03-11,368.52,Pro,Success
T0006063,U072787,2026-02-22,638.75,Pro,Success
T0006064,U072833,2026-03-21,1211.87,Pro,Success
T0006065,U072844,2026-02-18,830.83,Basic,Success
T0006066,U072861,2026-02-14,1022.21,Premium,Success
T0006067,U072862,2026-04-05,523.38,Basic,Success
T0006068,U072871,2026-04-04,659.32,Premium,Success
T0006069,U072872,2026-01-31,836.12,Pro,Failed
T0006070,U072899,2026-01-24,587.8,Pro,Success
T0006071,U072900,2026-04-13,675.82,Basic,Success
T0006072,U072905,2026-04-05,376.19,Pro,Success
T0006073,U072912,2026-02-25,162.29,Basic,Success
T0006074,U072913,2026-01-23,735.25,Premium,Failed
T0006075,U072917,2026-02-26,802.87,Pro,Success
T0006076,U072920,2026-02-16,734.73,Pro,Success
T0006077,U072933,2026-04-28,509.38,Basic,Success
T0006078,U072939,2026-02-10,510.31,Pro,Success
T0006079,U072954,2026-02-16,811.4,Pro,Success
T0006080,U072963,2026-02-09,636.03,Premium,Success
T0006081,U072974,2026-02-18,325.18,Basic,Success
T0006082,U072980,2026-01-19,547.92,Basic,Success
T0006083,U073007,2026-03-03,,Pro,Success
T0006084,U073021,2026-04-07,269.77,Basic,Success
T0006085,U073032,2026-04-10,446.0,Pro,Success
T0006086,U073050,2026-03-29,363.44,Basic,Success
T0006087,U073079,2026-02-19,384.64,Premium,Success
T0006088,U073101,2026-02-04,412.97,Pro,Success
T0006089,U073125,2026-02-22,1142.79,Pro,Success
T0006090,U073154,2026-03-05,797.31,Basic,Success
T0006091,U073163,2026-01-30,530.01,Basic,Success
T0006092,U073199,2026-03-05,609.14,Basic,Success
T0006093,U073212,2026-01-14,634.33,Basic,Success
T0006094,U073269,2026-03-24,429.76,Pro,Success
T0006095,U073284,2026-04-12,398.11,Pro,Success
T0006096,U073309,2026-01-19,852.86,Premium,Success
T0006097,U073316,2026-03-14,428.21,Premium,Success
T0006098,U073318,2026-01-16,608.81,Pro,Success
T0006099,U073336,2026-04-10,453.21,Basic,Success
T0006100,U073354,2026-03-24,707.55,Basic,Success
T0006101,U073356,2026-02-01,177.69,Basic,Success
T0006102,U073365,2026-03-18,1042.76,Basic,Success
T0006103,U073370,2026-02-26,838.4,Basic,Success
T0006104,U073371,2026-03-05,,Pro,Success
T0006105,U073399,2026-02-07,723.61,Basic,Success
T0006106,U073426,2026-02-03,270.24,Pro,Success
T0006107,U073433,2026-01-18,197.65,Basic,Success
T0006108,U073435,2026-04-12,682.34,Premium,Success
T0006109,U073456,2026-02-05,639.2,Premium,Success
T0006110,U073478,2026-03-17,241.89,Basic,Success
T0006111,U073482,2026-04-11,654.36,Pro,Success
T0006112,U073494,2026-04-14,1421.2,Pro,Success
T0006113,U073524,2026-01-30,462.83,Basic,Success
T0006114,U073536,2026-03-31,403.2,Basic,Success
T0006115,U073541,2026-04-21,1310.51,Pro,Success
T0006116,U073550,2026-03-09,420.67,Premium,Success
T0006117,U073557,2026-02-06,246.22,Basic,Success
T0006118,U073565,2026-02-28,628.89,Premium,Failed
T0006119,U073578,2026-03-18,855.15,Premium,Success
T0006120,U073584,2026-03-29,318.76,Basic,Success
T0006121,U073597,2026-03-24,866.52,Basic,Success
T0006122,U073599,2026-02-18,511.01,Premium,Success
T0006123,U073603,2026-01-25,542.47,Basic,Success
T0006124,U073624,2026-01-30,1398.55,Premium,Success
T0006125,U073677,2026-01-17,1141.73,Pro,Success
T0006126,U073689,2026-02-15,760.45,Basic,Success
T0006127,U073693,2026-04-21,1435.67,Pro,Failed
T0006128,U073701,2026-03-07,1458.3,Basic,Success
T0006129,U073705,2026-01-30,997.0,Premium,Success
T0006130,U073713,2026-03-25,793.55,Pro,Success
T0006131,U073722,2026-01-31,370.69,Premium,Success
T0006132,U073748,2026-03-24,180.0,Pro,Success
T0006133,U073754,2026-03-11,1311.0,Basic,Success
T0006134,U073757,2026-04-19,451.8,Basic,Success
T0006135,U073766,2026-03-11,756.2,Pro,Failed
T0006136,U073768,2026-03-16,418.51,Pro,Success
T0006137,U073783,2026-03-15,614.29,Basic,Success
T0006138,U073787,2026-02-20,414.01,Pro,Success
T0006139,U073863,2026-02-01,623.42,Premium,Success
T0006140,U073864,2026-01-26,351.6,Basic,Success
T0006141,U073871,2026-04-25,438.55,Basic,Success
T0006142,U073879,2026-04-02,628.67,Basic,Success
T0006143,U073892,2026-04-07,980.09,Pro,Success
T0006144,U073895,2026-03-14,268.15,Basic,Success
T0006145,U073920,2026-02-20,647.36,Basic,Success
T0006146,U073931,2026-04-14,474.96,Basic,Success
T0006147,U073939,2026-02-16,393.75,Basic,Success
T0006148,U073942,2026-01-30,367.58,Basic,Failed
T0006149,U073945,2026-03-28,460.49,Pro,Success
T0006150,U073977,2026-04-02,199.1,Basic,Success
T0006151,U073978,2026-02-21,594.58,Premium,Success
T0006152,U073980,2026-02-03,250.01,Pro,Success
T0006153,U073991,2026-02-01,225.97,Pro,Success
T0006154,U073996,2026-04-03,617.91,Pro,Success
T0006155,U074023,2026-04-03,423.89,Premium,Success
T0006156,U074030,2026-02-16,767.12,Basic,Success
T0006157,U074043,2026-04-06,623.91,Pro,Success
T0006158,U074044,2026-04-11,983.62,Basic,Success
T0006159,U074052,2026-03-19,364.34,Basic,Success
T0006160,U074053,2026-02-12,671.91,Basic,Success
T0006161,U074066,2026-02-15,651.8,Basic,Success
T0006162,U074080,2026-03-29,308.05,Basic,Success
T0006163,U074083,2026-02-01,638.76,Pro,Success
T0006164,U074119,2026-01-28,802.11,Basic,Success
T0006165,U074120,2026-02-16,301.49,Premium,Success
T0006166,U074130,2026-02-10,732.91,Premium,Success
T0006167,U074152,2026-01-25,377.45,Basic,Failed
T0006168,U074172,2026-01-21,382.83,Basic,Success
T0006169,U074178,2026-03-08,669.16,Pro,Success
T0006170,U074190,2026-04-04,509.75,Basic,Success
T0006171,U074210,2026-02-27,816.85,Basic,Success
T0006172,U074213,2026-03-14,811.72,Pro,Success
T0006173,U074214,2026-03-14,1342.94,Basic,Success
T0006174,U074215,2026-03-16,1723.45,Basic,Success
T0006175,U074224,2026-03-04,369.71,Premium,Success
T0006176,U074235,2026-02-13,683.61,Basic,Success
T0006177,U074260,2026-03-01,605.93,Basic,Success
T0006178,U074282,2026-02-22,159.18,Premium,Success
T0006179,U074291,2026-02-11,,Premium,Failed
T0006180,U074298,2026-01-31,452.5,Premium,Success
T0006181,U074308,2026-03-13,190.78,Pro,Success
T0006182,U074318,2026-03-13,548.67,Pro,Success
T0006183,U074327,2026-02-22,1011.33,Basic,Success
T0006184,U074331,2026-02-04,677.01,Pro,Success
T0006185,U074332,2026-01-19,185.1,Premium,Success
T0006186,U074354,2026-03-08,1465.35,Pro,Success
T0006187,U074358,2026-02-06,964.74,Basic,Success
T0006188,U074359,2026-03-04,576.82,Premium,Success
T0006189,U074382,2026-02-20,776.59,Pro,Success
T0006190,U074427,2026-02-02,812.75,Basic,Success
T0006191,U074440,2026-02-10,120.24,Pro,Success
T0006192,U074451,2026-04-02,272.13,Basic,Success
T0006193,U074497,2026-02-25,2021.48,Basic,Success
T0006194,U074498,2026-02-01,677.11,Basic,Failed
T0006195,U074501,2026-03-22,1143.18,Pro,Success
T0006196,U074506,2026-03-25,530.52,Premium,Success
T0006197,U074533,2026-02-19,481.05,Basic,Success
T0006198,U074537,2026-04-18,1104.41,Pro,Success
T0006199,U074538,2026-03-02,769.62,Basic,Success
T0006200,U074548,2026-02-13,,Basic,Success
T0006201,U074552,2026-01-21,868.16,Pro,Success
T0006202,U074555,2026-03-01,943.66,Basic,Success
T0006203,U074560,2026-02-13,807.02,Pro,Success
T0006204,U074562,2026-01-28,879.71,Pro,Success
T0006205,U074572,2026-02-17,523.34,Basic,Failed
T0006206,U074577,2026-01-11,1617.38,Premium,Success
T0006207,U074580,2026-04-15,1024.82,Basic,Success
T0006208,U074581,2026-02-08,914.71,Pro,Success
T0006209,U074603,2026-03-04,606.16,Pro,Success
T0006210,U074622,2026-02-26,442.05,Pro,Success
T0006211,U074630,2026-03-15,473.82,Pro,Success
T0006212,U074635,2026-04-17,358.72,Basic,Success
T0006213,U074638,2026-01-29,340.95,Basic,Success
T0006214,U074640,2026-02-18,716.22,Pro,Success
T0006215,U074643,2026-01-14,423.6,Basic,Success
T0006216,U074645,2026-02-02,1033.84,Basic,Success
T0006217,U074652,2026-02-17,783.53,Premium,Success
T0006218,U074659,2026-02-04,933.47,Pro,Success
T0006219,U074667,2026-02-06,745.39,Basic,Success
T0006220,U074677,2026-02-16,714.52,Basic,Success
T0006221,U074689,2026-02-04,533.56,Basic,Success
T0006222,U074704,2026-03-14,702.02,Premium,Success
T0006223,U074710,2026-02-16,623.34,Pro,Success
T0006224,U074714,2026-03-27,788.85,Pro,Success
T0006225,U074718,2026-02-05,118.2,Basic,Success
T0006226,U074722,2026-01-13,694.0,Basic,Success
T0006227,U074731,2026-03-02,591.39,Premium,Success
T0006228,U074741,2026-03-01,435.44,Basic,Success
T0006229,U074768,2026-02-01,1872.85,Basic,Success
T0006230,U074770,2026-02-18,497.96,Basic,Success
T0006231,U074773,2026-02-02,270.19,Premium,Failed
T0006232,U074787,2026-04-25,945.11,Premium,Success
T0006233,U074795,2026-02-22,403.86,Pro,Success
T0006234,U074813,2026-01-15,925.07,Pro,Success
T0006235,U074819,2026-02-05,189.01,Pro,Success
T0006236,U074827,2026-02-19,748.26,Basic,Success
T0006237,U074828,2026-04-22,942.54,Pro,Success
T0006238,U074835,2026-01-29,212.12,Pro,Success
T0006239,U074849,2026-03-27,1514.89,Pro,Success
T0006240,U074869,2026-04-24,513.29,Pro,Success
T0006241,U074875,2026-02-25,758.77,Basic,Success
T0006242,U074901,2026-02-20,486.3,Basic,Success
T0006243,U074902,2026-03-07,574.02,Pro,Success
T0006244,U074914,2026-02-07,550.09,Premium,Success
T0006245,U074960,2026-01-14,283.81,Basic,Failed
T0006246,U074997,2026-03-24,1441.68,Pro,Success
T0006247,U075003,2026-03-05,238.71,Pro,Success
T0006248,U075011,2026-02-25,420.71,Pro,Success
T0006249,U075014,2026-03-24,166.4,Basic,Success
T0006250,U075091,2026-01-11,425.3,Basic,Success
T0006251,U075120,2026-03-11,335.07,Pro,Success
T0006252,U075127,2026-04-20,,Pro,Success
T0006253,U075135,2026-04-01,731.85,Pro,Success
T0006254,U075137,2026-03-03,543.68,Pro,Success
T0006255,U075149,2026-03-20,511.89,Pro,Success
T0006256,U075150,2026-01-09,984.36,Basic,Success
T0006257,U075173,2026-02-11,1525.79,Pro,Success
T0006258,U075177,2026-03-14,918.93,Basic,Failed
T0006259,U075185,2026-03-19,713.76,Pro,Success
T0006260,U075221,2026-03-26,133.49,Basic,Failed
T0006261,U075230,2026-03-16,627.02,Basic,Success
T0006262,U075299,2026-03-27,939.71,Pro,Success
T0006263,U075314,2026-03-15,721.18,Premium,Success
T0006264,U075319,2026-03-22,660.05,Pro,Success
T0006265,U075327,2026-04-11,585.22,Pro,Failed
T0006266,U075337,2026-03-11,603.65,Premium,Success
T0006267,U075347,2026-03-17,865.65,Pro,Success
T0006268,U075362,2026-02-05,806.85,Premium,Success
T0006269,U075374,2026-03-10,405.46,Premium,Success
T0006270,U075414,2026-02-05,910.17,Pro,Success
T0006271,U075449,2026-01-19,751.07,Premium,Success
T0006272,U075478,2026-04-22,434.97,Pro,Success
T0006273,U075490,2026-03-02,440.33,Basic,Success
T0006274,U075493,2026-04-26,676.69,Basic,Success
T0006275,U075502,2026-01-21,974.01,Basic,Success
T0006276,U075507,2026-04-07,615.56,Pro,Failed
T0006277,U075510,2026-02-23,570.26,Pro,Success
T0006278,U075514,2026-01-24,361.3,Pro,Success
T0006279,U075515,2026-02-16,1011.51,Basic,Success
T0006280,U075522,2026-02-16,468.4,Premium,Success
T0006281,U075524,2026-02-04,222.45,Pro,Success
T0006282,U075528,2026-03-30,212.54,Basic,Success
T0006283,U075541,2026-04-04,478.65,Pro,Success
T0006284,U075563,2026-01-12,207.34,Basic,Success
T0006285,U075564,2026-02-15,820.56,Basic,Success
T0006286,U075565,2026-02-10,1094.34,Pro,Success
T0006287,U075572,2026-03-05,916.33,Pro,Success
T0006288,U075588,2026-03-17,1022.09,Basic,Success
T0006289,U075590,2026-02-01,298.12,Basic,Success
T0006290,U075604,2026-02-14,549.54,Basic,Success
T0006291,U075625,2026-04-12,364.42,Basic,Success
T0006292,U075691,2026-03-01,701.92,Basic,Success
T0006293,U075725,2026-02-05,1311.06,Pro,Success
T0006294,U075726,2026-01-18,202.61,Basic,Success
T0006295,U075749,2026-01-28,617.96,Pro,Success
T0006296,U075753,2026-03-29,342.58,Basic,Success
T0006297,U075764,2026-01-23,311.79,Basic,Success
T0006298,U075774,2026-01-28,1282.64,Premium,Success
T0006299,U075779,2026-03-10,637.1,Pro,Success
T0006300,U075802,2026-01-14,552.17,Pro,Success
T0006301,U075809,2026-01-18,451.27,Basic,Success
T0006302,U075812,2026-03-27,1056.32,Basic,Success
T0006303,U075861,2026-02-23,261.76,Basic,Success
T0006304,U075862,2026-04-25,793.06,Pro,Success
T0006305,U075866,2026-01-16,1582.14,Pro,Success
T0006306,U075867,2026-02-05,64.86,Basic,Success
T0006307,U075868,2026-02-04,643.96,Basic,Success
T0006308,U075890,2026-03-12,632.84,Basic,Failed
T0006309,U075894,2026-03-31,546.53,Pro,Success
T0006310,U075896,2026-01-28,387.52,Pro,Success
T0006311,U075906,2026-02-23,284.92,Basic,Success
T0006312,U075908,2026-03-06,644.24,Basic,Success
T0006313,U075920,2026-04-18,1138.58,Basic,Success
T0006314,U075935,2026-03-23,611.92,Basic,Success
T0006315,U075938,2026-01-07,1775.2,Basic,Success
T0006316,U075940,2026-01-21,546.51,Pro,Success
T0006317,U075944,2026-02-02,505.05,Basic,Success
T0006318,U075973,2026-03-12,1589.03,Pro,Success
T0006319,U075986,2026-03-19,264.72,Basic,Success
T0006320,U076023,2026-02-11,379.38,Pro,Success
T0006321,U076029,2026-01-26,115.38,Pro,Success
T0006322,U076032,2026-02-09,566.47,Basic,Success
T0006323,U076048,2026-04-24,397.94,Pro,Success
T0006324,U076063,2026-02-12,473.54,Basic,Success
T0006325,U076068,2026-01-16,687.11,Premium,Success
T0006326,U076073,2026-04-21,168.99,Basic,Success
T0006327,U076082,2026-01-24,617.16,Pro,Success
T0006328,U076099,2026-04-10,581.68,Pro,Success
T0006329,U076101,2026-01-19,1380.22,Basic,Success
T0006330,U076147,2026-03-07,349.12,Pro,Success
T0006331,U076151,2026-03-25,1149.86,Pro,Success
T0006332,U076154,2026-02-09,966.44,Premium,Success
T0006333,U076160,2026-03-27,214.25,Premium,Success
T0006334,U076176,2026-02-28,209.1,Pro,Success
T0006335,U076188,2026-03-08,609.91,Basic,Success
T0006336,U076202,2026-02-03,1427.28,Premium,Success
T0006337,U076213,2026-01-22,1092.16,Basic,Failed
T0006338,U076220,2026-01-29,398.28,Basic,Success
T0006339,U076232,2026-01-08,711.0,Basic,Success
T0006340,U076243,2026-03-26,1172.38,Pro,Success
T0006341,U076257,2026-02-15,1067.84,Pro,Success
T0006342,U076267,2026-03-11,311.05,Basic,Success
T0006343,U076269,2026-04-04,501.07,Pro,Success
T0006344,U076274,2026-02-01,895.19,Basic,Success
T0006345,U076281,2026-02-05,381.7,Pro,Success
T0006346,U076283,2026-02-16,398.68,Pro,Success
T0006347,U076287,2026-03-11,640.21,Basic,Success
T0006348,U076290,2026-04-17,587.57,Pro,Success
T0006349,U076295,2026-02-23,432.99,Basic,Success
T0006350,U076303,2026-02-25,1005.19,Pro,Success
T0006351,U076309,2026-03-31,673.72,Pro,Success
T0006352,U076317,2026-02-21,762.05,Pro,Success
T0006353,U076335,2026-02-13,687.52,Pro,Success
T0006354,U076340,2026-04-02,620.59,Premium,Success
T0006355,U076343,2026-03-24,923.49,Basic,Success
T0006356,U076362,2026-03-10,568.43,Pro,Success
T0006357,U076368,2026-01-15,1117.7,Basic,Success
T0006358,U076395,2026-02-23,612.82,Basic,Success
T0006359,U076404,2026-03-08,549.22,Basic,Success
T0006360,U076407,2026-03-06,77.08,Premium,Success
T0006361,U076426,2026-02-15,1344.26,Pro,Success
T0006362,U076431,2026-01-30,708.67,Pro,Success
T0006363,U076440,2026-01-16,474.52,Pro,Success
T0006364,U076453,2026-02-15,336.69,Basic,Failed
T0006365,U076456,2026-01-13,615.96,Pro,Failed
T0006366,U076475,2026-01-20,858.5,Pro,Success
T0006367,U076479,2026-01-17,368.47,Basic,Failed
T0006368,U076503,2026-03-31,74.19,Pro,Success
T0006369,U076507,2026-02-02,431.61,Pro,Success
T0006370,U076539,2026-03-07,1433.81,Basic,Success
T0006371,U076558,2026-03-10,995.98,Premium,Success
T0006372,U076563,2026-04-17,1436.36,Premium,Success
T0006373,U076604,2026-01-16,408.66,Pro,Success
T0006374,U076607,2026-02-01,236.62,Pro,Success
T0006375,U076613,2026-02-19,592.65,Basic,Success
T0006376,U076615,2026-02-05,,Pro,Success
T0006377,U076639,2026-02-24,436.67,Pro,Success
T0006378,U076688,2026-02-27,1179.3,Premium,Success
T0006379,U076726,2026-04-13,1572.65,Pro,Success
T0006380,U076734,2026-02-06,892.79,Premium,Success
T0006381,U076735,2026-03-28,602.8,Basic,Success
T0006382,U076740,2026-01-20,789.16,Basic,Success
T0006383,U076752,2026-02-03,1135.17,Basic,Success
T0006384,U076771,2026-01-23,911.99,Basic,Success
T0006385,U076787,2026-03-19,1002.87,Pro,Failed
T0006386,U076791,2026-01-28,482.49,Pro,Success
T0006387,U076843,2026-02-03,401.0,Basic,Success
T0006388,U076852,2026-03-05,961.17,Basic,Success
T0006389,U076860,2026-02-08,515.21,Basic,Success
T0006390,U076889,2026-02-24,1114.97,Premium,Success
T0006391,U076912,2026-03-17,515.92,Pro,Success
T0006392,U076914,2026-03-18,1002.76,Pro,Success
T0006393,U076919,2026-02-13,602.86,Pro,Success
T0006394,U076924,2026-03-17,561.74,Premium,Success
T0006395,U076932,2026-04-13,916.8,Pro,Success
T0006396,U076939,2026-01-24,106.2,Pro,Success
T0006397,U076946,2026-02-05,583.7,Premium,Success
T0006398,U076954,2026-03-03,1177.84,Basic,Success
T0006399,U076963,2026-03-20,319.48,Basic,Success
T0006400,U076972,2026-01-17,270.89,Basic,Failed
T0006401,U076979,2026-01-09,1725.7,Basic,Success
T0006402,U076985,2026-03-15,106.27,Basic,Success
T0006403,U077030,2026-04-07,447.04,Premium,Success
T0006404,U077031,2026-04-13,395.8,Basic,Success
T0006405,U077040,2026-04-05,648.04,Basic,Success
T0006406,U077074,2026-02-20,604.22,Basic,Success
T0006407,U077084,2026-02-22,1003.43,Pro,Success
T0006408,U077100,2026-03-16,416.75,Basic,Success
T0006409,U077105,2026-02-21,1394.19,Pro,Success
T0006410,U077106,2026-03-03,673.31,Basic,Success
T0006411,U077115,2026-01-18,276.38,Basic,Success
T0006412,U077119,2026-01-26,521.94,Pro,Success
T0006413,U077128,2026-02-28,937.32,Pro,Success
T0006414,U077161,2026-03-21,1225.4,Basic,Success
T0006415,U077183,2026-04-20,766.67,Basic,Success
T0006416,U077188,2026-04-15,197.79,Pro,Success
T0006417,U077198,2026-02-26,651.57,Pro,Success
T0006418,U077199,2026-02-17,148.36,Basic,Success
T0006419,U077220,2026-04-02,772.86,Pro,Success
T0006420,U077238,2026-02-18,186.49,Premium,Success
T0006421,U077246,2026-02-02,259.68,Pro,Success
T0006422,U077248,2026-02-20,234.5,Basic,Success
T0006423,U077252,2026-03-04,540.14,Basic,Failed
T0006424,U077259,2026-04-15,389.87,Basic,Success
T0006425,U077272,2026-02-06,1587.01,Pro,Success
T0006426,U077298,2026-02-13,277.07,Basic,Success
T0006427,U077316,2026-04-14,998.37,Pro,Success
T0006428,U077318,2026-02-11,1001.69,Pro,Success
T0006429,U077326,2026-03-02,568.47,Premium,Success
T0006430,U077335,2026-03-06,635.38,Premium,Success
T0006431,U077348,2026-03-10,471.46,Basic,Success
T0006432,U077362,2026-02-08,190.6,Pro,Success
T0006433,U077363,2026-03-25,549.51,Basic,Success
T0006434,U077379,2026-01-11,552.14,Basic,Success
T0006435,U077400,2026-03-27,1692.17,Basic,Success
T0006436,U077412,2026-01-10,830.86,Basic,Success
T0006437,U077443,2026-04-11,432.03,Basic,Success
T0006438,U077444,2026-01-28,320.31,Basic,Success
T0006439,U077451,2026-02-02,715.12,Basic,Success
T0006440,U077471,2026-04-13,904.55,Basic,Success
T0006441,U077492,2026-02-14,1408.0,Premium,Success
T0006442,U077495,2026-03-06,760.5,Basic,Success
T0006443,U077507,2026-03-05,627.09,Premium,Success
T0006444,U077522,2026-01-28,1356.6,Basic,Failed
T0006445,U077525,2026-04-10,429.63,Premium,Failed
T0006446,U077557,2026-03-23,776.43,Basic,Success
T0006447,U077560,2026-02-26,333.03,Basic,Success
T0006448,U077572,2026-02-18,648.17,Basic,Failed
T0006449,U077593,2026-03-28,974.56,Pro,Success
T0006450,U077620,2026-02-12,748.9,Premium,Success
T0006451,U077623,2026-02-19,262.1,Basic,Success
T0006452,U077625,2026-01-25,209.27,Basic,Success
T0006453,U077634,2026-03-23,541.82,Basic,Success
T0006454,U077642,2026-04-17,761.27,Basic,Success
T0006455,U077653,2026-03-03,1081.58,Basic,Success
T0006456,U077666,2026-03-07,191.97,Pro,Success
T0006457,U077668,2026-03-24,1022.39,Premium,Success
T0006458,U077687,2026-02-16,82.76,Pro,Success
T0006459,U077710,2026-04-20,534.94,Pro,Success
T0006460,U077717,2026-02-26,330.66,Pro,Success
T0006461,U077738,2026-03-10,128.54,Basic,Success
T0006462,U077756,2026-02-24,630.02,Pro,Success
T0006463,U077766,2026-04-15,817.46,Premium,Success
T0006464,U077812,2026-04-23,270.58,Premium,Success
T0006465,U077813,2026-04-07,1339.48,Basic,Success
T0006466,U077838,2026-02-16,2435.54,Basic,Success
T0006467,U077857,2026-02-14,424.41,Pro,Success
T0006468,U077870,2026-02-14,537.14,Basic,Success
T0006469,U077876,2026-04-11,386.76,Basic,Success
T0006470,U077899,2026-04-20,362.71,Pro,Success
T0006471,U077903,2026-02-18,1173.05,Basic,Success
T0006472,U077935,2026-01-30,237.39,Basic,Success
T0006473,U077957,2026-01-30,538.15,Basic,Success
T0006474,U077968,2026-02-15,882.19,Basic,Success
T0006475,U077969,2026-04-11,497.55,Basic,Success
T0006476,U077971,2026-03-06,495.92,Basic,Success
T0006477,U077976,2026-02-09,55.19,Basic,Success
T0006478,U077989,2026-01-27,752.56,Basic,Success
T0006479,U078001,2026-03-12,162.82,Basic,Success
T0006480,U078032,2026-01-31,1200.28,Pro,Success
T0006481,U078054,2026-03-10,525.11,Pro,Success
T0006482,U078056,2026-03-20,365.51,Pro,Success
T0006483,U078057,2026-01-18,650.73,Basic,Success
T0006484,U078068,2026-01-30,206.63,Pro,Success
T0006485,U078071,2026-04-10,623.07,Pro,Success
T0006486,U078096,2026-01-22,538.69,Premium,Success
T0006487,U078103,2026-03-20,189.74,Basic,Success
T0006488,U078137,2026-03-20,339.91,Premium,Success
T0006489,U078141,2026-03-18,335.89,Basic,Success
T0006490,U078143,2026-03-06,905.04,Basic,Success
T0006491,U078146,2026-03-30,390.81,Pro,Success
T0006492,U078161,2026-03-16,429.24,Basic,Success
T0006493,U078165,2026-03-23,613.05,Pro,Success
T0006494,U078180,2026-01-23,,Basic,Success
T0006495,U078191,2026-03-27,588.66,Basic,Success
T0006496,U078192,2026-04-01,721.37,Pro,Success
T0006497,U078225,2026-01-27,768.58,Basic,Success
T0006498,U078230,2026-04-14,924.06,Pro,Success
T0006499,U078238,2026-03-17,319.59,Pro,Success
T0006500,U078239,2026-03-12,635.39,Basic,Success
T0006501,U078245,2026-04-13,517.01,Pro,Failed
T0006502,U078267,2026-02-19,324.83,Basic,Success
T0006503,U078268,2026-03-19,862.94,Basic,Success
T0006504,U078286,2026-03-12,1301.13,Pro,Success
T0006505,U078295,2026-03-12,702.88,Pro,Success
T0006506,U078319,2026-01-22,517.01,Basic,Success
T0006507,U078320,2026-03-31,537.3,Basic,Success
T0006508,U078327,2026-02-21,557.03,Basic,Success
T0006509,U078328,2026-03-14,540.84,Basic,Success
T0006510,U078334,2026-01-24,608.27,Pro,Success
T0006511,U078335,2026-02-17,511.26,Premium,Success
T0006512,U078341,2026-04-05,569.83,Premium,Success
T0006513,U078346,2026-02-10,349.67,Basic,Success
T0006514,U078375,2026-04-06,589.62,Pro,Success
T0006515,U078385,2026-03-15,604.27,Basic,Success
T0006516,U078390,2026-03-12,514.2,Premium,Success
T0006517,U078395,2026-03-04,181.18,Premium,Success
T0006518,U078424,2026-04-14,640.75,Premium,Failed
T0006519,U078439,2026-02-02,969.6,Pro,Success
T0006520,U078446,2026-01-31,615.75,Pro,Success
T0006521,U078462,2026-04-23,1326.0,Basic,Success
T0006522,U078481,2026-04-17,1136.41,Basic,Success
T0006523,U078486,2026-03-29,1196.19,Premium,Success
T0006524,U078497,2026-03-22,969.76,Basic,Success
T0006525,U078504,2026-04-23,650.41,Pro,Success
T0006526,U078509,2026-02-21,1122.61,Pro,Success
T0006527,U078537,2026-03-17,430.48,Basic,Success
T0006528,U078592,2026-04-18,945.26,Premium,Success
T0006529,U078631,2026-03-20,1305.39,Pro,Success
T0006530,U078649,2026-02-06,786.06,Basic,Success
T0006531,U078664,2026-01-13,743.31,Pro,Success
T0006532,U078674,2026-03-22,1273.0,Pro,Success
T0006533,U078683,2026-02-19,843.5,Premium,Success
T0006534,U078685,2026-02-08,777.95,Basic,Success
T0006535,U078699,2026-01-14,689.46,Pro,Success
T0006536,U078706,2026-04-01,665.14,Basic,Success
T0006537,U078716,2026-02-16,1216.29,Basic,Success
T0006538,U078720,2026-02-19,478.55,Pro,Success
T0006539,U078733,2026-04-05,1356.62,Premium,Failed
T0006540,U078741,2026-03-09,191.12,Basic,Success
T0006541,U078742,2026-04-03,470.0,Premium,Success
T0006542,U078761,2026-04-09,263.92,Pro,Success
T0006543,U078778,2026-03-07,561.79,Pro,Success
T0006544,U078782,2026-01-24,860.9,Pro,Success
T0006545,U078799,2026-03-24,445.1,Basic,Success
T0006546,U078811,2026-03-21,529.35,Pro,Success
T0006547,U078817,2026-01-19,534.37,Pro,Success
T0006548,U078839,2026-02-15,252.17,Basic,Success
T0006549,U078843,2026-02-13,546.81,Premium,Success
T0006550,U078848,2026-01-30,937.84,Pro,Success
T0006551,U078852,2026-01-28,903.3,Basic,Success
T0006552,U078883,2026-04-07,937.9,Premium,Success
T0006553,U078911,2026-04-10,407.24,Pro,Success
T0006554,U078916,2026-02-27,538.02,Pro,Success
T0006555,U078944,2026-03-05,820.73,Premium,Failed
T0006556,U078950,2026-02-19,427.56,Pro,Success
T0006557,U078960,2026-04-07,1509.78,Basic,Success
T0006558,U078967,2026-04-14,441.62,Basic,Failed
T0006559,U078985,2026-02-07,1362.02,Basic,Success
T0006560,U079000,2026-04-12,633.93,Pro,Success
T0006561,U079001,2026-01-12,844.01,Premium,Success
T0006562,U079043,2026-02-09,1037.18,Pro,Success
T0006563,U079044,2026-03-05,723.66,Basic,Success
T0006564,U079087,2026-02-12,322.29,Basic,Success
T0006565,U079096,2026-03-26,943.96,Premium,Success
T0006566,U079134,2026-02-01,348.5,Basic,Success
T0006567,U079160,2026-02-28,266.98,Pro,Success
T0006568,U079197,2026-02-06,201.22,Premium,Success
T0006569,U079217,2026-02-24,893.65,Premium,Success
T0006570,U079218,2026-04-23,1081.6,Basic,Success
T0006571,U079225,2026-02-28,1517.47,Premium,Success
T0006572,U079230,2026-03-01,422.6,Pro,Success
T0006573,U079231,2026-03-16,624.12,Basic,Success
T0006574,U079260,2026-01-16,294.78,Basic,Success
T0006575,U079274,2026-02-28,1003.6,Pro,Success
T0006576,U079282,2026-01-25,774.79,Basic,Success
T0006577,U079286,2026-03-19,224.31,Pro,Success
T0006578,U079288,2026-01-09,790.33,Basic,Success
T0006579,U079305,2026-04-04,310.37,Premium,Success
T0006580,U079317,2026-02-16,839.58,Pro,Success
T0006581,U079333,2026-04-21,165.9,Premium,Failed
T0006582,U079338,2026-04-04,688.4,Basic,Success
T0006583,U079351,2026-01-26,548.39,Basic,Success
T0006584,U079355,2026-01-28,840.21,Basic,Success
T0006585,U079361,2026-03-16,570.29,Pro,Success
T0006586,U079364,2026-04-05,706.37,Pro,Success
T0006587,U079379,2026-04-07,665.19,Basic,Success
T0006588,U079393,2026-02-19,973.37,Pro,Success
T0006589,U079401,2026-03-08,595.57,Basic,Success
T0006590,U079403,2026-02-05,316.11,Basic,Success
T0006591,U079459,2026-01-14,1154.98,Pro,Success
T0006592,U079482,2026-03-21,1308.03,Basic,Success
T0006593,U079488,2026-01-09,458.93,Basic,Success
T0006594,U079507,2026-03-08,619.64,Basic,Success
T0006595,U079510,2026-02-04,606.27,Basic,Success
T0006596,U079528,2026-03-13,918.62,Pro,Success
T0006597,U079545,2026-02-02,334.57,Premium,Success
T0006598,U079548,2026-02-08,621.87,Basic,Success
T0006599,U079552,2026-03-29,1088.98,Premium,Success
T0006600,U079562,2026-02-10,948.47,Basic,Success
T0006601,U079565,2026-03-26,295.43,Basic,Success
T0006602,U079567,2026-04-09,796.4,Basic,Success
T0006603,U079572,2026-04-03,784.36,Basic,Success
T0006604,U079598,2026-03-16,710.61,Basic,Success
T0006605,U079599,2026-04-10,853.76,Basic,Success
T0006606,U079613,2026-04-01,1229.08,Basic,Success
T0006607,U079627,2026-04-17,1156.78,Basic,Success
T0006608,U079631,2026-01-28,990.03,Premium,Success
T0006609,U079638,2026-02-13,787.72,Basic,Success
T0006610,U079651,2026-03-17,548.08,Pro,Success
T0006611,U079670,2026-03-06,1039.28,Pro,Success
T0006612,U079678,2026-03-26,619.75,Basic,Success
T0006613,U079722,2026-02-17,756.82,Pro,Success
T0006614,U079734,2026-02-08,332.07,Basic,Success
T0006615,U079740,2026-04-10,997.53,Basic,Success
T0006616,U079741,2026-03-23,390.96,Pro,Success
T0006617,U079750,2026-02-23,773.75,Pro,Success
T0006618,U079775,2026-02-05,737.9,Basic,Failed
T0006619,U079783,2026-03-21,348.3,Pro,Success
T0006620,U079784,2026-04-19,862.87,Basic,Success
T0006621,U079808,2026-03-12,810.33,Pro,Success
T0006622,U079818,2026-04-17,632.35,Basic,Success
T0006623,U079820,2026-04-06,255.15,Basic,Success
T0006624,U079822,2026-01-15,634.01,Basic,Success
T0006625,U079854,2026-03-02,291.54,Pro,Success
T0006626,U079860,2026-03-02,837.15,Premium,Success
T0006627,U079871,2026-03-26,360.44,Basic,Success
T0006628,U079881,2026-01-20,1138.84,Premium,Success
T0006629,U079882,2026-04-22,199.06,Basic,Success
T0006630,U079896,2026-03-13,1285.02,Basic,Success
T0006631,U079897,2026-03-02,520.87,Basic,Success
T0006632,U079900,2026-04-04,415.3,Basic,Success
T0006633,U079904,2026-02-03,2255.94,Premium,Success
T0006634,U079918,2026-03-04,913.39,Basic,Success
T0006635,U079920,2026-01-22,789.84,Pro,Success
T0006636,U079927,2026-04-07,352.92,Pro,Success
T0006637,U079937,2026-02-24,520.77,Pro,Success
T0006638,U079942,2026-02-26,248.54,Premium,Success
T0006639,U079944,2026-01-23,111.84,Pro,Success
T0006640,U079947,2026-03-03,253.64,Basic,Success
T0006641,U079956,2026-04-22,565.54,Basic,Success
T0006642,U079960,2026-03-03,1000.85,Premium,Success
T0006643,U079966,2026-01-21,593.97,Pro,Success
T0006644,U079977,2026-01-24,,Basic,Success
T0006645,U080008,2026-03-19,,Pro,Success
T0006646,U080037,2026-01-14,542.87,Premium,Success
T0006647,U080043,2026-04-17,1708.15,Pro,Success
T0006648,U080045,2026-02-07,388.56,Basic,Success
T0006649,U080055,2026-01-21,2447.41,Basic,Success
T0006650,U080069,2026-02-09,552.35,Basic,Success
T0006651,U080072,2026-02-17,1037.13,Basic,Success
T0006652,U080089,2026-02-23,523.84,Pro,Success
T0006653,U080125,2026-01-27,895.76,Basic,Success
T0006654,U080126,2026-03-27,253.06,Basic,Success
T0006655,U080158,2026-03-31,368.58,Basic,Success
T0006656,U080161,2026-03-09,356.68,Basic,Success
T0006657,U080182,2026-04-02,962.32,Basic,Success
T0006658,U080183,2026-02-08,542.06,Pro,Success
T0006659,U080185,2026-04-09,366.1,Pro,Success
T0006660,U080187,2026-04-19,667.47,Pro,Success
T0006661,U080205,2026-02-25,268.95,Pro,Success
T0006662,U080213,2026-02-12,1107.86,Basic,Success
T0006663,U080227,2026-02-08,472.04,Basic,Success
T0006664,U080279,2026-03-24,1229.56,Pro,Success
T0006665,U080281,2026-04-23,1242.94,Basic,Failed
T0006666,U080291,2026-01-08,914.56,Pro,Success
T0006667,U080297,2026-01-09,562.36,Basic,Success
T0006668,U080326,2026-03-02,426.08,Basic,Success
T0006669,U080330,2026-02-22,1423.11,Pro,Success
T0006670,U080339,2026-03-13,208.82,Basic,Failed
T0006671,U080343,2026-03-03,563.99,Pro,Success
T0006672,U080344,2026-02-11,568.9,Basic,Success
T0006673,U080404,2026-02-24,259.2,Pro,Success
T0006674,U080411,2026-04-14,831.54,Pro,Success
T0006675,U080427,2026-02-04,739.59,Pro,Failed
T0006676,U080436,2026-03-04,1000.42,Basic,Success
T0006677,U080437,2026-04-11,959.27,Basic,Success
T0006678,U080454,2026-04-02,295.76,Pro,Failed
T0006679,U080473,2026-02-10,670.99,Basic,Success
T0006680,U080481,2026-01-29,126.79,Basic,Success
T0006681,U080482,2026-01-26,619.49,Basic,Success
T0006682,U080496,2026-02-22,842.56,Basic,Success
T0006683,U080518,2026-03-29,1086.17,Premium,Success
T0006684,U080530,2026-04-02,208.68,Basic,Success
T0006685,U080534,2026-04-04,105.25,Basic,Success
T0006686,U080540,2026-02-28,561.8,Pro,Success
T0006687,U080558,2026-04-08,545.35,Pro,Success
T0006688,U080570,2026-02-26,564.31,Premium,Success
T0006689,U080592,2026-01-22,1241.6,Basic,Success
T0006690,U080593,2026-01-19,460.23,Basic,Success
T0006691,U080602,2026-03-09,980.59,Pro,Success
T0006692,U080603,2026-02-17,481.11,Pro,Success
T0006693,U080624,2026-02-20,1305.39,Basic,Success
T0006694,U080670,2026-03-01,494.36,Basic,Success
T0006695,U080675,2026-02-09,576.35,Basic,Success
T0006696,U080691,2026-02-18,549.73,Premium,Failed
T0006697,U080700,2026-03-25,772.25,Basic,Success
T0006698,U080727,2026-01-13,329.74,Basic,Success
T0006699,U080749,2026-04-05,308.63,Basic,Success
T0006700,U080756,2026-02-14,75.27,Pro,Success
T0006701,U080758,2026-04-12,445.27,Pro,Success
T0006702,U080767,2026-02-16,1014.62,Basic,Success
T0006703,U080818,2026-03-09,703.69,Premium,Success
T0006704,U080831,2026-01-18,1066.73,Basic,Success
T0006705,U080840,2026-01-30,497.32,Pro,Success
T0006706,U080847,2026-02-12,193.02,Basic,Success
T0006707,U080848,2026-04-06,794.18,Basic,Success
T0006708,U080866,2026-02-22,1168.4,Pro,Success
T0006709,U080892,2026-02-24,338.61,Premium,Success
T0006710,U080894,2026-02-10,778.06,Pro,Success
T0006711,U080905,2026-02-25,720.6,Premium,Success
T0006712,U080908,2026-03-04,472.51,Basic,Success
T0006713,U080915,2026-02-02,646.34,Pro,Success
T0006714,U080917,2026-04-01,1003.75,Pro,Success
T0006715,U080919,2026-03-17,771.48,Basic,Success
T0006716,U080938,2026-03-26,546.45,Basic,Success
T0006717,U080940,2026-03-18,827.58,Pro,Success
T0006718,U080941,2026-03-07,575.92,Basic,Success
T0006719,U080952,2026-03-14,1239.1,Basic,Success
T0006720,U080956,2026-03-18,471.1,Basic,Success
T0006721,U080967,2026-03-07,564.89,Basic,Success
T0006722,U080981,2026-03-01,463.3,Pro,Success
T0006723,U080994,2026-01-21,1703.06,Basic,Success
T0006724,U080996,2026-02-27,1106.36,Premium,Failed
T0006725,U081017,2026-01-22,914.36,Basic,Success
T0006726,U081035,2026-03-12,535.86,Premium,Success
T0006727,U081042,2026-01-24,507.18,Pro,Success
T0006728,U081064,2026-04-05,160.66,Premium,Success
T0006729,U081088,2026-03-23,138.96,Basic,Success
T0006730,U081143,2026-02-23,251.54,Premium,Success
T0006731,U081154,2026-02-25,869.22,Basic,Success
T0006732,U081164,2026-03-27,738.09,Basic,Success
T0006733,U081188,2026-01-13,1178.6,Basic,Failed
T0006734,U081208,2026-02-12,815.63,Pro,Success
T0006735,U081226,2026-02-11,765.12,Basic,Success
T0006736,U081244,2026-01-22,970.82,Basic,Success
T0006737,U081278,2026-02-14,857.28,Pro,Success
T0006738,U081279,2026-02-22,377.88,Basic,Success
T0006739,U081281,2026-02-16,721.33,Pro,Success
T0006740,U081287,2026-02-16,1068.86,Basic,Success
T0006741,U081320,2026-02-14,922.87,Basic,Success
T0006742,U081323,2026-02-04,333.33,Basic,Success
T0006743,U081329,2026-02-09,499.57,Premium,Success
T0006744,U081330,2026-01-14,1123.69,Premium,Success
T0006745,U081335,2026-02-05,76.51,Basic,Success
T0006746,U081355,2026-03-19,665.53,Pro,Success
T0006747,U081357,2026-04-06,371.57,Premium,Success
T0006748,U081375,2026-04-08,171.36,Pro,Success
T0006749,U081390,2026-03-15,597.73,Basic,Success
T0006750,U081409,2026-04-13,1613.08,Basic,Success
T0006751,U081413,2026-02-21,807.7,Pro,Success
T0006752,U081417,2026-02-22,1145.29,Basic,Failed
T0006753,U081418,2026-02-05,298.93,Pro,Success
T0006754,U081455,2026-02-03,698.63,Basic,Success
T0006755,U081462,2026-02-21,1686.16,Basic,Success
T0006756,U081503,2026-02-01,608.64,Basic,Success
T0006757,U081504,2026-01-16,371.45,Pro,Success
T0006758,U081530,2026-02-10,401.58,Pro,Success
T0006759,U081542,2026-04-05,291.73,Pro,Success
T0006760,U081562,2026-03-11,770.32,Basic,Success
T0006761,U081563,2026-02-15,602.03,Pro,Success
T0006762,U081568,2026-01-31,235.6,Basic,Failed
T0006763,U081573,2026-03-31,678.02,Pro,Success
T0006764,U081574,2026-02-09,389.19,Pro,Success
T0006765,U081598,2026-02-01,223.17,Basic,Success
T0006766,U081614,2026-03-08,495.08,Pro,Success
T0006767,U081626,2026-04-02,670.67,Pro,Failed
T0006768,U081640,2026-03-06,266.18,Pro,Failed
T0006769,U081648,2026-03-26,1413.85,Basic,Failed
T0006770,U081650,2026-02-21,477.07,Basic,Success
T0006771,U081656,2026-02-07,227.09,Basic,Success
T0006772,U081667,2026-03-14,1013.96,Pro,Failed
T0006773,U081669,2026-02-11,675.17,Basic,Success
T0006774,U081673,2026-02-18,455.11,Basic,Success
T0006775,U081691,2026-02-04,399.96,Pro,Success
T0006776,U081737,2026-04-17,361.01,Premium,Success
T0006777,U081757,2026-04-07,1499.89,Pro,Success
T0006778,U081767,2026-03-28,138.72,Basic,Success
T0006779,U081784,2026-01-21,1254.87,Pro,Success
T0006780,U081785,2026-02-28,896.65,Pro,Success
T0006781,U081813,2026-02-09,794.44,Pro,Success
T0006782,U081834,2026-03-10,631.34,Pro,Success
T0006783,U081835,2026-02-05,470.3,Pro,Success
T0006784,U081872,2026-04-25,419.0,Basic,Success
T0006785,U081875,2026-03-21,307.81,Premium,Success
T0006786,U081884,2026-02-09,238.77,Pro,Success
T0006787,U081901,2026-03-02,1327.75,Pro,Success
T0006788,U081909,2026-03-08,833.68,Pro,Success
T0006789,U081912,2026-03-24,403.65,Basic,Success
T0006790,U081919,2026-03-08,1190.4,Basic,Success
T0006791,U081936,2026-03-19,452.4,Basic,Success
T0006792,U081942,2026-01-15,1195.33,Pro,Success
T0006793,U081966,2026-03-03,196.08,Pro,Success
T0006794,U081973,2026-01-29,431.41,Pro,Success
T0006795,U081982,2026-03-19,207.77,Pro,Success
T0006796,U081992,2026-02-17,572.83,Basic,Success
T0006797,U082001,2026-04-10,1363.8,Basic,Success
T0006798,U082012,2026-04-13,1089.76,Basic,Success
T0006799,U082020,2026-02-15,408.24,Pro,Success
T0006800,U082038,2026-01-18,476.93,Premium,Success
T0006801,U082041,2026-01-11,473.53,Basic,Failed
T0006802,U082043,2026-02-03,111.93,Pro,Success
T0006803,U082046,2026-03-31,850.87,Pro,Success
T0006804,U082057,2026-02-26,515.66,Pro,Success
T0006805,U082067,2026-02-15,437.47,Pro,Success
T0006806,U082079,2026-03-21,531.15,Basic,Success
T0006807,U082082,2026-02-22,870.08,Pro,Success
T0006808,U082088,2026-02-15,475.36,Premium,Success
T0006809,U082093,2026-04-13,1322.28,Basic,Success
T0006810,U082112,2026-04-17,500.02,Pro,Success
T0006811,U082160,2026-02-19,385.9,Premium,Success
T0006812,U082169,2026-04-19,383.59,Premium,Success
T0006813,U082174,2026-03-30,440.16,Basic,Success
T0006814,U082189,2026-03-24,483.95,Pro,Success
T0006815,U082201,2026-03-01,917.47,Premium,Success
T0006816,U082220,2026-01-26,1253.8,Basic,Success
T0006817,U082233,2026-01-31,350.67,Premium,Success
T0006818,U082241,2026-02-25,293.64,Basic,Success
T0006819,U082245,2026-03-22,462.88,Pro,Success
T0006820,U082265,2026-02-15,665.82,Pro,Success
T0006821,U082269,2026-02-18,790.74,Basic,Failed
T0006822,U082292,2026-04-05,753.9,Basic,Success
T0006823,U082303,2026-02-13,622.57,Basic,Success
T0006824,U082314,2026-01-16,864.34,Basic,Success
T0006825,U082325,2026-02-14,178.57,Basic,Success
T0006826,U082332,2026-02-27,377.6,Basic,Success
T0006827,U082337,2026-02-10,501.78,Pro,Success
T0006828,U082361,2026-02-18,371.39,Premium,Success
T0006829,U082364,2026-02-12,652.87,Premium,Success
T0006830,U082368,2026-04-06,376.47,Pro,Success
T0006831,U082383,2026-03-16,453.74,Basic,Success
T0006832,U082384,2026-02-14,724.48,Pro,Success
T0006833,U082407,2026-03-08,177.27,Basic,Success
T0006834,U082408,2026-03-14,363.55,Pro,Success
T0006835,U082411,2026-03-02,946.2,Basic,Success
T0006836,U082429,2026-01-23,458.76,Basic,Success
T0006837,U082432,2026-02-07,550.84,Premium,Success
T0006838,U082435,2026-01-14,1182.29,Basic,Success
T0006839,U082436,2026-03-12,1600.24,Premium,Success
T0006840,U082452,2026-03-22,545.6,Premium,Success
T0006841,U082467,2026-01-17,541.63,Basic,Success
T0006842,U082470,2026-04-18,1062.51,Pro,Success
T0006843,U082505,2026-03-06,621.76,Basic,Success
T0006844,U082515,2026-01-31,816.07,Pro,Success
T0006845,U082525,2026-03-06,956.98,Basic,Success
T0006846,U082536,2026-01-28,1498.95,Basic,Success
T0006847,U082544,2026-03-30,571.61,Basic,Success
T0006848,U082549,2026-01-26,298.77,Basic,Success
T0006849,U082551,2026-02-02,423.6,Premium,Success
T0006850,U082569,2026-04-03,293.9,Premium,Success
T0006851,U082583,2026-04-08,1226.37,Premium,Success
T0006852,U082588,2026-03-16,894.38,Pro,Success
T0006853,U082615,2026-04-10,905.14,Premium,Success
T0006854,U082619,2026-02-14,903.77,Basic,Success
T0006855,U082620,2026-02-16,306.36,Premium,Success
T0006856,U082625,2026-02-11,1434.99,Pro,Success
T0006857,U082630,2026-01-12,1058.59,Premium,Success
T0006858,U082640,2026-02-25,1071.86,Pro,Success
T0006859,U082644,2026-03-07,270.78,Premium,Success
T0006860,U082653,2026-02-06,945.16,Basic,Failed
T0006861,U082677,2026-03-06,436.29,Pro,Success
T0006862,U082679,2026-03-20,1911.37,Basic,Success
T0006863,U082696,2026-04-18,250.91,Pro,Success
T0006864,U082726,2026-02-06,895.5,Basic,Success
T0006865,U082757,2026-02-11,696.34,Pro,Success
T0006866,U082772,2026-01-22,1041.54,Premium,Success
T0006867,U082786,2026-01-20,366.16,Basic,Success
T0006868,U082797,2026-01-26,420.19,Pro,Success
T0006869,U082833,2026-04-10,798.6,Pro,Success
T0006870,U082851,2026-03-26,225.52,Basic,Success
T0006871,U082855,2026-04-25,1343.48,Basic,Success
T0006872,U082858,2026-04-16,576.56,Pro,Success
T0006873,U082863,2026-01-14,443.57,Basic,Success
T0006874,U082868,2026-02-09,332.26,Basic,Success
T0006875,U082875,2026-03-17,932.55,Basic,Success
T0006876,U082885,2026-03-04,1999.96,Basic,Success
T0006877,U082909,2026-01-31,883.53,Pro,Success
T0006878,U082924,2026-04-02,381.82,Basic,Success
T0006879,U082925,2026-03-18,511.14,Basic,Success
T0006880,U082942,2026-04-12,940.58,Basic,Success
T0006881,U082995,2026-02-10,817.45,Basic,Success
T0006882,U083005,2026-04-23,1277.68,Premium,Success
T0006883,U083009,2026-03-01,1306.64,Premium,Success
T0006884,U083015,2026-02-13,575.68,Basic,Success
T0006885,U083016,2026-03-12,745.96,Pro,Success
T0006886,U083032,2026-03-19,709.29,Basic,Success
T0006887,U083070,2026-01-20,1004.56,Basic,Success
T0006888,U083083,2026-02-10,363.49,Basic,Success
T0006889,U083094,2026-03-21,613.57,Pro,Success
T0006890,U083111,2026-04-15,199.48,Pro,Success
T0006891,U083113,2026-02-19,1112.42,Basic,Success
T0006892,U083119,2026-02-05,706.25,Premium,Success
T0006893,U083121,2026-03-16,1640.49,Pro,Success
T0006894,U083124,2026-03-10,607.01,Basic,Success
T0006895,U083125,2026-04-12,243.8,Premium,Success
T0006896,U083129,2026-02-08,,Premium,Success
T0006897,U083143,2026-01-07,942.76,Pro,Success
T0006898,U083144,2026-01-31,9.96,Pro,Success
T0006899,U083214,2026-03-08,583.86,Pro,Success
T0006900,U083235,2026-03-28,558.75,Premium,Failed
T0006901,U083247,2026-03-27,262.61,Pro,Success
T0006902,U083258,2026-04-08,231.04,Premium,Success
T0006903,U083259,2026-02-15,448.3,Pro,Success
T0006904,U083260,2026-02-21,404.29,Basic,Success
T0006905,U083278,2026-01-17,1363.18,Pro,Success
T0006906,U083279,2026-02-24,16.71,Basic,Success
T0006907,U083280,2026-01-27,602.74,Premium,Success
T0006908,U083282,2026-01-26,1220.44,Basic,Success
T0006909,U083296,2026-01-23,447.29,Pro,Success
T0006910,U083327,2026-02-11,610.23,Premium,Success
T0006911,U083335,2026-03-07,387.51,Basic,Failed
T0006912,U083348,2026-02-09,382.24,Pro,Failed
T0006913,U083349,2026-02-21,847.54,Premium,Success
T0006914,U083359,2026-03-14,482.97,Basic,Success
T0006915,U083387,2026-01-20,664.62,Pro,Success
T0006916,U083395,2026-01-21,1207.52,Premium,Success
T0006917,U083399,2026-04-19,604.47,Pro,Success
T0006918,U083408,2026-02-21,509.75,Basic,Success
T0006919,U083409,2026-02-14,1016.29,Basic,Failed
T0006920,U083414,2026-03-30,758.47,Pro,Success
T0006921,U083420,2026-02-10,480.78,Premium,Success
T0006922,U083427,2026-04-08,497.52,Pro,Success
T0006923,U083444,2026-03-24,414.88,Pro,Success
T0006924,U083465,2026-04-01,507.58,Basic,Success
T0006925,U083486,2026-04-03,701.96,Pro,Success
T0006926,U083496,2026-03-14,500.96,Basic,Success
T0006927,U083508,2026-02-01,336.26,Premium,Success
T0006928,U083516,2026-03-02,400.47,Basic,Success
T0006929,U083532,2026-03-11,284.76,Basic,Success
T0006930,U083554,2026-02-03,770.99,Basic,Success
T0006931,U083555,2026-02-02,168.96,Pro,Success
T0006932,U083557,2026-02-19,1347.98,Basic,Success
T0006933,U083569,2026-03-21,684.09,Pro,Success
T0006934,U083575,2026-04-18,247.13,Basic,Success
T0006935,U083633,2026-01-25,451.76,Pro,Success
T0006936,U083636,2026-02-12,735.79,Basic,Success
T0006937,U083644,2026-03-03,949.14,Pro,Success
T0006938,U083650,2026-01-26,875.9,Pro,Success
T0006939,U083663,2026-03-31,305.8,Pro,Success
T0006940,U083684,2026-04-18,963.31,Pro,Failed
T0006941,U083709,2026-04-21,201.63,Pro,Success
T0006942,U083715,2026-03-06,391.31,Basic,Success
T0006943,U083717,2026-02-17,678.31,Premium,Success
T0006944,U083739,2026-02-11,502.3,Basic,Success
T0006945,U083742,2026-03-15,424.27,Pro,Success
T0006946,U083743,2026-01-20,448.02,Pro,Success
T0006947,U083776,2026-03-04,1250.41,Basic,Success
T0006948,U083778,2026-01-10,872.0,Pro,Failed
T0006949,U083797,2026-01-15,304.33,Premium,Success
T0006950,U083799,2026-02-28,481.51,Premium,Success
T0006951,U083805,2026-01-14,283.61,Pro,Success
T0006952,U083816,2026-01-12,813.47,Pro,Success
T0006953,U083826,2026-02-07,835.24,Basic,Success
T0006954,U083841,2026-04-22,307.15,Basic,Success
T0006955,U083853,2026-02-10,550.13,Basic,Success
T0006956,U083872,2026-01-21,318.16,Pro,Success
T0006957,U083879,2026-03-03,538.25,Basic,Success
T0006958,U083882,2026-04-09,848.4,Basic,Success
T0006959,U083893,2026-03-27,337.12,Pro,Success
T0006960,U083902,2026-01-09,832.87,Basic,Success
T0006961,U083935,2026-03-31,293.03,Pro,Success
T0006962,U083959,2026-01-21,721.75,Basic,Success
T0006963,U083962,2026-03-02,721.46,Basic,Success
T0006964,U083975,2026-04-11,503.69,Pro,Success
T0006965,U083976,2026-01-11,315.37,Pro,Success
T0006966,U083985,2026-02-17,291.9,Pro,Success
T0006967,U083990,2026-02-25,398.96,Basic,Success
T0006968,U084021,2026-01-18,997.67,Basic,Success
T0006969,U084022,2026-03-07,826.37,Pro,Success
T0006970,U084023,2026-02-02,534.27,Pro,Success
T0006971,U084027,2026-01-23,387.2,Pro,Success
T0006972,U084040,2026-03-01,631.3,Basic,Success
T0006973,U084041,2026-03-05,583.74,Basic,Success
T0006974,U084064,2026-02-05,760.86,Pro,Success
T0006975,U084066,2026-03-20,363.39,Premium,Success
T0006976,U084079,2026-03-29,1407.25,Basic,Success
T0006977,U084081,2026-03-03,1247.85,Premium,Success
T0006978,U084114,2026-02-14,257.99,Premium,Success
T0006979,U084126,2026-02-06,464.17,Pro,Success
T0006980,U084128,2026-04-04,498.02,Basic,Success
T0006981,U084138,2026-04-01,431.76,Premium,Success
T0006982,U084140,2026-03-19,436.62,Basic,Success
T0006983,U084153,2026-03-21,921.85,Basic,Success
T0006984,U084157,2026-03-17,844.02,Basic,Success
T0006985,U084159,2026-03-26,940.09,Premium,Success
T0006986,U084161,2026-01-18,442.94,Basic,Success
T0006987,U084178,2026-02-15,912.85,Pro,Failed
T0006988,U084181,2026-03-29,1899.55,Basic,Success
T0006989,U084190,2026-02-16,1243.53,Pro,Success
T0006990,U084199,2026-03-02,484.12,Basic,Failed
T0006991,U084201,2026-02-06,762.54,Basic,Success
T0006992,U084203,2026-03-24,142.92,Basic,Success
T0006993,U084208,2026-03-06,484.2,Basic,Failed
T0006994,U084226,2026-04-23,178.51,Basic,Success
T0006995,U084268,2026-02-03,38.52,Pro,Success
T0006996,U084271,2026-04-09,318.25,Pro,Success
T0006997,U084296,2026-02-03,1137.13,Pro,Success
T0006998,U084303,2026-01-24,550.23,Basic,Success
T0006999,U084314,2026-03-07,702.94,Basic,Success
T0007000,U084340,2026-02-26,401.48,Basic,Success
T0007001,U084347,2026-03-22,732.13,Basic,Success
T0007002,U084352,2026-02-16,695.41,Pro,Success
T0007003,U084355,2026-04-07,753.62,Pro,Success
T0007004,U084367,2026-01-18,923.57,Pro,Success
T0007005,U084380,2026-03-10,640.76,Premium,Success
T0007006,U084384,2026-02-17,743.55,Basic,Success
T0007007,U084392,2026-03-18,273.08,Pro,Success
T0007008,U084420,2026-01-15,390.08,Pro,Success
T0007009,U084421,2026-03-14,700.93,Pro,Success
T0007010,U084442,2026-04-12,1205.11,Pro,Success
T0007011,U084447,2026-02-18,679.28,Pro,Success
T0007012,U084448,2026-03-21,572.91,Pro,Success
T0007013,U084456,2026-03-20,1619.37,Pro,Success
T0007014,U084468,2026-02-21,264.0,Basic,Success
T0007015,U084473,2026-03-29,579.2,Pro,Success
T0007016,U084478,2026-04-07,1206.78,Basic,Success
T0007017,U084480,2026-02-22,392.82,Basic,Success
T0007018,U084482,2026-02-21,572.72,Basic,Success
T0007019,U084495,2026-03-15,406.2,Basic,Success
T0007020,U084506,2026-04-15,855.62,Premium,Success
T0007021,U084530,2026-03-27,244.56,Pro,Success
T0007022,U084541,2026-03-03,852.98,Basic,Success
T0007023,U084558,2026-02-28,340.02,Basic,Success
T0007024,U084564,2026-02-10,886.49,Basic,Success
T0007025,U084576,2026-04-12,591.34,Basic,Success
T0007026,U084609,2026-01-31,505.06,Basic,Success
T0007027,U084625,2026-03-24,347.42,Basic,Success
T0007028,U084644,2026-02-12,971.13,Basic,Success
T0007029,U084656,2026-03-10,168.06,Pro,Success
T0007030,U084657,2026-01-28,695.03,Premium,Success
T0007031,U084676,2026-04-07,689.01,Premium,Success
T0007032,U084686,2026-02-03,431.66,Pro,Success
T0007033,U084770,2026-02-01,214.4,Basic,Success
T0007034,U084775,2026-03-31,1211.55,Pro,Failed
T0007035,U084785,2026-02-10,1134.53,Basic,Success
T0007036,U084813,2026-04-08,178.89,Pro,Success
T0007037,U084826,2026-04-10,851.26,Basic,Success
T0007038,U084834,2026-03-30,345.02,Basic,Success
T0007039,U084849,2026-02-26,391.87,Basic,Success
T0007040,U084922,2026-02-15,1027.64,Basic,Success
T0007041,U084932,2026-01-15,431.31,Pro,Success
T0007042,U084938,2026-02-08,431.88,Pro,Success
T0007043,U084940,2026-03-13,857.09,Basic,Success
T0007044,U084945,2026-02-01,361.37,Basic,Success
T0007045,U084953,2026-02-03,327.38,Premium,Success
T0007046,U084957,2026-02-19,1257.75,Pro,Success
T0007047,U084976,2026-02-23,611.61,Premium,Success
T0007048,U084979,2026-04-01,1003.92,Basic,Success
T0007049,U084992,2026-03-21,477.62,Basic,Success
T0007050,U084995,2026-02-18,610.76,Pro,Success
T0007051,U085004,2026-03-20,236.94,Pro,Success
T0007052,U085020,2026-02-04,512.95,Premium,Success
T0007053,U085024,2026-03-16,1288.55,Premium,Success
T0007054,U085025,2026-02-23,1851.71,Basic,Success
T0007055,U085050,2026-02-10,1061.92,Basic,Success
T0007056,U085057,2026-04-19,493.67,Pro,Failed
T0007057,U085065,2026-02-15,463.03,Premium,Success
T0007058,U085074,2026-02-25,308.65,Premium,Success
T0007059,U085076,2026-03-31,774.81,Basic,Success
T0007060,U085079,2026-02-22,289.07,Premium,Success
T0007061,U085083,2026-03-08,657.16,Basic,Success
T0007062,U085090,2026-04-11,358.05,Pro,Success
T0007063,U085094,2026-02-26,706.23,Basic,Success
T0007064,U085105,2026-03-23,1903.31,Pro,Success
T0007065,U085113,2026-02-15,942.45,Pro,Success
T0007066,U085129,2026-03-18,383.79,Basic,Success
T0007067,U085134,2026-01-30,1434.88,Basic,Success
T0007068,U085149,2026-03-19,236.49,Basic,Success
T0007069,U085155,2026-03-19,1065.57,Basic,Success
T0007070,U085176,2026-03-23,260.34,Pro,Success
T0007071,U085177,2026-02-27,476.65,Pro,Success
T0007072,U085181,2026-03-20,843.1,Basic,Failed
T0007073,U085188,2026-02-06,540.56,Premium,Success
T0007074,U085208,2026-04-09,666.73,Premium,Success
T0007075,U085210,2026-03-11,123.25,Pro,Success
T0007076,U085225,2026-03-28,917.48,Premium,Success
T0007077,U085247,2026-04-02,1351.7,Basic,Success
T0007078,U085250,2026-04-06,320.7,Pro,Success
T0007079,U085252,2026-03-04,571.31,Basic,Success
T0007080,U085260,2026-02-17,703.28,Basic,Success
T0007081,U085262,2026-03-07,706.53,Pro,Success
T0007082,U085269,2026-01-23,360.47,Pro,Success
T0007083,U085271,2026-02-03,769.81,Premium,Success
T0007084,U085297,2026-03-26,297.21,Basic,Success
T0007085,U085327,2026-03-11,830.27,Pro,Success
T0007086,U085336,2026-03-18,1163.02,Basic,Success
T0007087,U085340,2026-02-21,243.4,Pro,Success
T0007088,U085344,2026-02-11,949.42,Basic,Success
T0007089,U085346,2026-04-11,413.27,Premium,Success
T0007090,U085355,2026-03-20,636.1,Premium,Success
T0007091,U085363,2026-03-07,363.45,Premium,Success
T0007092,U085364,2026-03-16,522.06,Pro,Success
T0007093,U085367,2026-03-15,576.2,Pro,Success
T0007094,U085390,2026-01-23,841.69,Pro,Success
T0007095,U085391,2026-02-15,94.44,Basic,Success
T0007096,U085393,2026-02-20,324.16,Pro,Success
T0007097,U085400,2026-03-31,594.59,Basic,Success
T0007098,U085428,2026-03-07,1374.65,Basic,Success
T0007099,U085430,2026-04-09,618.35,Pro,Success
T0007100,U085431,2026-04-04,519.29,Pro,Success
T0007101,U085450,2026-01-24,363.19,Pro,Success
T0007102,U085460,2026-02-12,628.55,Premium,Success
T0007103,U085480,2026-03-03,656.67,Basic,Success
T0007104,U085501,2026-02-01,352.69,Premium,Success
T0007105,U085524,2026-04-03,906.64,Pro,Success
T0007106,U085526,2026-04-16,1249.58,Pro,Success
T0007107,U085532,2026-02-23,775.34,Pro,Success
T0007108,U085536,2026-02-06,84.4,Pro,Success
T0007109,U085537,2026-02-28,378.45,Basic,Success
T0007110,U085567,2026-01-17,544.19,Pro,Success
T0007111,U085572,2026-03-07,641.04,Basic,Failed
T0007112,U085580,2026-01-19,698.21,Basic,Success
T0007113,U085581,2026-02-25,137.13,Premium,Success
T0007114,U085609,2026-02-11,558.25,Pro,Success
T0007115,U085612,2026-03-29,818.83,Basic,Success
T0007116,U085644,2026-02-17,,Pro,Success
T0007117,U085687,2026-04-13,641.97,Basic,Failed
T0007118,U085699,2026-04-17,239.39,Premium,Success
T0007119,U085700,2026-01-09,591.47,Basic,Success
T0007120,U085706,2026-02-12,963.38,Basic,Success
T0007121,U085708,2026-02-19,145.72,Basic,Success
T0007122,U085709,2026-02-07,524.11,Premium,Failed
T0007123,U085723,2026-01-18,929.9,Basic,Success
T0007124,U085724,2026-03-17,299.76,Basic,Success
T0007125,U085727,2026-04-12,179.97,Pro,Success
T0007126,U085739,2026-03-14,350.96,Pro,Failed
T0007127,U085745,2026-02-06,1328.89,Premium,Failed
T0007128,U085759,2026-02-08,444.36,Premium,Success
T0007129,U085770,2026-04-04,740.11,Pro,Success
T0007130,U085790,2026-04-12,184.65,Pro,Success
T0007131,U085804,2026-01-14,438.72,Basic,Success
T0007132,U085834,2026-03-06,923.54,Pro,Success
T0007133,U085853,2026-02-04,334.98,Basic,Success
T0007134,U085858,2026-02-27,292.43,Pro,Failed
T0007135,U085873,2026-03-12,1030.44,Pro,Success
T0007136,U085879,2026-04-09,203.26,Pro,Success
T0007137,U085882,2026-04-19,505.16,Basic,Success
T0007138,U085892,2026-03-16,483.12,Premium,Success
T0007139,U085910,2026-03-27,358.14,Basic,Success
T0007140,U085912,2026-03-11,1301.55,Pro,Success
T0007141,U085918,2026-02-25,464.04,Premium,Success
T0007142,U085919,2026-02-02,721.04,Premium,Success
T0007143,U085924,2026-04-07,367.82,Premium,Success
T0007144,U085942,2026-02-15,585.41,Premium,Success
T0007145,U085954,2026-02-13,840.27,Basic,Success
T0007146,U085968,2026-02-08,1180.35,Basic,Success
T0007147,U085979,2026-03-06,1071.58,Basic,Success
T0007148,U085984,2026-01-28,385.46,Premium,Success
T0007149,U085988,2026-03-15,283.4,Pro,Success
T0007150,U086024,2026-03-11,852.8,Pro,Success
T0007151,U086037,2026-02-17,203.98,Premium,Success
T0007152,U086055,2026-02-26,351.43,Basic,Success
T0007153,U086058,2026-01-31,183.63,Premium,Success
T0007154,U086061,2026-04-03,1176.41,Basic,Success
T0007155,U086066,2026-02-07,409.11,Basic,Success
T0007156,U086080,2026-03-12,198.89,Basic,Success
T0007157,U086106,2026-04-09,719.11,Premium,Success
T0007158,U086107,2026-02-04,1144.14,Basic,Success
T0007159,U086161,2026-03-18,1246.09,Pro,Success
T0007160,U086166,2026-01-28,333.63,Basic,Success
T0007161,U086171,2026-04-01,464.71,Pro,Success
T0007162,U086178,2026-02-16,788.87,Basic,Success
T0007163,U086180,2026-02-16,135.03,Basic,Success
T0007164,U086203,2026-01-20,487.09,Basic,Success
T0007165,U086205,2026-03-05,414.31,Basic,Success
T0007166,U086214,2026-02-10,818.66,Basic,Success
T0007167,U086223,2026-04-27,1520.25,Basic,Success
T0007168,U086227,2026-02-04,186.52,Basic,Success
T0007169,U086239,2026-01-27,344.72,Basic,Success
T0007170,U086246,2026-03-19,497.62,Basic,Success
T0007171,U086261,2026-03-15,334.29,Basic,Success
T0007172,U086265,2026-03-17,263.48,Pro,Success
T0007173,U086282,2026-04-09,451.5,Pro,Success
T0007174,U086293,2026-03-07,505.63,Pro,Failed
T0007175,U086301,2026-03-29,927.52,Pro,Success
T0007176,U086313,2026-02-22,574.93,Basic,Success
T0007177,U086334,2026-04-07,361.65,Pro,Success
T0007178,U086335,2026-03-24,289.01,Pro,Success
T0007179,U086337,2026-01-29,327.06,Basic,Success
T0007180,U086351,2026-04-26,478.67,Basic,Success
T0007181,U086362,2026-01-30,1140.4,Premium,Success
T0007182,U086373,2026-03-22,553.8,Basic,Success
T0007183,U086385,2026-02-14,610.28,Basic,Success
T0007184,U086392,2026-04-04,722.66,Pro,Success
T0007185,U086414,2026-03-11,310.86,Premium,Success
T0007186,U086422,2026-02-14,221.34,Basic,Success
T0007187,U086443,2026-03-16,589.41,Pro,Failed
T0007188,U086472,2026-01-20,153.41,Basic,Success
T0007189,U086479,2026-03-21,293.93,Basic,Success
T0007190,U086498,2026-01-28,620.13,Basic,Success
T0007191,U086524,2026-02-17,401.85,Pro,Success
T0007192,U086525,2026-04-18,1074.6,Premium,Success
T0007193,U086527,2026-02-28,484.46,Basic,Success
T0007194,U086533,2026-03-22,619.96,Pro,Success
T0007195,U086537,2026-02-10,1790.21,Basic,Success
T0007196,U086547,2026-01-12,792.64,Pro,Success
T0007197,U086550,2026-01-25,698.99,Basic,Success
T0007198,U086557,2026-01-29,533.71,Pro,Success
T0007199,U086564,2026-02-06,612.35,Pro,Success
T0007200,U086576,2026-01-29,734.9,Basic,Success
T0007201,U086582,2026-04-16,1191.29,Pro,Success
T0007202,U086583,2026-01-30,815.08,Basic,Success
T0007203,U086587,2026-02-11,625.41,Basic,Success
T0007204,U086603,2026-02-24,1511.64,Pro,Failed
T0007205,U086606,2026-03-21,167.07,Basic,Success
T0007206,U086631,2026-02-08,834.34,Premium,Success
T0007207,U086654,2026-01-17,861.58,Premium,Success
T0007208,U086658,2026-03-08,715.51,Pro,Success
T0007209,U086664,2026-01-15,657.56,Basic,Success
T0007210,U086667,2026-02-24,1064.75,Basic,Success
T0007211,U086702,2026-02-04,713.21,Basic,Success
T0007212,U086721,2026-02-15,874.27,Basic,Success
T0007213,U086753,2026-03-28,1390.63,Pro,Success
T0007214,U086786,2026-03-05,139.42,Premium,Success
T0007215,U086819,2026-03-09,1463.06,Basic,Success
T0007216,U086824,2026-02-07,1128.53,Pro,Success
T0007217,U086842,2026-03-09,320.51,Basic,Success
T0007218,U086854,2026-02-17,374.59,Pro,Success
T0007219,U086895,2026-03-18,591.94,Basic,Success
T0007220,U086904,2026-03-08,211.56,Basic,Success
T0007221,U086913,2026-03-27,1159.57,Basic,Success
T0007222,U086917,2026-01-26,1386.42,Premium,Success
T0007223,U086920,2026-01-08,530.46,Premium,Success
T0007224,U086923,2026-02-06,2162.58,Pro,Success
T0007225,U086933,2026-02-03,57.18,Pro,Success
T0007226,U086949,2026-02-26,277.14,Basic,Success
T0007227,U086960,2026-03-19,1625.35,Pro,Success
T0007228,U086962,2026-03-27,358.74,Basic,Success
T0007229,U086982,2026-03-08,891.93,Basic,Success
T0007230,U086996,2026-03-09,668.57,Pro,Success
T0007231,U087000,2026-02-21,331.54,Basic,Success
T0007232,U087045,2026-03-26,126.32,Basic,Failed
T0007233,U087049,2026-02-17,294.89,Premium,Success
T0007234,U087065,2026-03-10,863.08,Basic,Success
T0007235,U087084,2026-02-16,954.82,Pro,Failed
T0007236,U087092,2026-03-17,730.91,Basic,Success
T0007237,U087103,2026-02-15,392.93,Pro,Failed
T0007238,U087108,2026-03-25,289.77,Basic,Success
T0007239,U087134,2026-02-01,209.32,Basic,Success
T0007240,U087152,2026-03-02,1501.56,Pro,Success
T0007241,U087174,2026-03-07,2062.93,Basic,Success
T0007242,U087230,2026-03-20,289.29,Basic,Success
T0007243,U087231,2026-02-07,1297.26,Premium,Success
T0007244,U087236,2026-02-19,1361.87,Basic,Success
T0007245,U087242,2026-01-07,511.95,Pro,Success
T0007246,U087244,2026-04-02,576.89,Pro,Success
T0007247,U087265,2026-03-17,226.57,Premium,Success
T0007248,U087269,2026-04-07,673.64,Pro,Failed
T0007249,U087298,2026-01-27,911.76,Pro,Success
T0007250,U087311,2026-02-17,916.29,Basic,Success
T0007251,U087321,2026-04-12,286.3,Pro,Success
T0007252,U087330,2026-04-11,739.18,Basic,Success
T0007253,U087340,2026-01-22,475.39,Pro,Success
T0007254,U087343,2026-04-01,971.15,Pro,Success
T0007255,U087346,2026-02-07,807.31,Basic,Success
T0007256,U087371,2026-04-18,532.34,Basic,Success
T0007257,U087375,2026-03-28,672.33,Basic,Success
T0007258,U087396,2026-02-27,593.41,Basic,Success
T0007259,U087405,2026-04-11,848.34,Basic,Success
T0007260,U087413,2026-02-21,744.08,Premium,Success
T0007261,U087426,2026-02-03,433.71,Pro,Success
T0007262,U087432,2026-03-26,234.44,Basic,Success
T0007263,U087444,2026-04-07,375.01,Premium,Success
T0007264,U087461,2026-03-07,897.45,Pro,Success
T0007265,U087474,2026-02-22,933.31,Pro,Success
T0007266,U087475,2026-04-07,671.08,Basic,Failed
T0007267,U087491,2026-03-01,1106.96,Basic,Success
T0007268,U087498,2026-02-20,821.11,Basic,Success
T0007269,U087504,2026-01-25,869.54,Basic,Success
T0007270,U087510,2026-03-03,626.34,Premium,Success
T0007271,U087525,2026-01-12,1073.54,Premium,Success
T0007272,U087541,2026-04-04,99.07,Pro,Success
T0007273,U087544,2026-02-28,710.95,Basic,Success
T0007274,U087545,2026-04-02,946.71,Pro,Success
T0007275,U087546,2026-01-31,229.78,Pro,Success
T0007276,U087554,2026-03-31,1206.06,Pro,Success
T0007277,U087564,2026-04-23,422.71,Premium,Success
T0007278,U087569,2026-02-04,1290.1,Basic,Success
T0007279,U087584,2026-03-03,231.66,Pro,Success
T0007280,U087591,2026-03-03,1952.73,Pro,Success
T0007281,U087614,2026-02-10,1282.69,Premium,Success
T0007282,U087630,2026-04-15,543.91,Basic,Success
T0007283,U087633,2026-04-01,247.0,Premium,Success
T0007284,U087652,2026-02-26,656.5,Premium,Success
T0007285,U087662,2026-01-25,805.0,Premium,Success
T0007286,U087671,2026-02-01,721.36,Basic,Success
T0007287,U087692,2026-04-07,508.59,Pro,Success
T0007288,U087698,2026-04-05,578.69,Pro,Success
T0007289,U087725,2026-01-22,837.34,Pro,Success
T0007290,U087732,2026-03-22,708.73,Basic,Success
T0007291,U087752,2026-03-23,1275.93,Basic,Success
T0007292,U087757,2026-01-19,238.47,Basic,Success
T0007293,U087768,2026-03-17,508.83,Basic,Success
T0007294,U087771,2026-02-17,792.1,Pro,Failed
T0007295,U087779,2026-03-06,313.83,Basic,Success
T0007296,U087784,2026-03-24,264.08,Basic,Success
T0007297,U087788,2026-01-23,1136.01,Premium,Success
T0007298,U087796,2026-03-21,473.82,Basic,Success
T0007299,U087803,2026-01-25,961.74,Pro,Success
T0007300,U087808,2026-02-18,536.98,Premium,Failed
T0007301,U087818,2026-03-04,923.81,Basic,Success
T0007302,U087869,2026-03-17,346.27,Pro,Success
T0007303,U087880,2026-03-17,854.1,Basic,Success
T0007304,U087888,2026-02-17,643.39,Basic,Success
T0007305,U087889,2026-01-21,846.75,Basic,Success
T0007306,U087892,2026-02-16,215.08,Pro,Success
T0007307,U087893,2026-03-03,640.19,Premium,Success
T0007308,U087897,2026-04-04,1564.96,Pro,Success
T0007309,U087898,2026-04-10,279.54,Basic,Success
T0007310,U087903,2026-03-07,797.85,Basic,Success
T0007311,U087910,2026-01-30,366.26,Basic,Success
T0007312,U087919,2026-01-26,453.23,Basic,Success
T0007313,U087923,2026-02-25,236.18,Pro,Success
T0007314,U087930,2026-02-01,1151.39,Pro,Success
T0007315,U087933,2026-02-12,113.51,Basic,Success
T0007316,U087936,2026-01-25,443.2,Basic,Success
T0007317,U087939,2026-02-08,548.48,Basic,Failed
T0007318,U087951,2026-03-01,1141.33,Basic,Success
T0007319,U087956,2026-02-08,1028.66,Pro,Success
T0007320,U087962,2026-03-10,358.12,Pro,Success
T0007321,U087985,2026-04-04,531.22,Premium,Success
T0007322,U087991,2026-02-16,219.35,Basic,Success
T0007323,U088049,2026-04-22,350.86,Premium,Success
T0007324,U088053,2026-04-16,749.91,Basic,Success
T0007325,U088063,2026-02-25,387.99,Basic,Success
T0007326,U088092,2026-03-13,871.01,Basic,Success
T0007327,U088109,2026-02-22,1165.66,Premium,Success
T0007328,U088110,2026-03-11,760.31,Basic,Success
T0007329,U088128,2026-03-29,1747.14,Basic,Success
T0007330,U088132,2026-04-04,704.05,Basic,Success
T0007331,U088144,2026-04-03,775.91,Basic,Success
T0007332,U088153,2026-02-20,617.27,Premium,Success
T0007333,U088179,2026-03-08,1574.67,Premium,Success
T0007334,U088180,2026-04-02,693.4,Basic,Success
T0007335,U088190,2026-04-15,995.16,Basic,Success
T0007336,U088194,2026-04-20,426.95,Basic,Success
T0007337,U088201,2026-03-08,234.35,Basic,Success
T0007338,U088211,2026-03-07,346.95,Pro,Success
T0007339,U088225,2026-04-09,509.9,Basic,Success
T0007340,U088227,2026-01-26,424.09,Premium,Success
T0007341,U088235,2026-01-23,444.39,Premium,Success
T0007342,U088251,2026-01-30,372.79,Premium,Success
T0007343,U088253,2026-02-26,84.66,Basic,Success
T0007344,U088256,2026-03-09,276.15,Basic,Success
T0007345,U088257,2026-02-18,1215.51,Basic,Success
T0007346,U088262,2026-01-10,419.56,Pro,Success
T0007347,U088264,2026-02-17,605.37,Basic,Success
T0007348,U088280,2026-01-31,963.26,Premium,Success
T0007349,U088315,2026-03-10,656.58,Pro,Success
T0007350,U088322,2026-04-12,795.35,Premium,Success
T0007351,U088326,2026-03-18,1082.32,Pro,Success
T0007352,U088330,2026-04-10,,Basic,Success
T0007353,U088350,2026-04-07,655.15,Premium,Success
T0007354,U088368,2026-03-15,246.87,Pro,Success
T0007355,U088371,2026-03-28,601.74,Premium,Success
T0007356,U088374,2026-02-16,663.41,Pro,Success
T0007357,U088394,2026-03-06,1729.86,Basic,Success
T0007358,U088418,2026-02-12,1089.03,Premium,Failed
T0007359,U088436,2026-01-29,1774.61,Premium,Success
T0007360,U088445,2026-03-13,380.16,Basic,Success
T0007361,U088449,2026-03-26,2235.99,Premium,Success
T0007362,U088458,2026-02-08,375.76,Pro,Success
T0007363,U088474,2026-03-15,899.1,Pro,Success
T0007364,U088478,2026-01-21,727.21,Basic,Success
T0007365,U088479,2026-04-17,438.8,Premium,Success
T0007366,U088485,2026-03-27,1806.93,Basic,Success
T0007367,U088486,2026-02-11,559.26,Pro,Failed
T0007368,U088490,2026-04-06,682.84,Pro,Success
T0007369,U088495,2026-03-20,358.13,Basic,Success
T0007370,U088499,2026-03-25,323.77,Premium,Success
T0007371,U088504,2026-03-24,1038.9,Basic,Success
T0007372,U088511,2026-02-16,1404.42,Premium,Success
T0007373,U088534,2026-04-03,461.86,Basic,Success
T0007374,U088538,2026-01-26,1328.08,Pro,Success
T0007375,U088540,2026-02-10,766.72,Premium,Success
T0007376,U088557,2026-04-03,231.92,Pro,Success
T0007377,U088595,2026-02-24,248.32,Pro,Success
T0007378,U088603,2026-02-09,798.38,Basic,Success
T0007379,U088604,2026-03-02,881.46,Basic,Success
T0007380,U088613,2026-03-17,743.72,Pro,Success
T0007381,U088629,2026-03-20,956.55,Premium,Success
T0007382,U088663,2026-04-28,203.06,Basic,Success
T0007383,U088667,2026-04-01,484.18,Basic,Success
T0007384,U088670,2026-03-25,626.86,Basic,Failed
T0007385,U088671,2026-04-02,1355.82,Pro,Success
T0007386,U088678,2026-04-14,602.04,Basic,Success
T0007387,U088680,2026-01-10,229.57,Pro,Failed
T0007388,U088689,2026-01-21,1313.06,Basic,Success
T0007389,U088750,2026-04-02,1187.64,Pro,Success
T0007390,U088752,2026-03-01,632.64,Pro,Success
T0007391,U088753,2026-02-20,521.89,Basic,Success
T0007392,U088759,2026-02-12,225.35,Basic,Success
T0007393,U088760,2026-03-20,535.4,Basic,Failed
T0007394,U088768,2026-03-19,753.47,Pro,Success
T0007395,U088781,2026-03-17,1578.48,Premium,Success
T0007396,U088794,2026-02-10,520.34,Basic,Success
T0007397,U088813,2026-03-27,734.68,Pro,Success
T0007398,U088844,2026-01-13,853.49,Basic,Success
T0007399,U088845,2026-04-16,810.45,Basic,Success
T0007400,U088868,2026-01-31,594.6,Basic,Success
T0007401,U088905,2026-02-13,730.86,Basic,Success
T0007402,U088908,2026-03-20,312.75,Basic,Failed
T0007403,U088909,2026-04-27,400.85,Basic,Success
T0007404,U088948,2026-02-25,618.43,Basic,Success
T0007405,U088972,2026-03-28,396.14,Basic,Success
T0007406,U088976,2026-02-23,343.27,Basic,Success
T0007407,U088982,2026-01-29,1035.81,Basic,Success
T0007408,U088989,2026-02-16,527.2,Basic,Success
T0007409,U088994,2026-04-05,345.87,Pro,Success
T0007410,U089008,2026-02-13,1019.43,Basic,Success
T0007411,U089014,2026-01-22,346.76,Pro,Success
T0007412,U089020,2026-04-05,901.08,Basic,Success
T0007413,U089026,2026-03-17,619.36,Pro,Success
T0007414,U089041,2026-02-19,947.98,Basic,Failed
T0007415,U089108,2026-04-20,427.03,Pro,Success
T0007416,U089111,2026-04-09,362.44,Premium,Failed
T0007417,U089115,2026-04-13,541.65,Basic,Success
T0007418,U089118,2026-02-15,938.9,Premium,Success
T0007419,U089122,2026-02-15,349.47,Basic,Success
T0007420,U089153,2026-03-05,439.89,Pro,Success
T0007421,U089174,2026-04-02,790.84,Pro,Success
T0007422,U089246,2026-02-22,607.75,Pro,Success
T0007423,U089247,2026-04-08,259.89,Basic,Success
T0007424,U089258,2026-02-11,1596.88,Premium,Success
T0007425,U089263,2026-03-18,313.75,Pro,Success
T0007426,U089266,2026-03-10,272.98,Pro,Success
T0007427,U089276,2026-03-29,674.21,Basic,Success
T0007428,U089291,2026-02-11,264.66,Pro,Success
T0007429,U089315,2026-02-11,499.78,Pro,Success
T0007430,U089321,2026-02-18,884.83,Basic,Success
T0007431,U089330,2026-04-01,473.78,Pro,Success
T0007432,U089351,2026-04-12,1291.43,Premium,Success
T0007433,U089360,2026-02-26,246.13,Pro,Success
T0007434,U089361,2026-02-19,279.11,Basic,Success
T0007435,U089398,2026-03-20,442.93,Basic,Success
T0007436,U089406,2026-02-14,379.72,Pro,Success
T0007437,U089407,2026-02-05,,Pro,Success
T0007438,U089418,2026-03-14,1108.31,Basic,Success
T0007439,U089421,2026-03-17,765.89,Pro,Success
T0007440,U089439,2026-02-08,452.77,Pro,Success
T0007441,U089445,2026-01-29,655.06,Basic,Success
T0007442,U089463,2026-03-08,912.51,Premium,Success
T0007443,U089464,2026-04-06,890.9,Pro,Success
T0007444,U089467,2026-03-23,1459.76,Premium,Success
T0007445,U089477,2026-03-24,513.28,Premium,Failed
T0007446,U089480,2026-04-09,1336.36,Basic,Success
T0007447,U089485,2026-03-15,1542.92,Pro,Success
T0007448,U089493,2026-02-11,279.4,Pro,Failed
T0007449,U089511,2026-03-28,447.87,Basic,Success
T0007450,U089513,2026-03-03,662.66,Pro,Success
T0007451,U089519,2026-03-08,636.16,Pro,Failed
T0007452,U089520,2026-01-31,366.13,Pro,Success
T0007453,U089560,2026-02-05,555.54,Pro,Success
T0007454,U089565,2026-02-20,901.2,Basic,Success
T0007455,U089569,2026-03-07,1970.14,Basic,Success
T0007456,U089577,2026-03-03,751.83,Basic,Success
T0007457,U089612,2026-03-21,352.2,Basic,Success
T0007458,U089639,2026-03-15,182.79,Basic,Success
T0007459,U089640,2026-03-15,349.31,Basic,Success
T0007460,U089657,2026-04-04,437.98,Pro,Failed
T0007461,U089709,2026-01-18,1456.0,Basic,Success
T0007462,U089721,2026-03-01,380.85,Basic,Failed
T0007463,U089744,2026-01-20,522.85,Basic,Success
T0007464,U089756,2026-04-20,667.75,Basic,Success
T0007465,U089758,2026-02-11,306.78,Premium,Failed
T0007466,U089763,2026-02-20,867.09,Pro,Success
T0007467,U089806,2026-01-27,730.65,Pro,Success
T0007468,U089831,2026-02-02,734.16,Basic,Success
T0007469,U089835,2026-02-28,506.31,Pro,Success
T0007470,U089837,2026-04-14,218.24,Basic,Success
T0007471,U089844,2026-01-20,,Premium,Success
T0007472,U089866,2026-02-15,640.34,Pro,Failed
T0007473,U089874,2026-02-27,169.53,Premium,Failed
T0007474,U089885,2026-03-06,1155.11,Pro,Success
T0007475,U089924,2026-04-07,596.94,Pro,Success
T0007476,U089925,2026-03-19,278.89,Premium,Success
T0007477,U089934,2026-02-21,193.71,Pro,Success
T0007478,U089935,2026-03-12,1611.08,Basic,Success
T0007479,U089940,2026-04-06,751.95,Pro,Success
T0007480,U089944,2026-03-22,359.3,Basic,Success
T0007481,U089971,2026-03-21,277.85,Premium,Success
T0007482,U089983,2026-01-26,706.59,Basic,Success
T0007483,U089995,2026-02-11,220.74,Premium,Success
T0007484,U089997,2026-03-03,130.28,Basic,Success
T0007485,U090006,2026-01-12,1248.11,Pro,Success
T0007486,U090037,2026-02-20,288.84,Premium,Success
T0007487,U090049,2026-04-07,682.12,Basic,Success
T0007488,U090071,2026-04-01,720.82,Basic,Success
T0007489,U090121,2026-01-15,972.57,Basic,Success
T0007490,U090123,2026-03-27,977.55,Basic,Success
T0007491,U090130,2026-03-31,645.31,Pro,Failed
T0007492,U090157,2026-02-05,414.07,Basic,Success
T0007493,U090166,2026-03-13,606.35,Pro,Success
T0007494,U090182,2026-01-31,1541.61,Basic,Success
T0007495,U090193,2026-03-19,613.34,Pro,Success
T0007496,U090207,2026-02-07,872.51,Pro,Success
T0007497,U090232,2026-01-20,555.15,Basic,Success
T0007498,U090233,2026-01-15,909.73,Basic,Success
T0007499,U090243,2026-03-31,646.04,Pro,Success
T0007500,U090245,2026-02-10,1053.44,Basic,Success
T0007501,U090248,2026-03-19,248.23,Basic,Success
T0007502,U090266,2026-04-14,398.98,Basic,Success
T0007503,U090270,2026-03-25,447.91,Basic,Success
T0007504,U090296,2026-04-11,467.13,Basic,Success
T0007505,U090297,2026-02-13,715.32,Basic,Success
T0007506,U090301,2026-04-03,1066.0,Pro,Success
T0007507,U090306,2026-01-18,727.16,Pro,Success
T0007508,U090336,2026-03-14,859.38,Basic,Success
T0007509,U090341,2026-03-24,854.44,Pro,Success
T0007510,U090380,2026-02-19,465.0,Basic,Success
T0007511,U090385,2026-02-23,172.15,Premium,Success
T0007512,U090386,2026-02-16,496.45,Premium,Success
T0007513,U090389,2026-02-05,361.86,Basic,Success
T0007514,U090399,2026-01-18,1126.4,Basic,Success
T0007515,U090404,2026-03-04,893.94,Basic,Success
T0007516,U090413,2026-03-14,219.05,Basic,Success
T0007517,U090415,2026-02-18,749.45,Basic,Success
T0007518,U090430,2026-02-04,339.24,Pro,Success
T0007519,U090448,2026-02-09,1100.34,Premium,Success
T0007520,U090460,2026-03-26,342.41,Pro,Success
T0007521,U090463,2026-03-16,566.11,Pro,Success
T0007522,U090475,2026-01-26,757.74,Pro,Success
T0007523,U090486,2026-03-08,541.65,Pro,Success
T0007524,U090488,2026-02-28,634.58,Pro,Success
T0007525,U090495,2026-03-14,1361.0,Pro,Failed
T0007526,U090519,2026-01-07,881.48,Basic,Failed
T0007527,U090534,2026-04-11,512.04,Pro,Success
T0007528,U090549,2026-04-24,604.82,Basic,Success
T0007529,U090551,2026-03-15,136.98,Basic,Success
T0007530,U090562,2026-02-02,499.12,Basic,Success
T0007531,U090579,2026-03-10,539.93,Basic,Success
T0007532,U090600,2026-03-23,465.15,Premium,Success
T0007533,U090603,2026-03-29,607.18,Pro,Success
T0007534,U090604,2026-03-30,728.97,Basic,Success
T0007535,U090605,2026-02-12,760.85,Basic,Success
T0007536,U090608,2026-03-10,410.53,Pro,Success
T0007537,U090614,2026-03-18,324.03,Premium,Success
T0007538,U090641,2026-01-13,155.3,Basic,Success
T0007539,U090642,2026-03-20,634.08,Basic,Success
T0007540,U090665,2026-03-13,261.94,Basic,Failed
T0007541,U090681,2026-04-11,1552.04,Pro,Success
T0007542,U090682,2026-02-08,757.5,Premium,Success
T0007543,U090695,2026-02-19,352.26,Pro,Success
T0007544,U090719,2026-02-04,531.53,Basic,Success
T0007545,U090726,2026-01-26,526.94,Basic,Success
T0007546,U090739,2026-02-07,415.48,Pro,Success
T0007547,U090742,2026-03-07,1035.29,Basic,Success
T0007548,U090760,2026-01-28,1687.61,Basic,Success
T0007549,U090763,2026-02-10,461.34,Basic,Success
T0007550,U090784,2026-02-06,1135.36,Basic,Success
T0007551,U090790,2026-01-24,606.08,Basic,Success
T0007552,U090808,2026-03-07,412.11,Pro,Success
T0007553,U090809,2026-03-30,225.56,Pro,Success
T0007554,U090814,2026-03-27,347.14,Premium,Success
T0007555,U090851,2026-03-05,577.34,Basic,Failed
T0007556,U090878,2026-03-01,877.23,Basic,Success
T0007557,U090881,2026-03-25,667.82,Pro,Success
T0007558,U090913,2026-02-23,545.9,Pro,Success
T0007559,U090931,2026-03-30,623.23,Basic,Success
T0007560,U090932,2026-03-06,652.47,Pro,Success
T0007561,U090946,2026-04-05,864.2,Pro,Success
T0007562,U090976,2026-03-12,916.25,Pro,Success
T0007563,U090980,2026-02-24,196.65,Premium,Success
T0007564,U090984,2026-04-04,261.41,Pro,Success
T0007565,U090995,2026-04-02,217.98,Premium,Success
T0007566,U090998,2026-02-17,593.11,Basic,Success
T0007567,U091001,2026-03-13,1026.62,Pro,Success
T0007568,U091006,2026-02-05,1042.99,Pro,Success
T0007569,U091030,2026-01-26,431.56,Pro,Success
T0007570,U091032,2026-04-25,464.34,Pro,Success
T0007571,U091040,2026-02-26,1257.06,Pro,Success
T0007572,U091043,2026-03-03,235.1,Basic,Success
T0007573,U091048,2026-02-13,667.27,Pro,Success
T0007574,U091050,2026-01-10,825.5,Pro,Success
T0007575,U091055,2026-02-04,1207.69,Basic,Success
T0007576,U091056,2026-03-17,254.4,Premium,Success
T0007577,U091063,2026-03-20,966.98,Premium,Success
T0007578,U091064,2026-02-13,516.09,Pro,Success
T0007579,U091072,2026-02-20,574.04,Basic,Success
T0007580,U091084,2026-03-04,470.81,Pro,Success
T0007581,U091088,2026-04-23,410.77,Premium,Success
T0007582,U091089,2026-02-15,249.32,Basic,Success
T0007583,U091094,2026-02-20,827.31,Pro,Success
T0007584,U091096,2026-01-31,769.18,Pro,Success
T0007585,U091105,2026-02-07,614.21,Basic,Success
T0007586,U091113,2026-03-31,673.38,Basic,Success
T0007587,U091138,2026-03-14,1090.75,Pro,Success
T0007588,U091140,2026-02-21,426.29,Basic,Success
T0007589,U091153,2026-01-19,1174.25,Pro,Success
T0007590,U091157,2026-01-23,724.87,Pro,Success
T0007591,U091170,2026-03-10,712.53,Pro,Success
T0007592,U091180,2026-04-11,1046.74,Basic,Success
T0007593,U091188,2026-01-24,401.37,Pro,Success
T0007594,U091190,2026-02-09,150.66,Basic,Success
T0007595,U091194,2026-01-12,859.31,Premium,Success
T0007596,U091223,2026-02-02,520.48,Basic,Success
T0007597,U091229,2026-04-12,373.95,Premium,Success
T0007598,U091241,2026-02-22,,Pro,Success
T0007599,U091244,2026-02-16,211.1,Basic,Success
T0007600,U091257,2026-02-28,545.54,Pro,Success
T0007601,U091267,2026-04-09,151.39,Basic,Success
T0007602,U091277,2026-04-08,1420.33,Pro,Success
T0007603,U091299,2026-02-15,208.87,Pro,Success
T0007604,U091310,2026-03-03,1374.21,Pro,Success
T0007605,U091311,2026-02-27,713.3,Basic,Success
T0007606,U091319,2026-03-03,986.94,Basic,Success
T0007607,U091335,2026-01-09,303.41,Pro,Success
T0007608,U091350,2026-02-17,187.09,Basic,Success
T0007609,U091382,2026-04-26,452.5,Basic,Success
T0007610,U091390,2026-02-01,332.07,Basic,Success
T0007611,U091403,2026-02-17,606.03,Premium,Success
T0007612,U091404,2026-02-26,319.28,Basic,Success
T0007613,U091407,2026-02-04,878.72,Basic,Success
T0007614,U091408,2026-04-07,373.22,Basic,Success
T0007615,U091417,2026-04-12,1103.94,Pro,Success
T0007616,U091426,2026-02-07,1108.67,Basic,Success
T0007617,U091434,2026-01-12,349.05,Premium,Success
T0007618,U091467,2026-02-17,592.72,Basic,Success
T0007619,U091469,2026-01-13,487.34,Pro,Success
T0007620,U091473,2026-04-22,749.75,Basic,Success
T0007621,U091474,2026-04-23,248.7,Basic,Success
T0007622,U091483,2026-03-27,597.18,Basic,Success
T0007623,U091488,2026-01-31,431.9,Pro,Success
T0007624,U091493,2026-02-20,50.14,Basic,Success
T0007625,U091496,2026-03-05,799.35,Basic,Success
T0007626,U091498,2026-02-04,375.61,Basic,Success
T0007627,U091535,2026-03-12,558.76,Pro,Success
T0007628,U091542,2026-01-23,586.03,Basic,Success
T0007629,U091571,2026-03-03,1782.16,Pro,Success
T0007630,U091585,2026-02-05,1189.32,Basic,Success
T0007631,U091592,2026-02-21,338.01,Basic,Success
T0007632,U091603,2026-03-09,949.23,Pro,Success
T0007633,U091609,2026-04-20,582.67,Basic,Success
T0007634,U091610,2026-03-16,76.41,Pro,Failed
T0007635,U091611,2026-04-01,646.06,Pro,Success
T0007636,U091615,2026-02-04,74.79,Premium,Success
T0007637,U091621,2026-03-07,402.25,Pro,Success
T0007638,U091627,2026-03-11,798.56,Basic,Success
T0007639,U091647,2026-02-09,464.93,Premium,Failed
T0007640,U091653,2026-02-10,642.17,Basic,Success
T0007641,U091654,2026-02-26,224.27,Pro,Success
T0007642,U091662,2026-04-18,867.24,Premium,Success
T0007643,U091665,2026-01-26,755.67,Basic,Success
T0007644,U091698,2026-03-06,819.95,Basic,Success
T0007645,U091703,2026-03-13,595.71,Basic,Success
T0007646,U091718,2026-02-13,1272.89,Pro,Success
T0007647,U091735,2026-03-30,1325.09,Pro,Success
T0007648,U091740,2026-04-01,822.96,Basic,Success
T0007649,U091748,2026-02-18,401.42,Basic,Success
T0007650,U091760,2026-02-26,747.31,Basic,Success
T0007651,U091765,2026-02-26,801.48,Pro,Success
T0007652,U091766,2026-04-07,890.31,Basic,Success
T0007653,U091774,2026-04-21,211.02,Basic,Success
T0007654,U091790,2026-03-29,2156.89,Pro,Success
T0007655,U091793,2026-01-15,1184.32,Premium,Success
T0007656,U091830,2026-02-21,566.0,Basic,Failed
T0007657,U091832,2026-03-19,168.27,Premium,Success
T0007658,U091852,2026-02-20,1705.53,Basic,Success
T0007659,U091856,2026-01-28,427.87,Pro,Success
T0007660,U091857,2026-04-05,175.07,Pro,Success
T0007661,U091861,2026-04-03,,Basic,Success
T0007662,U091872,2026-01-28,876.07,Basic,Success
T0007663,U091879,2026-03-03,112.81,Basic,Success
T0007664,U091891,2026-02-23,422.16,Basic,Success
T0007665,U091913,2026-02-06,373.34,Basic,Success
T0007666,U091922,2026-02-20,548.52,Pro,Success
T0007667,U091939,2026-02-15,60.04,Pro,Success
T0007668,U091977,2026-03-12,111.06,Pro,Success
T0007669,U091984,2026-03-24,317.4,Premium,Success
T0007670,U092006,2026-04-03,872.1,Pro,Success
T0007671,U092015,2026-02-21,984.47,Basic,Success
T0007672,U092029,2026-03-11,289.64,Premium,Success
T0007673,U092053,2026-02-08,311.2,Pro,Success
T0007674,U092059,2026-04-12,1136.19,Basic,Success
T0007675,U092081,2026-04-16,432.9,Pro,Success
T0007676,U092090,2026-02-26,701.78,Basic,Success
T0007677,U092103,2026-03-08,766.2,Premium,Success
T0007678,U092105,2026-04-03,346.23,Pro,Success
T0007679,U092113,2026-02-20,402.18,Basic,Success
T0007680,U092121,2026-02-09,554.43,Basic,Success
T0007681,U092125,2026-02-03,921.31,Basic,Success
T0007682,U092137,2026-02-11,490.17,Pro,Success
T0007683,U092184,2026-03-01,739.41,Basic,Success
T0007684,U092187,2026-02-09,194.08,Basic,Success
T0007685,U092196,2026-01-22,995.93,Basic,Success
T0007686,U092199,2026-03-18,763.31,Basic,Success
T0007687,U092210,2026-04-03,1466.72,Basic,Success
T0007688,U092212,2026-01-20,549.03,Pro,Success
T0007689,U092214,2026-02-23,285.47,Basic,Success
T0007690,U092218,2026-02-21,859.91,Basic,Success
T0007691,U092221,2026-04-07,1876.81,Basic,Success
T0007692,U092256,2026-04-26,386.86,Basic,Failed
T0007693,U092263,2026-01-30,241.73,Pro,Success
T0007694,U092271,2026-01-25,565.18,Basic,Success
T0007695,U092277,2026-02-28,658.38,Pro,Success
T0007696,U092285,2026-02-18,438.36,Pro,Success
T0007697,U092290,2026-03-09,853.55,Basic,Success
T0007698,U092328,2026-04-11,986.03,Basic,Success
T0007699,U092329,2026-03-03,1102.23,Pro,Success
T0007700,U092349,2026-01-06,1188.12,Pro,Success
T0007701,U092355,2026-03-01,275.25,Basic,Success
T0007702,U092361,2026-02-13,124.46,Basic,Success
T0007703,U092380,2026-03-17,1158.68,Basic,Success
T0007704,U092390,2026-01-26,806.9,Basic,Success
T0007705,U092398,2026-04-06,349.45,Basic,Success
T0007706,U092403,2026-04-25,556.83,Pro,Success
T0007707,U092418,2026-04-22,606.87,Premium,Success
T0007708,U092420,2026-02-02,436.98,Pro,Success
T0007709,U092423,2026-02-06,1072.67,Basic,Success
T0007710,U092424,2026-02-26,489.1,Basic,Success
T0007711,U092441,2026-03-18,75.93,Pro,Success
T0007712,U092453,2026-01-15,440.86,Premium,Success
T0007713,U092482,2026-02-21,248.29,Basic,Success
T0007714,U092488,2026-04-16,1220.28,Basic,Success
T0007715,U092501,2026-02-21,875.75,Basic,Success
T0007716,U092510,2026-03-31,516.75,Basic,Success
T0007717,U092521,2026-04-02,766.98,Basic,Success
T0007718,U092530,2026-03-30,710.99,Pro,Success
T0007719,U092531,2026-02-16,1386.33,Pro,Failed
T0007720,U092534,2026-02-13,664.98,Basic,Success
T0007721,U092538,2026-03-30,1207.77,Basic,Success
T0007722,U092546,2026-03-18,281.08,Premium,Success
T0007723,U092590,2026-03-14,215.47,Basic,Failed
T0007724,U092630,2026-02-22,419.0,Basic,Success
T0007725,U092635,2026-02-17,1089.54,Basic,Success
T0007726,U092651,2026-03-16,223.35,Basic,Success
T0007727,U092657,2026-02-26,354.45,Pro,Success
T0007728,U092666,2026-02-10,409.6,Basic,Success
T0007729,U092670,2026-03-28,828.15,Pro,Success
T0007730,U092678,2026-03-03,851.68,Basic,Success
T0007731,U092734,2026-03-31,428.32,Premium,Success
T0007732,U092746,2026-02-12,1368.03,Pro,Success
T0007733,U092771,2026-03-04,715.83,Premium,Success
T0007734,U092776,2026-02-05,1498.56,Pro,Success
T0007735,U092778,2026-02-10,434.16,Basic,Success
T0007736,U092791,2026-01-28,565.0,Basic,Success
T0007737,U092812,2026-04-20,427.88,Premium,Success
T0007738,U092822,2026-01-16,576.09,Premium,Success
T0007739,U092868,2026-04-16,658.5,Pro,Success
T0007740,U092892,2026-03-24,1254.79,Basic,Success
T0007741,U092918,2026-04-19,342.18,Pro,Success
T0007742,U092920,2026-02-28,747.22,Pro,Success
T0007743,U092921,2026-01-19,805.65,Pro,Success
T0007744,U092931,2026-01-23,317.35,Pro,Success
T0007745,U092952,2026-04-15,531.56,Pro,Success
T0007746,U092980,2026-03-27,323.7,Pro,Failed
T0007747,U092981,2026-02-17,572.82,Pro,Success
T0007748,U092982,2026-04-04,507.95,Pro,Success
T0007749,U092996,2026-03-28,199.14,Basic,Success
T0007750,U093001,2026-03-05,1448.17,Premium,Success
T0007751,U093006,2026-03-14,213.11,Premium,Success
T0007752,U093028,2026-03-04,566.94,Basic,Success
T0007753,U093041,2026-03-15,979.69,Pro,Success
T0007754,U093053,2026-01-21,139.74,Basic,Success
T0007755,U093054,2026-04-19,1009.42,Premium,Success
T0007756,U093060,2026-02-06,959.67,Pro,Success
T0007757,U093081,2026-02-17,593.95,Pro,Success
T0007758,U093131,2026-04-06,511.59,Pro,Success
T0007759,U093140,2026-02-07,799.55,Pro,Success
T0007760,U093148,2026-03-03,366.1,Basic,Success
T0007761,U093159,2026-02-21,675.14,Basic,Success
T0007762,U093163,2026-02-24,501.51,Basic,Success
T0007763,U093167,2026-03-05,656.03,Pro,Success
T0007764,U093187,2026-02-03,411.69,Premium,Success
T0007765,U093197,2026-04-05,735.28,Basic,Success
T0007766,U093201,2026-02-18,269.26,Basic,Success
T0007767,U093229,2026-03-18,618.36,Basic,Success
T0007768,U093234,2026-04-24,614.07,Basic,Success
T0007769,U093250,2026-04-25,406.59,Basic,Success
T0007770,U093263,2026-04-09,936.98,Pro,Success
T0007771,U093266,2026-04-15,625.89,Basic,Success
T0007772,U093279,2026-02-07,,Pro,Success
T0007773,U093286,2026-03-02,183.07,Pro,Failed
T0007774,U093307,2026-04-25,424.23,Pro,Success
T0007775,U093350,2026-03-20,42.35,Pro,Success
T0007776,U093352,2026-03-29,691.44,Pro,Success
T0007777,U093362,2026-02-07,476.58,Basic,Success
T0007778,U093367,2026-01-18,938.48,Premium,Success
T0007779,U093379,2026-02-26,351.06,Basic,Success
T0007780,U093380,2026-02-02,678.9,Premium,Success
T0007781,U093407,2026-02-04,275.85,Basic,Success
T0007782,U093431,2026-03-06,897.76,Premium,Success
T0007783,U093438,2026-02-20,564.77,Premium,Success
T0007784,U093451,2026-02-21,687.76,Premium,Success
T0007785,U093476,2026-01-11,740.57,Premium,Success
T0007786,U093490,2026-02-24,668.1,Pro,Success
T0007787,U093527,2026-01-22,1661.15,Basic,Success
T0007788,U093583,2026-04-07,919.92,Basic,Success
T0007789,U093586,2026-02-27,875.6,Basic,Success
T0007790,U093592,2026-04-21,1374.92,Basic,Success
T0007791,U093605,2026-01-28,944.31,Basic,Success
T0007792,U093607,2026-04-10,429.08,Premium,Success
T0007793,U093608,2026-04-03,1192.04,Premium,Success
T0007794,U093616,2026-02-21,303.8,Pro,Success
T0007795,U093619,2026-03-19,877.9,Basic,Success
T0007796,U093637,2026-03-05,412.26,Premium,Success
T0007797,U093647,2026-02-23,181.72,Basic,Success
T0007798,U093662,2026-04-20,1747.61,Basic,Success
T0007799,U093666,2026-02-26,288.57,Basic,Success
T0007800,U093679,2026-02-07,1001.64,Pro,Success
T0007801,U093680,2026-04-08,273.13,Basic,Success
T0007802,U093704,2026-03-06,845.18,Pro,Success
T0007803,U093708,2026-03-13,1112.46,Pro,Success
T0007804,U093709,2026-03-11,446.5,Basic,Success
T0007805,U093726,2026-04-19,120.7,Basic,Success
T0007806,U093729,2026-02-10,921.68,Basic,Success
T0007807,U093730,2026-02-26,336.57,Basic,Success
T0007808,U093737,2026-03-24,666.19,Pro,Success
T0007809,U093742,2026-03-18,154.5,Basic,Success
T0007810,U093762,2026-03-22,678.92,Basic,Success
T0007811,U093788,2026-03-16,223.61,Basic,Failed
T0007812,U093798,2026-04-04,449.43,Premium,Success
T0007813,U093799,2026-01-19,269.72,Basic,Success
T0007814,U093813,2026-01-19,316.92,Basic,Success
T0007815,U093818,2026-02-10,408.07,Basic,Success
T0007816,U093845,2026-02-04,1021.47,Basic,Success
T0007817,U093874,2026-03-22,1049.84,Pro,Success
T0007818,U093900,2026-03-05,200.11,Basic,Success
T0007819,U093905,2026-04-03,786.79,Pro,Success
T0007820,U093914,2026-03-13,785.06,Pro,Success
T0007821,U093928,2026-03-02,393.46,Pro,Success
T0007822,U093963,2026-03-14,704.55,Pro,Success
T0007823,U093967,2026-03-04,290.18,Basic,Success
T0007824,U093969,2026-01-25,1080.18,Basic,Success
T0007825,U094017,2026-03-21,313.48,Basic,Success
T0007826,U094019,2026-02-15,555.87,Basic,Success
T0007827,U094021,2026-04-10,1261.35,Basic,Success
T0007828,U094023,2026-02-19,1407.57,Basic,Success
T0007829,U094024,2026-03-02,880.12,Pro,Failed
T0007830,U094035,2026-01-19,594.31,Pro,Success
T0007831,U094038,2026-01-27,735.35,Basic,Success
T0007832,U094043,2026-02-22,1291.22,Basic,Success
T0007833,U094046,2026-03-08,499.32,Basic,Success
T0007834,U094049,2026-03-15,528.76,Pro,Success
T0007835,U094059,2026-03-10,658.11,Basic,Success
T0007836,U094064,2026-04-27,380.04,Basic,Success
T0007837,U094076,2026-03-22,440.32,Basic,Success
T0007838,U094090,2026-03-14,568.25,Pro,Failed
T0007839,U094116,2026-03-08,187.73,Basic,Success
T0007840,U094126,2026-03-29,248.47,Pro,Failed
T0007841,U094146,2026-02-01,671.67,Pro,Success
T0007842,U094150,2026-02-18,241.07,Premium,Success
T0007843,U094169,2026-03-22,1006.46,Pro,Success
T0007844,U094181,2026-03-14,1243.16,Premium,Success
T0007845,U094183,2026-03-12,716.52,Pro,Success
T0007846,U094189,2026-02-09,748.95,Pro,Success
T0007847,U094197,2026-02-23,178.45,Basic,Success
T0007848,U094198,2026-03-02,917.63,Basic,Success
T0007849,U094201,2026-01-14,228.79,Basic,Success
T0007850,U094205,2026-04-22,715.0,Basic,Success
T0007851,U094210,2026-03-14,406.93,Pro,Success
T0007852,U094211,2026-01-24,245.96,Premium,Success
T0007853,U094216,2026-02-21,880.36,Basic,Success
T0007854,U094222,2026-04-08,406.34,Pro,Success
T0007855,U094224,2026-03-07,678.58,Basic,Success
T0007856,U094231,2026-03-29,1036.38,Basic,Success
T0007857,U094236,2026-02-19,503.55,Basic,Success
T0007858,U094272,2026-02-20,254.66,Basic,Success
T0007859,U094287,2026-02-25,1814.9,Pro,Success
T0007860,U094298,2026-02-05,315.17,Basic,Success
T0007861,U094305,2026-02-18,704.52,Basic,Success
T0007862,U094321,2026-04-11,667.12,Pro,Success
T0007863,U094327,2026-01-26,924.08,Premium,Success
T0007864,U094354,2026-03-01,377.05,Pro,Success
T0007865,U094355,2026-03-11,159.13,Pro,Success
T0007866,U094365,2026-04-19,518.08,Basic,Success
T0007867,U094373,2026-02-27,450.06,Basic,Success
T0007868,U094374,2026-03-15,389.61,Premium,Success
T0007869,U094381,2026-02-27,418.55,Basic,Success
T0007870,U094398,2026-03-20,594.74,Basic,Success
T0007871,U094402,2026-02-25,682.33,Basic,Success
T0007872,U094417,2026-02-06,500.04,Basic,Success
T0007873,U094440,2026-01-28,919.58,Basic,Success
T0007874,U094450,2026-03-27,955.95,Pro,Success
T0007875,U094457,2026-03-03,609.57,Pro,Failed
T0007876,U094466,2026-03-20,894.92,Basic,Success
T0007877,U094507,2026-04-18,1079.1,Basic,Success
T0007878,U094517,2026-01-27,1014.57,Basic,Success
T0007879,U094523,2026-02-01,710.61,Basic,Success
T0007880,U094530,2026-02-05,555.03,Premium,Success
T0007881,U094546,2026-04-05,739.31,Basic,Failed
T0007882,U094556,2026-03-14,379.28,Pro,Success
T0007883,U094562,2026-02-16,463.27,Basic,Success
T0007884,U094587,2026-01-29,1251.16,Basic,Success
T0007885,U094606,2026-01-26,658.79,Pro,Success
T0007886,U094607,2026-03-16,465.36,Basic,Success
T0007887,U094637,2026-03-27,342.95,Pro,Success
T0007888,U094653,2026-03-07,240.12,Premium,Success
T0007889,U094657,2026-02-14,459.47,Pro,Success
T0007890,U094660,2026-01-14,1763.94,Basic,Success
T0007891,U094669,2026-02-01,1742.66,Premium,Success
T0007892,U094695,2026-04-10,827.14,Basic,Success
T0007893,U094714,2026-01-30,1511.35,Basic,Success
T0007894,U094739,2026-01-27,535.62,Basic,Success
T0007895,U094760,2026-03-07,529.3,Pro,Success
T0007896,U094796,2026-01-17,1232.55,Pro,Success
T0007897,U094797,2026-03-16,731.91,Basic,Success
T0007898,U094805,2026-02-26,1280.12,Basic,Success
T0007899,U094810,2026-02-17,1176.35,Pro,Success
T0007900,U094815,2026-04-10,307.92,Basic,Success
T0007901,U094822,2026-04-03,241.85,Basic,Success
T0007902,U094826,2026-01-24,984.2,Basic,Success
T0007903,U094848,2026-04-06,876.32,Pro,Success
T0007904,U094856,2026-01-25,266.78,Basic,Success
T0007905,U094909,2026-02-03,490.41,Pro,Success
T0007906,U094924,2026-04-26,1196.17,Basic,Success
T0007907,U094931,2026-01-23,606.49,Basic,Success
T0007908,U094944,2026-03-30,397.59,Basic,Success
T0007909,U094955,2026-01-15,797.21,Basic,Success
T0007910,U094967,2026-02-26,366.86,Basic,Success
T0007911,U095016,2026-03-18,738.03,Basic,Failed
T0007912,U095017,2026-01-19,475.59,Pro,Success
T0007913,U095027,2026-03-28,365.49,Premium,Success
T0007914,U095032,2026-04-04,186.89,Premium,Success
T0007915,U095034,2026-03-01,237.99,Basic,Success
T0007916,U095043,2026-01-16,168.47,Basic,Success
T0007917,U095048,2026-02-21,1198.81,Basic,Success
T0007918,U095073,2026-03-14,1157.0,Pro,Success
T0007919,U095076,2026-03-28,655.0,Pro,Success
T0007920,U095080,2026-03-02,664.6,Basic,Success
T0007921,U095097,2026-02-21,689.23,Pro,Success
T0007922,U095105,2026-01-25,355.19,Basic,Success
T0007923,U095115,2026-03-09,1283.15,Basic,Success
T0007924,U095143,2026-04-15,971.63,Premium,Success
T0007925,U095145,2026-01-27,953.29,Premium,Failed
T0007926,U095156,2026-02-22,194.58,Basic,Success
T0007927,U095171,2026-03-16,1137.46,Pro,Success
T0007928,U095188,2026-03-13,896.56,Basic,Success
T0007929,U095200,2026-04-01,638.06,Pro,Success
T0007930,U095202,2026-01-19,1412.5,Pro,Success
T0007931,U095204,2026-02-28,424.78,Basic,Success
T0007932,U095222,2026-02-24,809.79,Pro,Success
T0007933,U095223,2026-03-06,849.95,Pro,Success
T0007934,U095246,2026-03-10,828.34,Basic,Success
T0007935,U095259,2026-03-05,1213.83,Pro,Success
T0007936,U095261,2026-02-05,501.87,Pro,Success
T0007937,U095265,2026-03-05,,Pro,Success
T0007938,U095273,2026-04-13,416.47,Basic,Success
T0007939,U095275,2026-04-16,645.15,Premium,Success
T0007940,U095298,2026-02-17,364.4,Pro,Failed
T0007941,U095313,2026-01-28,829.7,Pro,Success
T0007942,U095316,2026-02-06,164.51,Basic,Success
T0007943,U095342,2026-01-23,406.91,Basic,Success
T0007944,U095378,2026-03-26,833.59,Basic,Success
T0007945,U095390,2026-01-17,618.7,Basic,Success
T0007946,U095431,2026-03-16,1118.2,Basic,Success
T0007947,U095461,2026-04-10,2163.26,Pro,Success
T0007948,U095462,2026-01-30,891.51,Basic,Success
T0007949,U095476,2026-01-06,702.16,Pro,Success
T0007950,U095486,2026-02-15,355.73,Premium,Success
T0007951,U095501,2026-03-22,1488.57,Basic,Success
T0007952,U095513,2026-03-14,187.41,Pro,Success
T0007953,U095531,2026-03-05,711.11,Basic,Success
T0007954,U095532,2026-04-17,569.99,Basic,Success
T0007955,U095547,2026-02-02,260.74,Basic,Success
T0007956,U095550,2026-02-16,606.57,Basic,Success
T0007957,U095551,2026-03-13,421.62,Basic,Success
T0007958,U095552,2026-04-12,197.69,Basic,Success
T0007959,U095555,2026-04-22,598.93,Pro,Success
T0007960,U095561,2026-02-16,475.24,Basic,Success
T0007961,U095576,2026-03-01,167.75,Basic,Success
T0007962,U095582,2026-04-05,172.82,Basic,Success
T0007963,U095586,2026-01-05,671.57,Pro,Success
T0007964,U095592,2026-01-22,461.65,Basic,Success
T0007965,U095596,2026-03-21,481.53,Basic,Success
T0007966,U095598,2026-03-12,1336.28,Pro,Success
T0007967,U095603,2026-04-19,612.2,Premium,Success
T0007968,U095616,2026-02-16,506.17,Basic,Success
T0007969,U095619,2026-04-14,191.25,Pro,Success
T0007970,U095620,2026-03-03,707.08,Pro,Success
T0007971,U095626,2026-03-10,422.3,Basic,Success
T0007972,U095654,2026-03-04,499.83,Basic,Success
T0007973,U095663,2026-04-17,637.15,Premium,Success
T0007974,U095665,2026-03-06,288.39,Basic,Success
T0007975,U095666,2026-02-17,1157.49,Premium,Success
T0007976,U095669,2026-03-18,575.92,Basic,Success
T0007977,U095677,2026-01-13,,Pro,Success
T0007978,U095682,2026-03-17,921.37,Basic,Success
T0007979,U095692,2026-03-16,622.05,Pro,Success
T0007980,U095697,2026-04-09,277.02,Basic,Failed
T0007981,U095702,2026-04-05,296.79,Pro,Success
T0007982,U095723,2026-02-23,519.03,Basic,Success
T0007983,U095730,2026-01-20,215.1,Pro,Success
T0007984,U095742,2026-02-09,341.7,Basic,Success
T0007985,U095744,2026-02-16,,Premium,Success
T0007986,U095746,2026-03-07,,Basic,Success
T0007987,U095747,2026-04-07,702.94,Basic,Success
T0007988,U095759,2026-04-01,655.13,Basic,Success
T0007989,U095775,2026-03-02,1310.27,Premium,Success
T0007990,U095777,2026-03-13,954.75,Pro,Success
T0007991,U095779,2026-04-21,958.54,Pro,Success
T0007992,U095780,2026-04-04,932.52,Pro,Success
T0007993,U095788,2026-03-09,269.16,Basic,Success
T0007994,U095805,2026-01-15,257.39,Basic,Success
T0007995,U095820,2026-03-25,400.59,Pro,Success
T0007996,U095825,2026-04-17,942.09,Basic,Success
T0007997,U095840,2026-03-24,1101.02,Premium,Success
T0007998,U095842,2026-04-03,832.65,Pro,Success
T0007999,U095843,2026-03-27,652.53,Pro,Success
T0008000,U095854,2026-02-12,696.96,Basic,Success
T0008001,U095865,2026-01-17,1227.74,Basic,Success
T0008002,U095880,2026-03-15,260.8,Basic,Success
T0008003,U095899,2026-02-06,241.32,Basic,Success
T0008004,U095901,2026-01-27,463.37,Basic,Success
T0008005,U095921,2026-01-27,519.92,Basic,Success
T0008006,U095926,2026-02-09,663.48,Premium,Success
T0008007,U095930,2026-01-25,1228.14,Basic,Success
T0008008,U095934,2026-02-23,396.0,Pro,Success
T0008009,U095956,2026-03-02,1235.45,Basic,Success
T0008010,U095993,2026-02-22,779.78,Basic,Success
T0008011,U095997,2026-03-18,1394.03,Pro,Success
T0008012,U095998,2026-02-18,407.64,Basic,Success
T0008013,U096010,2026-02-09,1028.9,Pro,Success
T0008014,U096014,2026-02-16,985.58,Pro,Failed
T0008015,U096016,2026-01-21,684.98,Basic,Success
T0008016,U096036,2026-02-09,447.49,Basic,Success
T0008017,U096055,2026-04-22,860.27,Pro,Success
T0008018,U096061,2026-01-15,1016.38,Pro,Success
T0008019,U096067,2026-01-29,563.62,Pro,Success
T0008020,U096072,2026-03-17,1008.38,Pro,Success
T0008021,U096077,2026-02-28,337.83,Basic,Failed
T0008022,U096095,2026-02-07,1341.17,Basic,Success
T0008023,U096111,2026-03-27,624.94,Premium,Success
T0008024,U096113,2026-03-10,416.44,Premium,Success
T0008025,U096116,2026-02-24,1418.02,Pro,Failed
T0008026,U096128,2026-03-11,1331.79,Premium,Success
T0008027,U096129,2026-02-10,1218.26,Basic,Success
T0008028,U096142,2026-04-25,332.75,Pro,Success
T0008029,U096168,2026-03-14,414.56,Basic,Success
T0008030,U096207,2026-01-29,342.42,Pro,Success
T0008031,U096211,2026-03-10,1099.07,Basic,Success
T0008032,U096222,2026-04-11,475.49,Basic,Success
T0008033,U096229,2026-02-05,1225.67,Basic,Success
T0008034,U096240,2026-04-08,830.18,Basic,Success
T0008035,U096241,2026-01-25,651.22,Basic,Success
T0008036,U096250,2026-04-01,194.75,Basic,Success
T0008037,U096261,2026-03-15,543.16,Basic,Success
T0008038,U096272,2026-03-02,642.69,Pro,Failed
T0008039,U096278,2026-04-10,676.14,Basic,Success
T0008040,U096289,2026-02-04,539.02,Pro,Success
T0008041,U096343,2026-03-03,904.9,Basic,Success
T0008042,U096366,2026-02-21,1000.45,Premium,Success
T0008043,U096368,2026-02-23,553.49,Basic,Success
T0008044,U096394,2026-03-19,792.32,Basic,Failed
T0008045,U096409,2026-01-27,365.89,Premium,Failed
T0008046,U096420,2026-02-04,416.73,Premium,Success
T0008047,U096424,2026-02-24,347.21,Basic,Success
T0008048,U096425,2026-03-31,267.35,Basic,Failed
T0008049,U096443,2026-04-09,1989.21,Pro,Success
T0008050,U096446,2026-04-08,607.05,Basic,Failed
T0008051,U096452,2026-01-26,475.72,Pro,Success
T0008052,U096480,2026-03-05,550.0,Basic,Success
T0008053,U096487,2026-03-12,,Basic,Success
T0008054,U096506,2026-02-19,1080.73,Pro,Success
T0008055,U096509,2026-03-25,1196.62,Pro,Success
T0008056,U096518,2026-02-25,554.89,Basic,Success
T0008057,U096519,2026-03-08,805.9,Pro,Success
T0008058,U096522,2026-03-07,408.9,Pro,Success
T0008059,U096537,2026-04-14,729.42,Premium,Success
T0008060,U096576,2026-02-23,666.92,Pro,Success
T0008061,U096597,2026-04-18,822.69,Pro,Success
T0008062,U096610,2026-03-15,328.23,Basic,Failed
T0008063,U096617,2026-02-07,1222.6,Basic,Success
T0008064,U096628,2026-02-08,1325.29,Premium,Success
T0008065,U096630,2026-03-13,676.41,Basic,Success
T0008066,U096631,2026-02-23,342.6,Premium,Success
T0008067,U096635,2026-03-12,523.89,Premium,Success
T0008068,U096637,2026-03-01,581.22,Premium,Success
T0008069,U096646,2026-02-21,381.01,Premium,Success
T0008070,U096648,2026-03-24,377.32,Basic,Success
T0008071,U096651,2026-04-02,1025.31,Pro,Success
T0008072,U096668,2026-02-08,590.47,Basic,Success
T0008073,U096674,2026-03-02,1115.03,Basic,Success
T0008074,U096682,2026-04-25,1441.62,Basic,Success
T0008075,U096697,2026-04-09,1224.13,Pro,Success
T0008076,U096700,2026-02-02,1145.02,Basic,Success
T0008077,U096707,2026-02-14,294.02,Basic,Success
T0008078,U096709,2026-02-13,517.47,Basic,Failed
T0008079,U096714,2026-03-13,464.98,Basic,Success
T0008080,U096729,2026-02-07,497.95,Pro,Success
T0008081,U096733,2026-04-08,845.06,Premium,Success
T0008082,U096739,2026-02-24,1093.7,Pro,Success
T0008083,U096743,2026-04-23,305.66,Pro,Success
T0008084,U096757,2026-02-05,276.67,Basic,Success
T0008085,U096758,2026-01-19,404.76,Pro,Success
T0008086,U096762,2026-03-21,543.22,Pro,Success
T0008087,U096774,2026-02-09,762.08,Basic,Success
T0008088,U096785,2026-03-24,535.16,Premium,Success
T0008089,U096787,2026-04-05,680.02,Basic,Success
T0008090,U096813,2026-04-23,271.49,Pro,Success
T0008091,U096830,2026-01-09,1608.24,Basic,Success
T0008092,U096845,2026-04-08,611.09,Basic,Success
T0008093,U096847,2026-01-27,692.27,Basic,Success
T0008094,U096867,2026-03-19,1087.73,Premium,Success
T0008095,U096879,2026-04-09,483.05,Basic,Success
T0008096,U096908,2026-02-21,933.91,Pro,Success
T0008097,U096913,2026-02-17,682.62,Pro,Success
T0008098,U096937,2026-02-25,519.74,Pro,Success
T0008099,U096962,2026-01-19,651.0,Basic,Success
T0008100,U096970,2026-03-30,362.16,Pro,Success
T0008101,U096972,2026-01-26,130.4,Pro,Success
T0008102,U096993,2026-02-07,1068.82,Basic,Success
T0008103,U097005,2026-04-06,751.33,Pro,Success
T0008104,U097032,2026-04-23,284.56,Pro,Success
T0008105,U097041,2026-01-30,1407.42,Premium,Success
T0008106,U097063,2026-02-01,1197.01,Basic,Success
T0008107,U097090,2026-04-01,699.12,Pro,Success
T0008108,U097109,2026-02-17,672.99,Pro,Success
T0008109,U097112,2026-03-23,546.08,Basic,Failed
T0008110,U097130,2026-04-01,582.77,Premium,Success
T0008111,U097133,2026-03-03,775.79,Pro,Success
T0008112,U097161,2026-02-22,536.75,Basic,Success
T0008113,U097169,2026-03-08,1201.03,Pro,Success
T0008114,U097178,2026-04-08,868.88,Basic,Failed
T0008115,U097180,2026-03-26,225.4,Pro,Success
T0008116,U097181,2026-02-20,337.01,Basic,Success
T0008117,U097226,2026-04-06,442.87,Pro,Success
T0008118,U097234,2026-02-28,950.77,Premium,Success
T0008119,U097235,2026-04-06,536.62,Basic,Failed
T0008120,U097260,2026-03-25,1840.02,Basic,Success
T0008121,U097263,2026-03-14,399.66,Pro,Success
T0008122,U097265,2026-02-12,1704.49,Basic,Failed
T0008123,U097274,2026-04-11,82.74,Pro,Success
T0008124,U097287,2026-02-25,447.95,Pro,Success
T0008125,U097292,2026-02-11,919.71,Pro,Success
T0008126,U097297,2026-02-10,205.76,Pro,Success
T0008127,U097308,2026-02-23,1000.32,Pro,Success
T0008128,U097316,2026-03-06,302.64,Basic,Success
T0008129,U097320,2026-02-06,1261.35,Pro,Success
T0008130,U097334,2026-02-16,933.53,Basic,Success
T0008131,U097345,2026-02-01,780.7,Basic,Success
T0008132,U097349,2026-04-05,707.68,Pro,Success
T0008133,U097352,2026-03-29,376.98,Basic,Success
T0008134,U097356,2026-01-25,540.97,Premium,Success
T0008135,U097362,2026-03-14,780.54,Pro,Success
T0008136,U097386,2026-02-16,377.22,Pro,Success
T0008137,U097397,2026-03-03,560.56,Basic,Success
T0008138,U097420,2026-04-04,895.2,Pro,Success
T0008139,U097438,2026-01-15,951.93,Premium,Success
T0008140,U097446,2026-02-10,720.15,Premium,Success
T0008141,U097451,2026-03-08,198.16,Basic,Success
T0008142,U097484,2026-03-01,488.85,Pro,Success
T0008143,U097489,2026-03-07,1340.03,Basic,Success
T0008144,U097493,2026-02-09,216.97,Basic,Success
T0008145,U097497,2026-01-26,584.56,Basic,Success
T0008146,U097499,2026-02-08,626.56,Basic,Success
T0008147,U097507,2026-04-10,403.32,Basic,Success
T0008148,U097510,2026-02-04,746.66,Basic,Success
T0008149,U097512,2026-03-07,408.75,Pro,Success
T0008150,U097527,2026-02-01,656.16,Basic,Success
T0008151,U097545,2026-03-20,865.62,Basic,Success
T0008152,U097575,2026-02-07,415.98,Basic,Success
T0008153,U097577,2026-03-01,1199.75,Pro,Success
T0008154,U097619,2026-03-21,340.77,Pro,Success
T0008155,U097629,2026-02-03,344.32,Pro,Success
T0008156,U097640,2026-02-15,200.99,Pro,Success
T0008157,U097654,2026-04-02,630.91,Premium,Success
T0008158,U097662,2026-02-05,581.8,Pro,Success
T0008159,U097668,2026-03-25,446.81,Basic,Success
T0008160,U097686,2026-03-27,1432.23,Pro,Success
T0008161,U097709,2026-03-09,827.62,Basic,Success
T0008162,U097713,2026-01-31,227.74,Pro,Success
T0008163,U097714,2026-04-11,1349.85,Pro,Success
T0008164,U097726,2026-03-03,717.91,Basic,Success
T0008165,U097729,2026-04-12,446.21,Pro,Failed
T0008166,U097742,2026-04-27,783.05,Premium,Success
T0008167,U097793,2026-04-08,178.4,Pro,Success
T0008168,U097798,2026-03-26,253.57,Premium,Success
T0008169,U097825,2026-02-19,1102.68,Basic,Success
T0008170,U097864,2026-02-01,274.54,Basic,Success
T0008171,U097888,2026-03-01,158.48,Premium,Success
T0008172,U097904,2026-03-16,336.95,Premium,Success
T0008173,U097911,2026-03-17,876.33,Basic,Failed
T0008174,U097913,2026-02-27,738.2,Premium,Success
T0008175,U097920,2026-03-22,810.21,Pro,Success
T0008176,U097926,2026-02-10,111.72,Basic,Success
T0008177,U097928,2026-03-30,960.16,Basic,Success
T0008178,U097929,2026-01-16,702.39,Basic,Success
T0008179,U097935,2026-02-05,716.59,Basic,Success
T0008180,U097944,2026-01-16,1703.98,Basic,Success
T0008181,U097970,2026-03-20,664.8,Premium,Success
T0008182,U097983,2026-02-18,927.82,Basic,Success
T0008183,U097990,2026-03-25,452.15,Basic,Success
T0008184,U097998,2026-02-09,631.01,Pro,Success
T0008185,U098010,2026-02-07,956.71,Premium,Success
T0008186,U098024,2026-03-20,136.83,Basic,Success
T0008187,U098025,2026-04-13,618.53,Basic,Failed
T0008188,U098031,2026-01-25,401.43,Premium,Success
T0008189,U098049,2026-02-28,804.9,Basic,Success
T0008190,U098062,2026-03-21,623.35,Basic,Success
T0008191,U098065,2026-04-02,605.08,Pro,Success
T0008192,U098070,2026-02-26,204.54,Pro,Success
T0008193,U098076,2026-04-11,216.42,Premium,Success
T0008194,U098087,2026-02-07,1652.5,Basic,Success
T0008195,U098100,2026-03-30,1628.12,Pro,Success
T0008196,U098125,2026-03-08,562.7,Basic,Success
T0008197,U098126,2026-03-02,521.36,Premium,Failed
T0008198,U098133,2026-03-21,844.15,Basic,Success
T0008199,U098145,2026-03-03,458.35,Basic,Success
T0008200,U098146,2026-01-13,728.51,Basic,Success
T0008201,U098168,2026-02-13,1075.09,Pro,Success
T0008202,U098184,2026-03-16,389.72,Pro,Success
T0008203,U098185,2026-02-21,435.1,Premium,Success
T0008204,U098187,2026-04-17,1380.57,Basic,Success
T0008205,U098193,2026-04-10,178.45,Premium,Failed
T0008206,U098194,2026-01-15,482.7,Basic,Success
T0008207,U098216,2026-01-28,833.36,Basic,Success
T0008208,U098226,2026-04-26,522.95,Basic,Success
T0008209,U098245,2026-03-09,223.81,Premium,Success
T0008210,U098257,2026-04-03,879.18,Pro,Success
T0008211,U098260,2026-03-28,219.25,Pro,Success
T0008212,U098261,2026-02-21,190.35,Pro,Success
T0008213,U098276,2026-02-11,2094.5,Premium,Success
T0008214,U098294,2026-03-14,585.35,Basic,Success
T0008215,U098297,2026-01-20,729.65,Basic,Failed
T0008216,U098298,2026-04-13,1145.31,Basic,Success
T0008217,U098316,2026-03-30,1074.24,Basic,Success
T0008218,U098319,2026-03-31,574.14,Pro,Failed
T0008219,U098324,2026-03-31,637.47,Basic,Success
T0008220,U098334,2026-01-06,546.68,Pro,Success
T0008221,U098335,2026-02-06,596.07,Basic,Success
T0008222,U098346,2026-02-17,601.56,Pro,Success
T0008223,U098360,2026-03-24,1273.93,Pro,Success
T0008224,U098370,2026-03-21,558.3,Premium,Success
T0008225,U098383,2026-04-01,1106.58,Basic,Success
T0008226,U098387,2026-03-24,782.26,Basic,Success
T0008227,U098388,2026-01-13,480.58,Pro,Success
T0008228,U098390,2026-03-16,187.12,Pro,Success
T0008229,U098392,2026-01-27,399.35,Pro,Success
T0008230,U098420,2026-04-15,296.09,Basic,Success
T0008231,U098431,2026-01-23,1241.93,Pro,Success
T0008232,U098441,2026-02-02,279.51,Basic,Success
T0008233,U098443,2026-02-02,223.52,Basic,Success
T0008234,U098444,2026-03-13,639.47,Premium,Success
T0008235,U098465,2026-03-08,633.74,Basic,Success
T0008236,U098477,2026-04-09,805.73,Pro,Success
T0008237,U098495,2026-02-09,806.03,Basic,Success
T0008238,U098513,2026-03-23,1532.86,Basic,Success
T0008239,U098530,2026-02-26,412.4,Premium,Success
T0008240,U098533,2026-02-01,1194.88,Premium,Success
T0008241,U098546,2026-03-30,1677.69,Premium,Success
T0008242,U098575,2026-02-25,1230.5,Pro,Success
T0008243,U098579,2026-02-24,286.2,Premium,Success
T0008244,U098588,2026-03-26,193.83,Basic,Success
T0008245,U098594,2026-02-06,953.06,Basic,Success
T0008246,U098608,2026-03-05,503.08,Premium,Success
T0008247,U098614,2026-03-17,955.17,Basic,Success
T0008248,U098631,2026-02-11,887.34,Pro,Success
T0008249,U098660,2026-03-20,332.43,Pro,Success
T0008250,U098663,2026-03-01,775.71,Premium,Success
T0008251,U098683,2026-02-25,617.87,Premium,Success
T0008252,U098692,2026-04-10,894.7,Premium,Success
T0008253,U098700,2026-03-21,496.63,Premium,Success
T0008254,U098706,2026-03-05,1197.75,Basic,Success
T0008255,U098719,2026-04-03,304.48,Basic,Failed
T0008256,U098738,2026-03-16,1220.88,Pro,Success
T0008257,U098745,2026-02-11,379.1,Pro,Success
T0008258,U098777,2026-03-11,702.65,Pro,Success
T0008259,U098788,2026-03-16,1171.82,Basic,Success
T0008260,U098790,2026-03-15,699.12,Basic,Success
T0008261,U098797,2026-04-17,1220.04,Basic,Success
T0008262,U098811,2026-02-22,405.34,Premium,Success
T0008263,U098822,2026-02-24,834.28,Basic,Success
T0008264,U098881,2026-03-03,476.58,Premium,Success
T0008265,U098924,2026-01-11,465.05,Premium,Success
T0008266,U098933,2026-02-03,295.53,Pro,Success
T0008267,U098941,2026-01-21,925.36,Pro,Success
T0008268,U098959,2026-01-29,546.22,Pro,Success
T0008269,U098979,2026-02-23,1103.04,Pro,Success
T0008270,U098981,2026-02-27,527.85,Premium,Success
T0008271,U098993,2026-03-13,308.32,Pro,Success
T0008272,U098996,2026-04-15,653.0,Pro,Success
T0008273,U099017,2026-03-15,221.56,Pro,Success
T0008274,U099025,2026-03-20,173.13,Pro,Success
T0008275,U099033,2026-02-22,411.91,Pro,Success
T0008276,U099049,2026-03-19,556.37,Basic,Success
T0008277,U099055,2026-03-20,476.26,Premium,Success
T0008278,U099056,2026-04-19,652.69,Pro,Success
T0008279,U099087,2026-02-26,489.89,Basic,Success
T0008280,U099088,2026-04-05,741.01,Pro,Success
T0008281,U099105,2026-04-16,422.73,Basic,Success
T0008282,U099109,2026-02-21,939.24,Premium,Success
T0008283,U099119,2026-04-23,415.16,Basic,Success
T0008284,U099136,2026-04-16,255.75,Basic,Success
T0008285,U099143,2026-04-09,404.84,Basic,Success
T0008286,U099148,2026-03-26,366.82,Pro,Success
T0008287,U099186,2026-04-26,281.16,Basic,Success
T0008288,U099194,2026-03-20,1802.99,Premium,Success
T0008289,U099198,2026-02-20,161.99,Basic,Success
T0008290,U099199,2026-04-02,1952.07,Basic,Success
T0008291,U099200,2026-04-09,571.17,Pro,Success
T0008292,U099208,2026-03-27,410.02,Pro,Success
T0008293,U099241,2026-04-19,477.63,Basic,Success
T0008294,U099245,2026-04-04,333.89,Pro,Success
T0008295,U099250,2026-03-01,924.32,Basic,Success
T0008296,U099269,2026-01-27,268.92,Premium,Failed
T0008297,U099279,2026-02-02,508.71,Pro,Success
T0008298,U099288,2026-02-13,725.52,Basic,Success
T0008299,U099295,2026-02-23,1016.1,Basic,Success
T0008300,U099297,2026-01-20,295.14,Pro,Success
T0008301,U099314,2026-01-15,476.24,Basic,Success
T0008302,U099315,2026-01-27,1143.47,Basic,Success
T0008303,U099318,2026-03-19,522.98,Basic,Success
T0008304,U099320,2026-04-05,784.66,Basic,Success
T0008305,U099327,2026-04-09,804.35,Basic,Success
T0008306,U099359,2026-03-18,683.72,Basic,Success
T0008307,U099361,2026-04-09,1095.43,Pro,Success
T0008308,U099377,2026-03-07,1896.81,Basic,Success
T0008309,U099399,2026-02-01,122.02,Premium,Success
T0008310,U099420,2026-04-05,840.28,Pro,Failed
T0008311,U099431,2026-04-11,924.75,Basic,Success
T0008312,U099437,2026-01-25,1031.38,Basic,Success
T0008313,U099438,2026-04-21,246.62,Pro,Success
T0008314,U099439,2026-01-23,208.36,Pro,Success
T0008315,U099441,2026-02-25,347.67,Basic,Failed
T0008316,U099443,2026-02-14,503.25,Pro,Success
T0008317,U099450,2026-01-29,526.75,Basic,Success
T0008318,U099451,2026-01-10,615.62,Basic,Success
T0008319,U099479,2026-02-23,417.84,Basic,Success
T0008320,U099496,2026-03-27,754.54,Basic,Success
T0008321,U099507,2026-04-03,215.35,Basic,Success
T0008322,U099508,2026-03-14,1185.7,Basic,Success
T0008323,U099534,2026-04-02,690.35,Basic,Success
T0008324,U099537,2026-03-13,514.92,Basic,Success
T0008325,U099538,2026-03-19,496.61,Basic,Success
T0008326,U099563,2026-02-13,985.48,Basic,Success
T0008327,U099565,2026-03-07,816.99,Basic,Success
T0008328,U099575,2026-02-17,159.61,Basic,Success
T0008329,U099579,2026-02-09,189.55,Basic,Success
T0008330,U099597,2026-02-13,320.25,Basic,Success
T0008331,U099620,2026-03-30,448.77,Premium,Failed
T0008332,U099640,2026-01-25,700.71,Basic,Success
T0008333,U099643,2026-03-30,1013.8,Pro,Success
T0008334,U099651,2026-02-01,345.87,Pro,Success
T0008335,U099663,2026-04-05,1088.81,Premium,Success
T0008336,U099675,2026-02-04,431.16,Pro,Success
T0008337,U099677,2026-03-15,672.52,Pro,Success
T0008338,U099678,2026-01-12,952.65,Pro,Success
T0008339,U099717,2026-03-22,766.06,Pro,Success
T0008340,U099719,2026-01-21,1000.48,Pro,Success
T0008341,U099722,2026-03-18,939.52,Basic,Success
T0008342,U099746,2026-02-27,339.6,Basic,Success
T0008343,U099749,2026-02-22,1122.63,Basic,Success
T0008344,U099756,2026-03-28,222.3,Premium,Success
T0008345,U099764,2026-02-01,479.94,Premium,Success
T0008346,U099765,2026-03-01,1088.43,Premium,Success
T0008347,U099780,2026-03-03,621.8,Pro,Success
T0008348,U099787,2026-04-02,267.2,Pro,Success
T0008349,U099796,2026-03-11,478.16,Basic,Success
T0008350,U099833,2026-03-01,1114.86,Pro,Success
T0008351,U099845,2026-03-05,160.21,Premium,Success
T0008352,U099850,2026-04-15,1128.44,Pro,Success
T0008353,U099859,2026-02-19,455.58,Basic,Failed
T0008354,U099901,2026-02-17,471.47,Pro,Success
T0008355,U099903,2026-04-12,1320.85,Pro,Success
T0008356,U099915,2026-02-05,425.73,Pro,Success
T0008357,U099949,2026-02-20,104.06,Basic,Success
T0008358,U099953,2026-04-14,833.94,Pro,Success
T0008359,U099956,2026-01-10,579.69,Basic,Success
T0008360,U099988,2026-04-03,1026.15,Basic,Failed
